1e+20,21,28,44,55,28,12,0,7,62,21,15,0,10,27,10,29,40,20,8,46,65,57,50,8,67,12,12,10,0,10,17,48,12,12,10,51,40,33,50,0,33,9,0,65,48,38,24,62,39,58,12,65,0,59,40,27,0,48,61,10,21,10,12,48,39,28,10,40,0,0,51,0,67,55,40,29,44,60,10,30,31,28,48,52,144,65,51,12,11,40,0,10,24,15,40,33,36,27,54,39,59,52,55,40,40,65,15,58,51,46,41,12,24,12,30,40,9,35,22,0,40,38,60,25,12,12,0,10,47,65,10,0,20,8,15,50,62,0,50,144,10,30,10,57,44,65,31,11,65,59,48,42,39,40,49,34,12,45,0,27,65,14,61,0,33,0,38,48,52,40,17,58,41,27,72,40,38,10,43
21,1e+20,28,28,21,0,66,79,57,28,45,15,40,42,0,7,21,21,38,40,21,21,42,21,87,54,8,7,21,96,0,58,21,85,0,14,21,28,0,21,0,21,9,0,21,21,0,0,10,8,21,7,35,0,21,0,0,0,0,45,8,144,0,0,21,75,0,21,59,86,40,39,0,54,21,21,21,28,21,47,28,21,0,21,35,21,21,21,8,45,0,8,8,0,0,7,21,0,28,21,21,21,0,11,0,0,21,7,21,0,21,21,7,8,7,41,13,9,21,0,0,59,86,21,7,65,8,75,0,28,21,8,0,8,73,8,21,0,8,28,21,0,28,7,42,0,21,21,0,28,21,21,21,21,8,21,0,7,21,0,0,28,0,0,0,0,0,0,0,21,0,58,21,28,0,21,7,21,8,0
28,28,1e+20,50,57,76,29,10,40,50,47,55,55,41,7,83,52,28,46,24,66,32,67,35,64,21,62,55,76,52,40,38,37,40,43,56,21,40,48,28,0,33,40,55,62,33,23,43,10,16,21,24,45,10,21,16,7,16,0,47,55,28,76,55,66,12,76,76,62,29,55,20,55,21,57,70,52,50,28,40,65,59,16,40,74,28,30,39,55,46,10,11,41,43,16,10,33,0,50,29,21,0,0,11,0,0,50,26,21,23,66,21,24,47,60,28,13,40,30,51,48,62,31,28,55,14,55,13,55,47,30,60,55,55,16,55,35,44,62,58,28,76,65,55,67,55,32,59,66,52,0,21,21,21,27,28,51,60,21,16,7,29,7,11,0,48,11,23,23,0,0,38,14,34,10,21,10,21,41,14
44,28,50,1e+20,54,63,20,0,42,79,42,44,25,54,23,63,39,53,44,24,70,47,48,32,31,32,15,15,63,13,52,59,32,15,43,57,39,47,52,0,18,51,55,31,74,58,18,14,23,28,0,8,53,15,32,0,18,9,0,49,31,28,63,63,77,7,63,63,32,0,25,11,31,32,54,81,39,144,32,40,40,65,0,57,67,44,77,46,63,34,18,12,54,14,0,25,51,18,63,13,12,0,0,7,12,8,78,15,0,13,63,32,8,46,40,38,23,55,53,46,48,32,24,32,54,29,63,7,63,46,77,52,31,13,0,40,32,54,31,54,44,77,40,73,48,55,47,65,42,33,0,32,7,12,12,13,60,40,32,9,18,77,12,28,18,52,9,18,0,0,0,59,11,57,0,12,25,32,54,0
55,21,57,54,1e+20,54,11,11,11,88,47,62,25,41,0,54,29,51,46,35,54,45,48,38,41,49,11,11,54,11,40,46,45,0,54,39,39,40,29,41,23,41,40,54,65,55,13,0,10,21,45,20,40,24,52,10,13,19,56,49,54,21,65,67,54,12,54,54,67,11,25,9,54,49,144,54,29,54,44,40,33,46,10,38,52,55,69,39,61,37,65,22,52,0,10,64,41,13,54,56,39,45,0,11,45,8,40,10,45,23,65,41,20,35,56,39,11,40,48,40,58,67,31,44,22,0,61,21,54,96,69,65,54,30,10,42,38,55,21,80,55,54,33,54,48,54,45,46,65,56,45,45,53,39,34,50,43,56,45,19,13,45,0,13,23,29,10,13,10,45,45,46,56,54,11,52,64,38,52,0
28,0,76,63,54,1e+20,32,39,39,37,63,109,39,41,8,75,39,48,46,32,67,47,81,56,40,42,43,44,69,32,40,46,44,32,53,39,46,8,45,24,0,33,47,91,62,64,29,32,29,16,16,0,33,7,16,29,16,7,16,49,92,0,100,71,68,45,144,69,25,32,39,32,100,42,54,68,39,63,54,47,49,52,16,47,52,28,82,48,86,32,16,0,41,32,7,16,33,0,93,13,16,16,0,16,16,16,53,13,16,24,75,16,0,43,40,28,16,47,35,56,48,25,56,54,54,27,86,32,100,53,82,75,100,32,7,81,56,48,32,40,28,68,49,100,81,83,47,52,92,24,16,40,13,16,16,16,58,40,7,7,16,44,21,16,0,45,11,29,29,16,16,46,16,0,23,23,16,53,41,24
12,66,29,20,11,32,1e+20,76,70,0,59,0,68,54,25,17,52,22,59,59,7,17,35,44,59,30,59,59,7,78,18,56,7,59,20,0,31,7,0,0,0,7,37,13,10,18,18,43,18,33,20,13,7,0,19,7,18,7,8,55,61,66,7,43,36,79,32,7,38,89,68,39,65,30,11,0,52,20,17,47,34,7,0,8,18,12,25,7,34,67,0,0,33,43,12,0,7,18,35,23,14,20,38,18,7,18,7,0,20,0,0,18,13,0,12,36,16,37,0,0,0,38,59,17,66,74,34,83,7,14,25,7,47,59,77,77,44,9,73,7,12,14,34,14,35,47,17,7,42,18,20,20,0,14,12,0,20,12,0,7,18,7,25,21,0,0,18,18,18,27,0,56,7,18,15,0,0,19,33,7
0,79,10,0,11,39,76,1e+20,64,0,79,0,94,42,0,0,76,17,80,64,0,7,35,17,79,40,79,79,0,96,10,65,0,88,20,0,15,7,0,13,0,8,17,0,15,17,0,45,0,17,0,20,0,17,17,0,15,22,0,45,66,79,17,31,36,75,39,0,38,102,94,41,49,40,11,15,76,0,0,62,0,7,0,0,10,0,17,0,13,47,33,20,28,45,21,13,8,0,35,13,0,15,8,20,15,0,7,0,0,0,9,0,20,0,11,47,0,17,0,0,0,38,78,0,56,73,13,79,7,0,17,7,7,79,79,61,17,13,79,7,0,0,0,0,35,15,7,7,42,17,15,0,20,0,0,0,0,11,0,22,15,0,17,0,0,0,15,0,0,7,15,65,17,0,13,0,13,27,28,0
7,57,40,42,11,39,70,64,1e+20,7,51,47,97,100,17,31,52,0,38,40,47,7,35,7,87,36,86,82,0,103,57,108,9,57,7,7,16,0,36,0,0,0,40,40,16,0,0,62,7,11,7,0,7,0,16,0,7,29,7,52,47,57,40,40,43,57,39,0,38,57,97,32,40,36,11,40,52,42,0,87,0,7,7,62,7,7,16,0,40,48,0,26,51,62,8,7,0,0,68,11,0,22,0,0,22,0,7,7,7,7,0,7,0,35,51,33,7,40,0,7,40,38,78,0,47,62,40,75,40,47,16,40,40,87,57,84,7,40,45,14,7,0,0,40,35,62,7,7,47,11,22,24,0,0,11,0,16,51,0,29,7,7,0,7,0,36,0,0,0,0,22,108,7,0,0,7,7,10,51,0
62,28,50,79,88,37,0,0,7,1e+20,21,52,25,37,0,37,29,40,37,24,61,61,45,44,8,55,0,0,37,0,49,45,36,0,37,65,39,45,48,41,0,33,52,37,37,48,64,0,55,0,46,7,57,15,74,0,38,9,43,49,37,28,37,37,37,26,37,37,57,0,25,38,37,55,88,58,29,79,44,37,57,56,7,55,44,62,60,36,37,33,55,0,37,0,12,62,33,0,55,54,39,47,0,7,51,8,61,7,46,51,61,41,7,42,55,28,61,52,42,37,37,57,36,44,22,15,37,0,37,89,60,37,37,20,0,37,44,85,0,75,62,37,57,37,45,37,61,56,46,62,47,61,42,39,38,38,61,55,45,9,38,62,0,13,0,48,0,64,0,62,45,45,47,45,0,74,62,38,37,36
21,45,47,42,47,63,59,79,51,21,1e+20,62,93,52,0,47,56,0,84,72,34,0,56,0,93,57,84,82,47,84,40,49,9,92,43,39,9,0,50,33,0,18,40,65,0,21,21,46,21,21,21,7,45,9,21,21,32,19,21,37,54,45,54,78,36,96,63,47,62,82,93,53,47,57,47,47,56,42,0,40,61,0,21,52,0,21,9,21,56,78,21,30,52,46,9,21,18,0,47,23,21,21,0,21,34,33,16,0,21,21,37,21,7,35,51,68,39,40,19,61,47,62,89,0,77,38,56,37,54,53,9,47,54,104,37,62,0,44,84,40,21,47,61,47,56,64,0,0,84,21,21,8,21,21,28,21,63,51,36,19,32,9,23,21,0,50,0,21,21,21,21,49,21,21,9,21,21,8,52,21
15,15,55,44,62,109,0,0,47,52,62,1e+20,80,41,0,88,62,0,53,32,34,15,70,10,62,28,90,55,109,52,47,38,15,13,53,46,7,22,44,15,0,40,56,91,62,7,28,50,28,0,15,0,33,7,15,13,0,7,22,49,92,15,109,102,79,15,109,109,40,52,80,15,102,28,62,93,62,44,0,47,48,54,0,46,52,15,22,32,90,26,15,0,41,50,7,15,40,0,74,28,15,15,0,0,15,0,55,13,15,15,83,28,0,35,40,35,15,56,0,55,58,40,35,0,78,27,90,0,102,61,22,74,102,87,7,86,10,71,86,55,15,109,48,102,70,91,15,54,92,15,15,8,15,15,15,15,64,40,15,7,0,15,7,0,0,44,0,28,13,15,15,38,21,15,7,22,15,0,41,22
0,40,55,25,25,39,68,94,97,25,93,80,1e+20,42,0,25,76,12,84,64,25,7,35,9,106,29,86,82,32,96,25,81,0,85,25,25,25,0,25,0,0,32,55,66,25,0,0,58,0,0,0,0,0,12,9,0,24,24,0,45,101,40,25,66,68,75,39,32,63,64,144,32,106,29,25,25,76,25,7,65,32,25,0,25,0,0,18,0,66,75,0,0,25,58,17,12,32,11,35,0,12,0,8,0,17,0,25,0,0,12,25,0,0,25,25,58,0,55,0,25,48,63,98,7,78,79,66,82,66,25,18,51,112,87,89,94,9,25,86,32,0,25,32,66,35,65,7,25,92,0,0,0,7,12,0,0,25,25,7,24,24,0,9,0,0,25,16,0,7,7,17,81,0,12,0,0,12,19,25,0
10,42,41,54,41,41,54,42,100,37,52,41,42,1e+20,7,48,49,62,41,40,41,47,76,38,42,29,55,42,48,61,47,96,9,49,59,46,39,0,29,7,18,40,49,41,48,41,0,49,0,20,14,13,33,18,10,7,0,0,8,83,41,42,48,41,41,42,41,48,45,42,42,32,48,29,41,41,49,54,41,89,49,46,0,42,41,10,55,32,55,45,0,12,72,49,12,11,40,18,69,22,16,14,14,0,7,0,40,0,14,13,41,0,13,35,54,40,14,49,35,40,41,45,42,41,64,55,55,49,48,48,55,41,41,42,42,83,38,41,78,40,10,48,49,48,76,48,47,46,50,30,14,40,0,16,12,0,50,54,0,0,0,38,0,9,18,29,13,0,7,27,0,96,14,0,0,0,11,38,72,14
27,0,7,23,0,8,25,0,17,0,0,0,0,7,1e+20,24,11,39,10,13,27,26,9,18,7,12,0,9,8,7,59,9,24,7,0,0,40,15,0,9,10,12,20,13,28,24,18,18,19,13,12,8,0,0,28,12,27,0,0,0,0,0,0,7,17,20,8,8,11,8,0,10,12,12,0,0,11,23,24,7,24,12,7,17,20,27,14,17,0,15,0,15,10,18,17,0,12,47,9,0,14,15,47,0,7,27,0,0,12,21,0,10,8,17,12,20,0,20,0,12,0,11,18,24,24,7,0,7,7,13,14,19,0,0,20,15,18,9,0,17,27,21,24,20,9,25,26,12,0,10,15,27,0,14,0,14,0,12,0,0,27,0,14,12,10,0,56,18,8,0,0,9,17,20,31,0,0,0,10,16
10,7,83,63,54,75,17,0,31,37,47,88,25,48,24,1e+20,14,57,49,24,67,66,48,54,33,12,0,7,96,7,57,46,43,7,43,39,72,14,36,7,0,48,57,101,76,65,17,28,17,20,7,7,40,14,7,18,17,0,0,49,88,7,88,71,89,13,75,96,25,14,25,7,95,12,54,88,14,63,44,48,40,46,7,39,76,10,69,38,86,41,0,0,41,28,15,0,48,17,72,0,14,0,17,0,7,17,40,0,7,7,90,0,7,42,52,35,0,57,35,47,48,25,20,44,29,14,86,7,95,63,69,74,95,0,16,57,54,53,31,40,10,88,40,88,48,71,66,46,98,7,0,47,7,14,0,14,42,52,7,0,17,39,18,12,0,36,17,17,7,0,0,46,7,17,22,0,0,38,41,7
29,21,52,39,29,39,52,76,52,29,56,62,76,49,11,14,1e+20,29,52,52,36,45,35,41,52,29,64,61,7,59,21,52,44,59,0,0,41,39,0,29,0,18,15,52,15,29,11,43,10,11,40,8,41,12,41,11,15,22,29,74,63,21,0,52,36,52,39,7,52,67,76,32,58,29,29,29,144,39,29,77,29,30,0,27,37,29,41,54,36,52,0,0,0,43,23,0,18,0,46,29,29,29,15,15,51,0,36,15,40,0,40,29,8,0,0,40,0,15,29,18,48,52,52,29,59,52,36,59,59,39,41,51,59,52,41,56,41,0,52,39,29,10,29,17,35,59,45,30,52,29,29,36,36,29,0,39,29,0,51,22,15,39,12,0,0,0,15,11,0,36,15,52,44,29,0,29,0,63,0,0
40,21,28,53,51,48,22,17,0,40,0,0,12,62,39,57,29,1e+20,13,13,40,64,58,76,0,49,23,0,40,19,87,16,51,0,40,46,78,48,29,14,7,40,20,13,47,47,18,18,10,20,0,7,40,7,22,0,0,9,7,47,21,21,40,7,53,0,48,40,40,22,12,0,0,49,51,40,29,53,56,40,40,46,7,8,65,40,58,32,13,34,7,9,62,18,9,16,40,52,47,62,14,7,39,8,0,27,47,7,0,23,44,40,7,51,52,45,7,20,42,40,48,40,20,56,0,0,13,22,0,40,58,7,0,18,22,29,76,49,22,49,40,40,40,40,58,18,64,46,0,67,7,51,40,14,7,58,40,52,40,9,0,51,22,12,7,29,59,18,8,7,11,16,23,60,16,32,16,60,62,16
20,38,46,44,46,46,59,80,38,37,84,53,84,41,10,49,52,13,1e+20,62,46,18,42,13,84,40,63,71,53,71,41,58,19,71,43,39,16,0,29,9,0,22,49,46,46,13,0,51,0,0,14,14,20,14,16,0,11,21,0,38,46,38,53,77,60,38,46,53,63,78,84,43,46,40,46,53,52,44,20,52,33,39,14,31,24,20,13,13,57,63,9,25,41,51,34,0,22,0,46,21,0,0,0,10,0,12,13,10,14,0,46,0,14,35,40,61,14,49,14,40,46,63,69,20,33,38,57,38,53,47,13,57,60,71,54,49,13,44,44,51,20,46,33,46,42,46,18,39,57,7,0,13,14,0,11,0,42,40,14,21,11,13,16,11,0,29,0,0,7,7,0,58,0,9,9,0,0,16,41,0
8,40,24,24,35,32,59,64,40,24,72,32,64,40,13,24,52,13,62,1e+20,24,0,43,0,64,37,64,86,24,64,24,40,13,64,62,24,0,23,40,12,0,0,35,24,24,18,8,43,8,15,0,43,0,17,8,8,8,0,8,40,24,40,41,55,24,48,32,24,62,64,64,40,24,37,35,24,52,24,13,40,24,31,8,41,10,8,22,8,24,61,8,0,45,43,0,13,0,0,28,8,8,16,0,21,8,8,0,16,0,13,33,20,43,24,24,67,8,35,0,32,24,62,61,13,64,40,24,40,24,31,22,24,24,72,40,52,0,37,64,24,8,24,24,24,43,32,0,31,64,18,16,0,0,8,13,21,32,24,0,0,8,0,17,8,0,40,9,8,8,20,16,40,17,0,13,8,13,8,45,9
46,21,66,70,54,67,7,0,47,61,34,34,25,41,27,67,36,40,46,24,1e+20,33,48,44,40,33,7,7,67,7,40,51,40,7,43,39,47,40,29,17,0,33,43,34,62,58,18,0,10,36,7,7,66,0,27,30,0,35,0,49,34,21,67,41,67,14,67,67,50,7,25,7,41,33,54,67,36,70,82,40,45,64,34,44,52,46,74,63,34,26,0,13,41,0,35,0,33,0,65,18,50,13,0,13,0,0,67,19,7,0,86,33,7,35,40,35,0,43,63,40,34,50,20,82,29,28,34,13,67,46,74,41,34,0,18,42,44,44,34,47,46,74,45,74,48,72,33,64,34,33,13,55,25,50,0,26,42,40,33,35,0,64,0,0,0,29,11,18,18,0,0,51,25,33,0,32,0,38,41,0
65,21,32,47,45,47,17,7,7,61,0,15,7,47,26,66,45,64,18,0,33,1e+20,47,54,9,63,24,19,55,0,66,8,36,15,40,39,56,40,45,41,0,42,17,13,49,48,17,40,10,13,46,0,96,7,59,9,17,7,43,49,7,21,47,7,53,13,47,55,41,8,7,11,9,63,45,40,45,47,44,54,63,89,0,55,88,65,67,39,9,22,0,0,0,40,7,0,42,17,67,54,53,43,17,0,50,17,87,28,46,0,90,57,0,28,73,35,0,17,35,68,0,41,20,44,17,28,9,7,14,46,67,24,14,0,9,22,54,49,0,68,65,47,63,7,47,24,144,89,11,86,43,48,42,53,0,37,74,73,52,7,17,96,21,40,0,45,17,17,7,78,43,8,43,58,15,43,0,45,0,0
57,42,67,48,48,81,35,35,35,45,56,70,35,76,9,48,35,58,42,43,48,47,1e+20,47,43,46,43,35,48,35,40,80,45,35,63,46,39,8,62,9,13,33,56,76,50,65,38,35,46,39,0,0,33,13,56,39,27,0,39,76,76,42,48,41,42,61,81,48,42,35,35,71,76,46,48,48,35,48,49,75,42,48,28,66,48,57,61,68,48,35,39,0,50,35,0,50,33,13,69,12,52,39,9,39,39,39,47,0,0,39,48,28,0,44,53,40,39,56,35,62,48,42,51,49,60,35,48,35,48,48,61,74,76,55,35,50,47,46,47,40,57,48,42,48,144,78,47,48,50,39,39,47,0,52,39,35,75,53,7,0,27,38,23,39,13,62,13,38,39,53,39,80,46,7,15,39,50,46,50,49
50,21,35,32,38,56,44,17,7,44,0,10,9,38,18,54,41,76,13,0,44,54,47,1e+20,0,49,21,10,38,19,38,16,58,10,66,45,67,45,46,47,9,41,38,22,48,61,16,19,26,36,52,20,45,8,22,16,16,7,8,52,31,21,38,17,36,20,56,38,40,22,9,16,0,49,38,38,41,32,60,38,66,67,26,18,54,50,56,42,27,37,0,0,22,19,11,11,41,16,54,68,52,14,30,23,11,16,55,17,52,21,38,54,20,25,50,45,7,38,53,45,10,40,30,60,16,10,27,22,7,45,56,7,7,34,22,22,144,47,10,38,50,38,66,0,47,16,54,67,0,66,14,56,55,52,11,51,38,50,38,7,16,41,31,25,9,46,16,16,24,27,8,16,14,69,29,43,11,60,22,7
8,87,64,31,41,40,59,79,87,8,93,62,106,42,7,33,52,0,84,64,40,9,43,0,1e+20,38,86,82,33,96,33,50,16,94,33,0,0,7,29,8,0,0,33,62,0,8,8,50,8,15,8,0,9,0,8,8,0,0,8,45,51,87,33,71,45,82,40,33,71,86,106,49,69,38,41,33,52,31,7,47,33,7,15,31,9,8,9,15,62,63,8,9,33,50,0,8,0,0,35,8,8,8,0,8,8,8,0,0,8,8,0,8,0,33,33,61,8,33,0,33,33,71,107,7,87,83,62,75,33,41,9,51,62,87,73,86,0,41,86,50,8,0,33,40,43,62,9,7,92,15,8,15,8,8,17,15,17,33,8,0,0,0,0,17,0,29,0,8,8,8,8,50,8,8,0,8,8,8,33,8
67,54,21,32,49,42,30,40,36,55,57,28,29,29,12,12,29,49,40,37,33,63,46,49,38,1e+20,46,46,0,40,7,37,45,46,10,0,38,40,28,41,0,0,21,12,0,38,29,36,30,23,46,0,56,0,55,29,12,0,43,29,11,54,0,29,20,41,42,0,61,40,29,52,0,144,49,9,29,32,50,29,30,39,17,58,19,67,63,17,11,41,41,12,11,36,0,17,0,12,28,61,39,47,12,12,51,12,40,17,46,17,38,41,0,20,20,52,17,21,52,37,11,61,40,50,46,46,11,40,0,37,63,31,0,40,46,41,49,17,40,40,67,0,30,0,46,45,63,39,11,56,47,48,59,39,17,54,34,20,45,0,12,55,12,32,0,28,23,29,29,55,45,37,47,48,12,62,17,38,11,17
12,8,62,15,11,43,59,79,86,0,84,90,86,55,0,0,64,23,63,64,7,24,43,21,86,46,1e+20,98,0,86,7,86,0,61,13,14,0,7,17,7,13,0,47,86,0,7,0,50,13,14,0,7,17,13,21,0,0,14,7,45,86,8,0,93,44,75,43,0,24,59,86,41,86,46,11,0,64,15,0,47,9,17,7,47,17,12,28,14,86,70,7,0,14,50,7,11,0,13,44,13,13,0,0,0,0,0,24,17,0,7,14,17,7,47,20,40,7,47,7,26,48,24,78,0,78,72,86,82,86,0,28,81,93,96,48,93,21,12,95,17,12,0,9,58,43,54,24,17,91,19,0,0,0,13,7,7,0,20,7,14,0,14,21,17,13,17,13,0,0,20,0,86,13,7,0,0,11,21,14,13
12,7,55,15,11,44,59,79,82,0,82,55,82,42,9,7,61,0,71,86,7,19,35,10,82,46,98,1e+20,0,89,8,62,0,94,22,9,0,9,19,0,12,12,0,82,0,17,0,50,13,0,12,29,19,17,0,0,8,12,12,45,82,7,17,31,45,75,44,0,55,45,82,32,82,46,11,15,61,15,0,59,9,26,0,19,19,12,23,16,36,63,22,22,21,50,9,13,12,0,37,29,0,0,0,21,0,0,19,19,12,0,9,17,29,0,0,55,12,0,0,19,12,55,78,0,78,91,36,75,31,21,23,51,82,82,73,82,10,25,82,19,12,0,9,9,35,54,19,26,92,7,0,0,22,0,0,0,0,0,0,12,8,14,0,19,12,19,0,0,12,9,0,62,28,7,13,7,13,0,21,0
10,21,76,63,54,69,7,0,0,37,47,109,32,48,8,96,7,40,53,24,67,55,48,38,33,0,0,0,1e+20,0,48,46,36,0,43,39,54,0,29,0,0,48,47,91,70,48,0,11,0,0,0,0,40,14,7,8,0,7,0,49,92,21,127,71,79,0,69,144,25,7,32,0,129,0,54,107,7,63,44,48,40,58,0,31,52,10,69,32,93,26,0,0,41,11,15,0,48,0,73,0,0,0,0,0,7,0,47,0,0,0,83,0,0,35,40,35,0,47,35,40,48,25,20,44,22,0,93,0,129,56,69,74,129,0,8,42,38,44,0,40,10,123,40,117,48,63,55,58,100,0,0,40,7,0,0,0,42,40,7,7,0,39,7,0,0,29,0,0,7,7,0,46,7,0,0,0,0,45,41,0
0,96,52,13,11,32,78,96,103,0,84,52,96,61,7,7,59,19,71,64,7,0,35,19,96,40,86,89,0,1e+20,9,66,0,85,13,0,9,7,0,13,13,0,9,52,9,0,7,52,0,19,0,7,7,13,19,0,9,9,0,45,70,96,0,31,36,84,32,0,55,105,96,32,79,40,11,0,59,13,0,47,9,11,0,16,7,0,18,7,36,74,0,9,28,52,8,0,0,0,41,19,13,9,8,12,9,0,0,0,0,0,0,0,7,0,0,57,0,9,10,9,0,55,78,0,78,79,36,94,0,7,18,51,52,87,81,104,19,0,105,7,0,7,9,7,35,61,0,11,92,18,9,9,0,13,12,0,0,0,0,9,9,0,19,0,13,0,9,7,0,13,22,66,0,13,0,0,0,9,28,0
10,0,40,52,40,40,18,10,57,49,40,47,25,47,59,57,21,87,41,24,40,66,40,38,33,7,7,8,48,9,1e+20,46,9,14,47,51,89,0,37,0,12,56,60,53,63,40,12,18,7,0,19,12,40,12,12,11,22,16,12,40,40,0,40,40,64,10,40,48,25,8,25,7,51,7,40,52,21,52,40,58,44,57,7,38,40,10,40,39,40,41,12,10,40,18,16,33,56,12,56,8,14,10,8,8,17,27,47,7,19,12,40,7,12,42,40,28,11,60,55,58,53,25,20,40,29,14,40,15,47,48,40,40,40,12,11,49,38,50,40,40,10,47,44,47,40,57,66,57,47,7,10,48,7,14,0,12,48,40,0,16,22,46,8,24,12,37,56,12,7,8,18,46,7,27,0,12,33,48,40,0
17,58,38,59,46,46,56,65,108,45,49,38,81,96,9,46,52,16,58,40,51,8,80,16,50,37,86,62,46,66,46,1e+20,11,57,43,39,47,8,29,0,0,45,46,38,46,8,0,43,8,16,12,7,33,0,9,0,0,12,0,93,54,58,46,46,46,50,46,46,46,61,81,32,38,37,46,46,52,59,8,97,42,46,7,40,46,17,24,41,57,37,0,12,54,43,18,0,45,11,66,21,0,9,0,9,11,10,46,0,12,0,46,10,7,35,40,44,12,46,47,40,46,46,58,8,78,62,57,60,46,50,24,45,38,85,50,98,16,44,50,40,17,46,42,46,80,55,8,46,38,16,9,9,7,0,12,0,42,40,11,12,0,8,28,0,0,29,0,0,0,9,0,144,0,8,0,0,0,8,54,0
48,21,37,32,45,44,7,0,9,36,9,15,0,9,24,43,44,51,19,13,40,36,45,58,16,45,0,0,36,0,9,11,1e+20,16,51,36,36,44,29,45,0,44,9,13,46,36,0,15,10,9,36,18,45,19,36,9,0,0,0,53,14,21,36,7,45,0,44,36,42,8,0,0,9,45,45,36,44,32,43,7,39,47,0,16,36,48,36,49,22,0,0,9,9,15,17,0,44,10,35,45,36,36,15,29,17,10,36,17,36,15,36,46,18,15,9,7,8,9,43,43,0,42,15,43,0,0,22,7,7,36,36,9,0,0,9,0,58,0,9,36,48,43,39,7,45,16,36,47,0,46,36,36,36,36,19,50,45,9,81,0,0,46,28,9,0,29,0,0,8,51,9,11,47,55,44,32,0,48,9,15
12,85,40,15,0,32,59,88,57,0,92,13,85,49,7,7,59,0,71,64,7,15,35,10,94,46,61,94,0,85,14,57,16,1e+20,10,0,0,7,21,9,9,15,0,0,7,0,0,57,13,0,7,0,15,0,0,7,0,0,0,45,51,85,0,31,51,75,32,0,45,85,85,43,51,46,0,0,59,15,0,54,7,28,7,32,15,12,14,7,0,37,9,12,0,57,9,0,15,7,37,27,0,0,0,0,14,0,21,21,7,0,0,24,0,15,15,33,0,0,0,36,0,45,90,0,59,86,0,82,7,0,14,15,44,85,73,44,10,12,78,15,12,7,7,7,35,51,15,28,53,7,0,0,0,0,12,0,9,15,7,0,0,14,7,33,9,21,9,0,0,0,0,57,18,0,0,7,0,9,0,0
12,0,43,43,54,53,20,20,7,37,43,53,25,59,0,43,0,40,43,62,43,40,63,66,33,10,13,22,43,13,47,43,51,10,1e+20,39,52,0,39,19,19,41,49,43,66,50,17,19,10,0,22,38,33,18,10,10,7,0,8,58,53,0,60,60,43,0,53,43,25,0,25,9,43,10,54,43,0,43,43,40,55,49,0,41,43,12,57,42,50,26,27,22,62,19,0,13,41,19,52,10,16,22,22,0,0,0,50,18,22,21,52,10,38,52,40,43,0,49,45,49,43,25,20,43,22,10,50,0,43,43,57,43,43,0,0,42,66,56,10,40,12,43,55,43,63,53,40,49,65,10,22,40,37,16,0,0,42,40,10,0,7,41,0,9,19,39,13,17,10,35,18,43,31,0,29,7,13,38,62,14
10,14,56,57,39,39,0,0,7,65,39,46,25,46,0,39,0,46,39,24,39,39,46,45,0,0,14,9,39,0,51,39,36,0,39,1e+20,55,28,37,17,18,51,54,39,68,57,36,0,22,0,22,18,45,15,16,0,22,9,40,57,39,14,39,39,39,0,39,39,25,0,25,10,39,0,39,61,0,57,51,39,48,39,0,31,50,10,46,32,39,26,18,0,39,0,37,27,51,18,39,0,0,0,0,11,0,8,39,18,22,31,55,0,18,43,59,28,24,54,62,39,39,25,20,51,22,15,39,0,39,39,46,39,39,18,0,56,45,49,7,49,10,39,48,49,46,39,39,39,39,18,0,71,0,0,18,13,61,59,9,9,22,49,0,13,18,37,18,36,0,0,0,39,7,18,0,12,27,50,39,13
51,21,21,39,39,46,31,15,16,39,9,7,25,39,40,72,41,78,16,0,47,56,39,67,0,38,0,0,54,9,89,47,36,0,52,55,1e+20,39,29,0,0,33,75,13,55,58,18,31,15,0,13,13,40,14,36,16,0,23,8,52,10,21,46,52,53,11,46,54,39,7,25,0,0,38,39,46,41,39,50,47,46,39,0,55,57,51,39,32,39,15,0,15,39,31,35,0,33,40,46,0,14,15,53,0,16,27,46,0,13,0,54,39,13,35,51,28,13,75,35,39,40,39,20,50,0,20,39,0,53,49,39,23,14,0,16,0,67,51,0,39,51,39,46,39,39,33,56,39,19,39,15,55,7,14,0,0,72,51,46,23,0,47,16,21,0,29,40,18,7,20,16,47,0,59,24,0,0,48,39,20
40,28,40,47,40,8,7,7,0,45,0,22,0,0,15,14,39,48,0,23,40,40,8,45,7,40,7,9,0,7,0,8,44,7,0,28,39,1e+20,12,76,9,18,9,17,0,68,21,0,22,28,53,31,69,0,52,17,0,9,63,49,0,28,0,0,0,19,8,0,32,10,0,10,0,40,40,40,39,47,59,0,42,26,26,27,49,40,62,62,0,13,7,0,15,0,16,9,18,0,18,47,48,40,0,15,57,0,56,19,53,9,55,49,31,8,18,17,17,9,44,20,9,32,8,59,12,13,0,16,0,49,62,15,0,0,9,8,45,13,9,50,40,14,42,12,8,8,40,26,0,60,40,51,49,48,17,64,54,18,40,9,0,40,8,0,9,12,9,21,17,40,40,8,40,59,8,32,9,45,15,13
33,0,48,52,29,45,0,0,36,48,50,44,25,29,0,36,0,29,29,40,29,45,62,46,29,28,17,19,29,0,37,29,29,21,39,37,29,12,1e+20,45,8,37,48,29,37,65,53,14,40,33,45,12,62,8,41,45,35,8,33,29,29,0,29,29,43,33,45,29,28,0,25,33,29,28,29,37,0,52,29,29,59,52,28,72,43,33,43,62,29,46,33,0,29,14,16,41,37,0,38,41,33,33,0,33,33,33,45,54,45,41,29,45,12,29,38,35,41,48,38,79,29,28,20,29,56,35,29,7,29,41,43,29,29,20,0,44,46,48,0,48,33,29,59,29,62,46,45,52,40,52,33,44,33,33,33,43,62,38,0,8,35,43,14,41,8,144,0,53,33,45,60,29,44,0,0,41,41,37,29,41
50,21,28,0,41,24,0,13,0,41,33,15,0,7,9,7,29,14,9,12,17,41,9,47,8,41,7,0,0,13,0,0,45,9,19,17,0,76,45,1e+20,39,19,20,12,9,17,7,0,41,17,41,24,49,19,46,12,11,17,58,17,0,21,0,17,0,12,24,0,42,10,0,0,0,41,41,9,29,0,42,0,30,19,29,27,17,50,7,36,0,7,65,7,9,0,24,62,19,24,17,48,63,53,0,19,53,12,52,17,41,17,17,54,24,9,23,0,64,20,17,37,7,42,9,42,0,0,0,13,0,37,7,0,0,17,17,17,47,41,7,40,50,0,30,0,9,0,41,19,0,55,53,41,41,63,58,63,34,23,53,17,11,41,9,0,39,45,18,7,8,66,71,0,55,60,18,41,62,45,9,52
0,0,0,18,23,0,0,0,0,0,0,0,0,18,10,0,0,7,0,0,0,0,13,9,0,0,13,12,0,13,12,0,0,9,19,18,0,9,8,39,1e+20,48,9,9,12,24,26,0,7,0,7,20,0,18,33,9,15,0,48,18,0,0,0,18,0,0,0,0,17,0,0,17,0,0,23,0,0,18,0,0,9,11,9,0,0,0,0,14,0,16,26,30,33,0,40,15,48,31,0,19,16,0,0,12,9,8,8,19,7,30,19,15,20,9,16,0,11,9,41,15,0,17,0,0,0,0,0,10,0,0,0,7,0,19,0,17,9,0,0,0,0,0,9,0,13,0,0,11,0,0,0,9,7,16,35,13,0,16,0,0,15,0,0,0,144,8,19,26,15,13,18,0,29,31,7,12,15,9,33,14
33,21,33,51,41,33,7,8,0,33,18,40,32,40,12,48,18,40,22,0,33,42,33,41,0,0,0,12,48,0,56,45,44,15,41,51,33,18,37,19,48,1e+20,33,44,59,40,26,11,14,0,16,27,51,23,16,22,38,16,31,40,44,21,48,33,40,0,33,48,27,10,32,8,48,0,41,60,18,51,33,55,52,40,11,38,33,33,33,32,51,33,34,28,33,11,9,39,144,31,44,18,0,0,0,0,11,11,44,11,16,8,41,0,27,33,41,43,22,33,64,40,33,27,20,33,0,0,51,10,47,59,33,33,47,19,16,9,41,43,0,33,33,40,52,40,33,40,42,40,51,0,0,33,15,0,0,13,33,41,18,16,38,58,18,13,48,37,0,26,15,9,0,45,26,31,17,12,39,33,33,0
9,9,40,55,40,47,37,17,40,52,40,56,55,49,20,57,15,20,49,35,43,17,56,38,33,21,47,0,47,9,60,46,9,0,49,54,75,9,48,20,9,33,1e+20,53,49,48,18,58,9,7,15,0,42,14,40,0,15,16,8,55,61,9,40,40,57,0,47,47,28,25,55,0,40,21,40,64,15,55,16,55,51,57,0,40,58,9,18,32,50,41,12,0,49,58,27,15,33,33,49,9,23,15,35,9,0,41,49,11,15,13,58,11,0,35,63,45,15,144,44,49,40,28,20,16,40,29,50,25,47,40,18,47,47,0,22,58,38,59,40,40,9,40,51,40,56,58,17,57,59,9,15,23,9,23,15,9,64,63,9,16,15,9,25,13,9,48,35,18,7,20,20,46,15,20,15,16,15,25,49,9
0,0,55,31,54,91,13,0,40,37,65,91,66,41,13,101,52,13,46,24,34,13,76,22,62,12,86,82,91,52,53,38,13,0,43,39,13,17,29,12,9,44,53,1e+20,62,0,13,56,7,13,0,11,50,0,0,18,0,7,0,59,91,0,91,91,85,0,91,91,25,10,66,0,91,12,54,91,52,31,7,40,33,39,18,39,65,0,9,39,86,46,0,0,50,56,9,9,44,13,47,0,13,0,13,0,27,13,64,0,0,0,83,0,11,44,52,28,31,53,0,40,48,25,20,7,78,14,86,0,91,46,9,74,91,87,0,86,22,53,86,40,0,91,33,91,76,67,13,39,91,0,0,9,13,13,27,0,50,52,0,7,0,9,0,12,9,29,13,13,7,0,0,38,0,13,13,9,9,9,50,0
65,21,62,74,65,62,10,15,16,37,0,62,25,48,28,76,15,47,46,24,62,49,50,48,0,0,0,0,70,9,63,46,46,7,66,68,55,0,37,9,12,59,49,62,1e+20,55,29,16,7,0,10,25,40,25,28,14,16,25,26,59,72,21,75,72,36,11,62,70,25,8,25,0,69,0,65,74,15,74,50,47,55,65,0,47,52,65,62,32,62,26,13,15,41,16,8,25,59,12,71,0,0,25,10,8,16,8,40,0,10,23,62,0,25,45,40,41,11,49,47,40,48,25,20,50,0,7,62,0,69,56,62,62,69,12,22,9,48,54,0,40,65,63,55,65,50,69,49,65,63,10,25,56,13,0,0,12,50,40,9,25,16,48,0,12,12,37,27,29,15,10,16,46,13,12,23,12,25,50,41,7
48,21,33,58,55,64,18,17,0,48,21,7,0,41,24,65,29,47,13,18,58,48,65,61,8,38,7,17,48,0,40,8,36,0,50,57,58,68,65,17,24,40,48,0,55,1e+20,49,0,39,37,12,32,33,7,30,24,31,24,24,66,0,21,55,11,36,25,64,48,40,0,0,33,0,38,55,48,29,58,46,40,33,64,35,48,79,48,58,56,48,12,18,7,51,0,24,44,40,37,48,12,24,0,24,35,0,24,48,29,12,37,71,78,32,35,52,38,36,48,59,74,0,40,20,46,24,12,48,13,48,53,58,33,0,31,18,32,61,66,13,40,48,58,33,48,65,32,48,64,7,51,0,58,20,24,37,35,61,52,45,24,31,48,14,24,24,65,20,49,24,9,0,8,21,77,24,32,44,46,51,37
38,0,23,18,13,29,18,0,0,64,21,28,0,0,18,17,11,18,0,8,18,17,38,16,8,29,0,0,0,7,12,0,0,0,17,36,18,21,53,7,26,26,18,13,29,49,1e+20,0,56,44,12,27,0,22,16,68,53,27,78,0,0,0,0,18,24,38,29,0,11,8,0,45,0,29,13,22,11,18,18,0,0,23,28,35,36,38,21,36,0,15,64,0,7,0,7,65,26,69,16,18,18,38,18,59,38,56,0,10,12,58,0,41,27,0,28,18,49,18,26,34,18,11,16,18,25,12,0,20,0,22,21,0,0,20,18,24,16,57,18,7,38,0,0,7,38,51,17,23,0,19,38,7,18,18,38,39,34,28,9,27,53,18,14,51,26,53,29,144,66,38,56,0,33,49,15,57,65,12,7,36
24,0,43,14,0,32,43,45,62,0,46,50,58,49,18,28,43,18,51,43,0,40,35,19,50,36,50,50,11,52,18,43,15,57,19,0,31,0,14,0,0,11,58,56,16,0,0,1e+20,0,0,19,13,21,29,16,11,19,26,8,15,53,0,7,60,61,54,32,11,17,50,58,39,50,36,0,7,43,14,17,43,26,21,0,49,14,24,0,7,61,58,7,15,0,144,19,18,11,11,35,0,14,19,19,7,39,0,14,14,19,19,0,14,13,59,14,40,0,58,0,14,43,17,46,17,50,48,61,43,50,10,0,43,50,43,48,43,19,21,43,14,24,7,26,43,35,58,40,21,60,17,19,17,14,14,0,0,8,14,7,26,19,22,11,30,0,14,34,0,15,19,22,43,7,18,16,0,18,17,0,7
62,10,10,23,10,29,18,0,7,55,21,28,0,0,19,17,10,10,0,8,10,10,46,26,8,30,13,13,0,0,7,8,10,13,10,22,15,22,40,41,7,14,9,7,7,39,56,0,1e+20,39,46,7,44,7,56,68,34,7,57,0,0,10,0,7,0,39,29,0,32,7,0,63,0,30,10,16,10,23,23,0,30,23,28,35,18,62,13,49,0,7,48,0,0,0,7,47,14,26,9,76,39,47,19,52,58,64,23,13,46,46,15,32,7,0,12,19,49,9,10,22,11,32,16,23,25,13,0,0,0,44,13,0,0,20,0,15,26,68,13,40,62,0,30,0,46,30,10,23,0,40,47,19,55,39,52,70,49,12,45,7,34,30,14,70,7,40,0,56,61,80,45,8,47,10,15,79,47,10,0,49
39,8,16,28,21,16,33,17,11,0,21,0,0,20,13,20,11,20,0,15,36,13,39,36,15,23,14,0,0,19,0,16,9,0,0,0,0,28,33,17,0,0,7,13,0,37,44,0,39,1e+20,37,25,7,0,12,48,27,22,26,18,20,8,0,0,0,38,16,0,17,28,0,39,0,23,21,15,11,28,30,0,0,14,40,9,36,39,32,49,13,19,26,12,35,0,22,39,0,36,0,50,22,0,39,54,26,46,0,26,37,48,28,39,25,0,21,37,52,7,31,22,11,17,28,30,25,14,13,33,0,7,32,15,0,38,18,23,36,52,39,0,39,14,0,0,39,42,13,14,0,18,0,7,40,22,60,54,26,21,0,22,27,8,14,39,0,33,22,44,44,35,26,16,0,7,33,26,39,8,35,43
58,21,21,0,45,16,20,0,7,46,21,15,0,14,12,7,40,0,14,0,7,46,0,52,8,46,0,12,0,0,19,12,36,7,22,22,13,53,45,41,7,16,15,0,10,12,12,19,46,37,1e+20,20,37,0,55,12,11,16,51,15,10,21,0,17,0,12,16,0,43,8,0,0,8,46,45,9,40,0,44,15,35,33,23,27,0,58,0,36,14,24,41,16,0,19,12,40,16,0,9,57,39,69,23,0,46,0,40,10,144,0,0,41,20,14,11,0,85,15,16,37,12,43,0,44,0,15,14,7,0,53,0,0,0,0,0,0,52,44,0,40,58,0,35,7,0,7,46,33,9,46,69,68,68,39,52,65,34,11,60,16,11,46,12,9,7,45,0,12,10,72,45,12,46,41,34,46,40,38,0,43
12,7,24,8,20,0,13,20,0,7,7,0,0,13,8,7,8,7,14,43,7,0,0,20,0,0,7,29,0,7,12,7,18,0,38,18,13,31,12,24,20,27,0,11,25,32,27,13,7,25,20,1e+20,12,17,33,0,7,14,28,18,10,7,17,31,0,19,0,0,24,7,0,9,0,0,20,15,8,8,18,7,13,18,14,8,28,12,8,15,13,20,27,22,21,13,32,15,27,20,7,7,20,13,13,32,7,15,7,29,20,20,19,7,144,8,36,23,27,0,27,7,7,24,0,18,8,27,13,13,0,7,8,8,0,19,0,17,20,13,0,0,12,8,13,8,0,8,0,18,22,14,13,13,48,20,27,41,13,36,7,14,7,15,14,9,20,12,8,27,0,20,7,7,17,33,13,12,15,0,21,7
65,35,45,53,40,33,7,0,7,57,45,33,0,33,0,40,41,40,20,0,66,96,33,45,9,56,17,19,40,7,40,33,45,15,33,45,40,69,62,49,0,51,42,50,40,33,0,21,44,7,37,12,1e+20,7,37,24,0,7,37,40,52,35,40,33,46,12,33,40,32,10,0,11,40,56,40,42,41,53,44,40,75,71,17,84,58,65,60,68,45,14,37,7,33,21,7,44,51,0,33,37,37,37,0,11,57,12,86,19,37,0,40,37,12,52,61,28,54,42,42,74,33,32,27,44,17,19,45,7,40,49,60,30,40,7,7,0,45,37,7,47,65,40,75,43,33,9,96,71,18,56,37,48,44,37,7,37,67,61,44,7,0,89,12,19,0,62,0,0,7,37,37,33,40,49,9,44,44,45,33,0
0,0,10,15,24,7,0,17,0,15,9,7,12,18,0,14,12,7,14,17,0,7,13,8,0,0,13,17,14,13,12,0,19,0,18,15,14,0,8,19,18,23,14,0,25,7,22,29,7,0,0,17,7,1e+20,29,0,22,16,15,7,14,0,24,15,21,0,7,14,10,7,12,9,0,0,24,15,12,15,0,8,16,18,0,0,10,0,0,0,13,0,32,22,26,29,14,49,23,15,24,7,16,0,0,12,0,8,7,0,0,29,16,0,17,0,15,22,11,14,33,9,39,10,0,0,0,0,13,0,7,25,0,0,14,15,14,9,8,13,0,0,0,0,16,0,13,0,7,18,27,0,0,0,44,16,0,13,8,15,7,16,22,8,22,13,18,8,13,22,14,20,18,0,31,34,13,12,49,14,26,14
59,21,21,32,52,16,19,17,16,74,21,15,9,10,28,7,41,22,16,8,27,59,56,22,8,55,21,0,7,19,12,9,36,0,10,16,36,52,41,46,33,16,40,0,28,30,16,16,56,12,55,33,37,29,1e+20,0,16,25,55,0,21,21,0,16,0,26,16,7,32,22,9,0,0,55,52,25,41,32,44,8,42,19,7,38,0,59,40,41,13,11,55,22,9,16,16,65,16,26,18,54,49,62,0,12,67,8,46,0,55,39,7,41,33,0,16,17,50,40,20,22,0,32,0,44,19,7,13,22,7,52,40,12,7,16,30,31,22,51,0,47,59,12,42,10,56,17,59,19,0,59,62,36,51,49,39,52,34,16,46,25,16,46,22,13,33,41,19,16,0,59,65,9,49,55,9,71,65,60,9,46
40,0,16,0,10,29,7,0,0,0,21,13,0,7,12,18,11,0,0,8,30,9,39,16,8,29,0,0,8,0,11,0,9,7,10,0,16,17,45,12,9,22,0,18,14,24,68,11,68,48,12,0,24,0,0,1e+20,27,37,43,0,0,0,7,7,14,39,29,8,11,10,0,55,15,29,10,7,11,0,30,7,19,23,28,11,36,40,14,36,11,7,41,0,0,11,15,40,22,36,18,18,30,0,47,52,76,55,16,0,12,39,0,41,0,0,12,27,60,0,29,34,11,11,16,30,25,12,11,20,7,10,14,0,7,20,18,15,16,44,19,0,40,7,19,7,39,51,9,23,10,0,0,7,32,30,70,36,34,12,0,37,27,9,14,51,9,45,11,68,73,40,45,0,18,7,15,47,40,8,0,36
27,0,7,18,13,16,18,15,7,38,32,0,24,0,27,17,15,0,11,8,0,17,27,16,0,12,0,8,0,9,22,0,0,0,7,22,0,0,35,11,15,38,15,0,16,31,53,19,34,27,11,7,0,22,16,27,1e+20,30,15,0,0,0,7,0,14,27,16,0,0,10,24,42,0,12,13,22,15,18,0,19,0,0,27,8,18,27,0,27,0,15,7,11,0,19,20,47,38,27,0,12,0,0,27,27,30,38,11,9,11,47,11,27,7,0,12,27,54,15,36,22,0,0,16,0,25,15,0,10,0,26,0,0,0,20,7,15,16,37,0,7,27,0,0,0,27,27,17,0,16,0,0,21,7,0,34,26,38,12,11,30,144,9,14,40,15,35,16,53,42,9,19,0,24,20,22,12,47,18,0,27
0,0,16,9,19,7,7,22,29,9,19,7,24,0,0,0,22,9,21,0,35,7,0,7,0,0,14,12,7,9,16,12,0,0,0,9,23,9,8,17,0,16,16,7,25,24,27,26,7,22,16,14,7,16,25,37,30,1e+20,0,18,7,0,0,9,0,11,7,7,17,14,24,0,0,0,19,9,22,9,31,27,7,11,36,0,18,0,7,31,0,7,9,47,7,26,42,9,16,9,7,18,35,22,12,8,45,20,23,19,16,39,26,13,14,0,0,7,41,16,54,0,23,17,0,31,0,7,0,20,7,25,7,7,7,0,25,16,7,9,19,7,0,0,7,0,0,16,7,11,7,0,22,16,39,35,33,35,9,0,15,144,30,9,12,9,0,8,25,27,18,16,22,12,0,7,9,9,9,17,7,0
48,0,0,0,56,16,8,0,7,43,21,22,0,8,0,0,29,7,0,8,0,43,39,8,8,43,7,12,0,0,12,0,0,0,8,40,8,63,33,58,48,31,8,0,26,24,78,8,57,26,51,28,37,15,55,43,15,0,1e+20,18,8,0,0,26,0,26,16,0,32,0,0,62,0,43,56,0,29,0,22,0,30,11,28,27,18,48,0,36,8,16,67,24,0,8,44,55,31,32,0,43,83,51,8,43,43,8,40,19,51,69,19,41,28,0,24,0,53,8,34,22,0,32,16,22,7,8,8,23,0,37,0,0,0,20,0,17,8,43,0,40,48,0,30,0,39,17,43,11,8,43,51,19,42,83,69,76,48,24,52,0,15,43,0,51,48,33,0,78,15,57,43,0,43,72,0,52,55,23,0,49
61,45,47,49,49,49,55,45,52,49,37,49,45,83,0,49,74,47,38,40,49,49,76,52,45,29,45,45,49,45,40,93,53,45,58,57,52,49,29,17,18,40,55,59,59,66,0,15,0,18,15,18,40,7,0,0,0,18,18,1e+20,58,45,49,64,36,45,49,49,55,45,45,32,49,29,49,49,74,49,44,85,48,50,0,38,67,61,49,32,57,37,18,0,41,15,18,15,40,18,84,7,18,15,15,0,0,10,49,25,15,18,55,13,18,35,51,33,26,55,60,47,48,55,45,44,0,56,57,56,49,46,49,49,40,53,59,52,52,44,0,40,61,49,48,49,76,9,49,50,9,0,15,55,0,18,18,18,57,51,10,18,0,56,9,9,18,29,0,0,0,15,0,93,7,25,10,19,15,38,41,7
10,8,55,31,54,92,61,66,47,37,54,92,101,41,0,88,63,21,46,24,34,7,76,31,51,11,86,82,92,70,40,54,14,51,53,39,10,0,29,0,0,44,61,91,72,0,0,53,0,20,10,10,52,14,21,0,0,7,8,58,1e+20,8,92,102,79,0,92,92,27,66,101,7,92,11,54,60,63,31,10,40,43,50,0,45,41,10,27,39,112,37,0,7,62,53,0,0,44,0,61,13,0,10,10,0,0,0,47,0,10,10,41,0,10,45,50,45,0,61,8,47,48,27,48,10,85,14,112,21,98,46,27,74,98,87,21,103,31,44,86,40,10,92,43,92,76,63,7,50,92,18,10,0,0,0,7,0,49,50,14,7,0,10,35,9,0,29,0,0,0,10,0,54,14,14,10,14,0,21,62,7
21,144,28,28,21,0,66,79,57,28,45,15,40,42,0,7,21,21,38,40,21,21,42,21,87,54,8,7,21,96,0,58,21,85,0,14,21,28,0,21,0,21,9,0,21,21,0,0,10,8,21,7,35,0,21,0,0,0,0,45,8,1e+20,0,0,21,75,0,21,59,86,40,39,0,54,21,21,21,28,21,47,28,21,0,21,35,21,21,21,8,45,0,8,8,0,0,7,21,0,28,21,21,21,0,11,0,0,21,7,21,0,21,21,7,8,7,41,13,9,21,0,0,59,86,21,7,65,8,75,0,28,21,8,0,8,73,8,21,0,8,28,21,0,28,7,42,0,21,21,0,28,21,21,21,21,8,21,0,7,21,0,0,28,0,0,0,0,0,0,0,21,0,58,21,28,0,21,7,21,8,0
10,0,76,63,65,100,7,17,40,37,54,109,25,48,0,88,0,40,53,41,67,47,48,38,33,0,0,17,127,0,40,46,36,0,60,39,46,0,29,0,0,48,40,91,75,55,0,7,0,0,0,17,40,24,0,7,7,0,0,49,92,0,1e+20,72,79,0,100,127,25,7,25,9,120,0,65,102,0,63,44,47,40,46,0,31,52,10,69,32,93,26,17,17,58,7,7,13,48,0,65,0,0,0,0,0,7,0,40,0,0,0,92,0,17,35,40,50,0,40,35,40,48,25,20,44,22,0,93,0,120,53,69,74,120,0,7,42,38,57,0,40,10,127,40,117,48,63,47,46,109,0,0,40,17,0,0,0,42,40,0,0,7,38,7,0,0,29,0,0,7,0,0,46,24,0,13,0,13,38,58,0
12,0,55,63,67,71,43,31,40,37,78,102,66,41,7,71,52,7,77,55,41,7,41,17,71,29,93,31,71,31,40,46,7,31,60,39,52,0,29,17,18,33,40,91,72,11,18,60,7,0,17,31,33,15,16,7,0,9,26,64,102,0,72,1e+20,72,31,71,71,42,38,66,31,102,29,67,71,52,63,10,40,50,39,0,31,52,12,9,32,86,57,18,0,41,60,30,18,33,18,65,0,0,17,17,0,7,8,40,18,17,18,71,0,31,35,67,59,11,40,18,40,48,42,51,10,78,53,86,31,90,46,9,71,102,49,38,86,17,44,86,40,12,74,50,102,41,63,7,39,92,10,17,17,0,0,18,13,42,67,0,9,0,7,0,22,18,29,0,18,7,17,0,46,7,18,0,12,18,0,41,7
48,21,66,77,54,68,36,36,43,37,36,79,68,41,17,89,36,53,60,24,67,53,42,36,45,20,44,45,79,36,64,46,45,51,43,39,53,0,43,0,0,40,57,85,36,36,24,61,0,0,0,0,46,21,0,14,14,0,0,36,79,21,79,72,1e+20,0,68,79,25,43,68,11,72,20,54,79,36,77,40,44,40,69,0,56,56,48,36,39,83,41,7,12,41,61,21,28,40,18,65,0,14,0,17,0,7,17,36,14,0,14,72,14,0,62,57,35,0,57,35,63,55,25,48,40,53,28,83,0,80,46,36,72,72,36,21,36,36,57,43,50,48,79,40,72,42,63,53,69,83,14,0,36,14,14,0,0,51,57,7,0,14,31,14,27,0,43,17,24,14,0,0,46,7,17,0,0,28,36,41,7
39,75,12,7,12,45,79,75,57,26,96,15,75,42,20,13,52,0,38,48,14,13,61,20,82,41,75,75,0,84,10,50,0,75,0,0,11,19,33,12,0,0,0,0,11,25,38,54,39,38,12,19,12,0,26,39,27,11,26,45,0,75,0,31,0,1e+20,45,0,50,75,75,65,0,41,12,0,52,7,8,47,12,7,33,33,13,39,7,36,0,39,26,11,0,54,8,39,0,13,28,24,12,26,21,39,26,39,0,10,12,39,0,28,19,0,12,40,39,0,9,25,0,50,75,8,81,84,0,75,0,12,7,7,0,95,73,63,20,39,75,12,39,7,12,7,61,30,13,7,42,26,26,15,12,12,39,36,26,12,12,11,27,8,14,39,0,33,11,38,39,26,26,50,26,12,15,26,39,18,0,36
28,0,76,63,54,144,32,39,39,37,63,109,39,41,8,75,39,48,46,32,67,47,81,56,40,42,43,44,69,32,40,46,44,32,53,39,46,8,45,24,0,33,47,91,62,64,29,32,29,16,16,0,33,7,16,29,16,7,16,49,92,0,100,71,68,45,1e+20,69,25,32,39,32,100,42,54,68,39,63,54,47,49,52,16,47,52,28,82,48,86,32,16,0,41,32,7,16,33,0,93,13,16,16,0,16,16,16,53,13,16,24,75,16,0,43,40,28,16,47,35,56,48,25,56,54,54,27,86,32,100,53,82,75,100,32,7,81,56,48,32,40,28,68,49,100,81,83,47,52,92,24,16,40,13,16,16,16,58,40,7,7,16,44,21,16,0,45,11,29,29,16,16,46,16,0,23,23,16,53,41,24
10,21,76,63,54,69,7,0,0,37,47,109,32,48,8,96,7,40,53,24,67,55,48,38,33,0,0,0,144,0,48,46,36,0,43,39,54,0,29,0,0,48,47,91,70,48,0,11,0,0,0,0,40,14,7,8,0,7,0,49,92,21,127,71,79,0,69,1e+20,25,7,32,0,129,0,54,107,7,63,44,48,40,58,0,31,52,10,69,32,93,26,0,0,41,11,15,0,48,0,73,0,0,0,0,0,7,0,47,0,0,0,83,0,0,35,40,35,0,47,35,40,48,25,20,44,22,0,93,0,129,56,69,74,129,0,8,42,38,44,0,40,10,123,40,117,48,63,55,58,100,0,0,40,7,0,0,0,42,40,7,7,0,39,7,0,0,29,0,0,7,7,0,46,7,0,0,0,0,45,41,0
40,59,62,32,67,25,38,38,38,57,62,40,63,45,11,25,52,40,63,62,50,41,42,40,71,61,24,55,25,55,25,46,42,45,25,25,39,32,28,42,17,27,28,25,25,40,11,17,32,17,43,24,32,10,32,11,0,17,32,55,27,59,25,42,25,50,25,25,1e+20,38,63,32,33,61,67,25,52,32,32,45,30,41,17,27,25,40,41,32,27,62,32,0,25,17,17,32,27,17,38,39,32,32,0,10,39,11,32,17,43,17,25,32,24,25,43,58,11,28,42,25,25,144,58,32,22,38,27,58,25,57,41,25,25,69,55,46,40,25,25,57,40,32,30,32,42,25,41,41,25,32,32,40,32,32,17,43,32,43,32,17,0,32,10,0,17,28,11,11,11,32,51,46,42,42,0,49,32,32,25,7
0,86,29,0,11,32,89,102,57,0,82,52,64,42,8,14,67,22,78,64,7,8,35,22,86,40,59,45,7,105,8,61,8,85,0,0,7,10,0,10,0,10,25,10,8,0,8,50,7,28,8,7,10,7,22,10,10,14,0,45,66,86,7,38,43,75,32,7,38,1e+20,64,32,53,40,11,7,67,0,0,55,8,8,10,0,0,0,28,0,13,74,10,0,23,50,7,0,10,10,43,13,0,0,10,0,17,10,17,0,8,0,10,0,7,0,0,50,10,25,0,8,0,38,78,0,45,69,13,96,7,7,28,45,59,45,95,62,22,0,45,0,0,7,8,7,35,45,8,8,52,18,0,7,7,0,0,8,0,0,7,14,10,16,30,0,0,0,10,8,7,7,0,61,10,0,9,0,0,23,23,0
0,40,55,25,25,39,68,94,97,25,93,80,144,42,0,25,76,12,84,64,25,7,35,9,106,29,86,82,32,96,25,81,0,85,25,25,25,0,25,0,0,32,55,66,25,0,0,58,0,0,0,0,0,12,9,0,24,24,0,45,101,40,25,66,68,75,39,32,63,64,1e+20,32,106,29,25,25,76,25,7,65,32,25,0,25,0,0,18,0,66,75,0,0,25,58,17,12,32,11,35,0,12,0,8,0,17,0,25,0,0,12,25,0,0,25,25,58,0,55,0,25,48,63,98,7,78,79,66,82,66,25,18,51,112,87,89,94,9,25,86,32,0,25,32,66,35,65,7,25,92,0,0,0,7,12,0,0,25,25,7,24,24,0,9,0,0,25,16,0,7,7,17,81,0,12,0,0,12,19,25,0
51,39,20,11,9,32,39,41,32,38,53,15,32,32,10,7,32,0,43,40,7,11,71,16,49,52,41,32,0,32,7,32,0,43,9,10,0,10,33,0,17,8,0,0,0,33,45,39,63,39,0,9,11,9,0,55,42,0,62,32,7,39,9,31,11,65,32,0,32,32,32,1e+20,0,52,9,9,32,11,0,32,10,11,28,35,20,51,10,36,0,48,41,9,9,39,17,40,8,36,28,12,0,47,0,52,51,63,0,0,0,46,9,28,9,11,11,32,42,0,0,22,12,32,44,0,57,32,0,42,0,17,10,11,0,52,32,47,16,55,32,30,51,0,10,10,71,43,11,11,43,19,47,0,9,0,45,26,43,11,0,0,42,11,14,62,17,33,9,45,63,40,45,32,33,7,15,40,40,8,9,36
0,0,55,31,54,100,65,49,40,37,47,102,106,48,12,95,58,0,46,24,41,9,76,0,69,0,86,82,129,79,51,38,9,51,43,39,0,0,29,0,0,48,40,91,69,0,0,50,0,0,8,0,40,0,0,15,0,0,0,49,92,0,120,102,72,0,100,129,33,53,106,0,1e+20,0,54,88,58,31,0,47,45,47,0,31,52,0,9,32,86,26,0,0,41,50,0,0,48,0,59,0,0,0,0,0,7,0,40,0,8,0,50,0,0,35,40,28,0,40,0,48,48,33,20,0,78,14,86,7,129,53,9,74,129,87,15,86,0,44,86,40,0,124,45,117,76,70,9,47,99,0,0,0,7,0,0,0,42,40,0,0,0,7,0,0,0,29,0,0,7,0,0,38,7,0,0,0,0,0,41,0
67,54,21,32,49,42,30,40,36,55,57,28,29,29,12,12,29,49,40,37,33,63,46,49,38,144,46,46,0,40,7,37,45,46,10,0,38,40,28,41,0,0,21,12,0,38,29,36,30,23,46,0,56,0,55,29,12,0,43,29,11,54,0,29,20,41,42,0,61,40,29,52,0,1e+20,49,9,29,32,50,29,30,39,17,58,19,67,63,17,11,41,41,12,11,36,0,17,0,12,28,61,39,47,12,12,51,12,40,17,46,17,38,41,0,20,20,52,17,21,52,37,11,61,40,50,46,46,11,40,0,37,63,31,0,40,46,41,49,17,40,40,67,0,30,0,46,45,63,39,11,56,47,48,59,39,17,54,34,20,45,0,12,55,12,32,0,28,23,29,29,55,45,37,47,48,12,62,17,38,11,17
55,21,57,54,144,54,11,11,11,88,47,62,25,41,0,54,29,51,46,35,54,45,48,38,41,49,11,11,54,11,40,46,45,0,54,39,39,40,29,41,23,41,40,54,65,55,13,0,10,21,45,20,40,24,52,10,13,19,56,49,54,21,65,67,54,12,54,54,67,11,25,9,54,49,1e+20,54,29,54,44,40,33,46,10,38,52,55,69,39,61,37,65,22,52,0,10,64,41,13,54,56,39,45,0,11,45,8,40,10,45,23,65,41,20,35,56,39,11,40,48,40,58,67,31,44,22,0,61,21,54,96,69,65,54,30,10,42,38,55,21,80,55,54,33,54,48,54,45,46,65,56,45,45,53,39,34,50,43,56,45,19,13,45,0,13,23,29,10,13,10,45,45,46,56,54,11,52,64,38,52,0
40,21,70,81,54,68,0,15,40,58,47,93,25,41,0,88,29,40,53,24,67,40,48,38,33,9,0,15,107,0,52,46,36,0,43,61,46,40,37,9,0,60,64,91,74,48,22,7,16,15,9,15,42,15,25,7,22,9,0,49,60,21,102,71,79,0,68,107,25,7,25,9,88,9,54,1e+20,29,81,40,47,47,58,0,31,62,40,69,32,86,26,22,15,41,7,7,20,60,22,65,9,9,0,0,15,0,8,80,0,9,13,83,9,15,35,40,35,22,64,57,40,48,25,20,40,22,14,86,0,97,53,69,74,67,0,7,51,38,54,52,40,40,103,47,91,48,63,40,58,91,9,0,40,22,9,0,13,64,40,9,9,22,71,7,13,0,37,9,22,7,9,0,46,16,9,13,21,20,38,41,0
29,21,52,39,29,39,52,76,52,29,56,62,76,49,11,14,144,29,52,52,36,45,35,41,52,29,64,61,7,59,21,52,44,59,0,0,41,39,0,29,0,18,15,52,15,29,11,43,10,11,40,8,41,12,41,11,15,22,29,74,63,21,0,52,36,52,39,7,52,67,76,32,58,29,29,29,1e+20,39,29,77,29,30,0,27,37,29,41,54,36,52,0,0,0,43,23,0,18,0,46,29,29,29,15,15,51,0,36,15,40,0,40,29,8,0,0,40,0,15,29,18,48,52,52,29,59,52,36,59,59,39,41,51,59,52,41,56,41,0,52,39,29,10,29,17,35,59,45,30,52,29,29,36,36,29,0,39,29,0,51,22,15,39,12,0,0,0,15,11,0,36,15,52,44,29,0,29,0,63,0,0
44,28,50,144,54,63,20,0,42,79,42,44,25,54,23,63,39,53,44,24,70,47,48,32,31,32,15,15,63,13,52,59,32,15,43,57,39,47,52,0,18,51,55,31,74,58,18,14,23,28,0,8,53,15,32,0,18,9,0,49,31,28,63,63,77,7,63,63,32,0,25,11,31,32,54,81,39,1e+20,32,40,40,65,0,57,67,44,77,46,63,34,18,12,54,14,0,25,51,18,63,13,12,0,0,7,12,8,78,15,0,13,63,32,8,46,40,38,23,55,53,46,48,32,24,32,54,29,63,7,63,46,77,52,31,13,0,40,32,54,31,54,44,77,40,73,48,55,47,65,42,33,0,32,7,12,12,13,60,40,32,9,18,77,12,28,18,52,9,18,0,0,0,59,11,57,0,12,25,32,54,0
60,21,28,32,44,54,17,0,0,44,0,0,7,41,24,44,29,56,20,13,82,44,49,60,7,50,0,0,44,0,40,8,43,0,43,51,50,59,29,42,0,33,16,7,50,46,18,17,23,30,44,18,44,0,44,30,0,31,22,44,10,21,44,10,40,8,54,44,32,0,7,0,0,50,44,40,29,32,1e+20,40,54,55,27,18,51,60,62,56,10,15,12,0,0,17,31,0,33,7,44,62,71,10,17,15,0,10,44,15,44,10,44,46,18,10,40,28,0,16,62,40,11,32,21,144,0,8,10,13,0,37,62,0,0,0,18,0,60,44,19,44,60,44,54,0,49,25,44,55,0,43,10,44,58,71,16,59,58,40,44,31,0,52,9,16,0,29,11,18,33,11,0,8,22,41,16,46,0,45,0,13
10,47,40,40,40,47,47,62,87,37,40,47,65,89,7,48,77,40,52,40,40,54,75,38,47,29,47,59,48,47,58,97,7,54,40,39,47,0,29,0,0,55,55,40,47,40,0,43,0,0,15,7,40,8,8,7,19,27,0,85,40,47,47,40,44,47,47,48,45,55,65,32,47,29,40,47,77,40,40,1e+20,40,46,0,31,40,10,47,32,44,37,7,15,40,43,17,0,55,13,68,11,0,0,27,0,27,7,47,0,15,0,54,0,7,35,40,33,14,55,50,47,40,45,47,40,69,47,44,54,54,63,47,40,48,47,47,84,38,40,34,40,10,47,40,47,75,47,54,46,48,0,0,40,7,0,7,0,40,40,7,27,19,39,20,0,0,29,16,0,15,9,20,97,17,7,0,0,0,46,40,0
30,28,65,40,33,49,34,0,0,57,61,48,32,49,24,40,29,40,33,24,45,63,42,66,33,30,9,9,40,9,44,42,39,7,55,48,46,42,59,30,9,52,51,33,55,33,0,26,30,0,35,13,75,16,42,19,0,7,30,48,43,28,40,50,40,12,49,40,30,8,32,10,45,30,33,47,29,40,54,40,1e+20,52,7,69,42,30,42,74,47,26,30,12,42,26,24,37,52,9,42,30,30,42,26,23,30,0,63,0,35,21,33,30,13,50,44,35,43,51,33,64,33,30,20,54,37,15,47,7,47,43,42,33,40,0,24,33,66,33,9,43,30,40,144,50,42,40,63,52,33,45,42,66,30,30,30,30,63,44,30,7,0,61,7,9,9,59,9,0,7,53,30,42,30,43,0,30,37,50,42,30
31,21,59,65,46,52,7,7,7,56,0,54,25,46,12,46,30,46,39,31,64,89,48,67,7,39,17,26,58,11,57,46,47,28,49,39,39,26,52,19,11,40,57,39,65,64,23,21,23,14,33,18,71,18,19,23,0,11,11,50,50,21,46,39,69,7,52,58,41,8,25,11,47,39,46,58,30,65,55,46,52,1e+20,11,74,65,31,58,43,50,26,26,7,65,21,11,17,40,0,75,20,19,19,0,11,13,0,81,35,33,11,67,28,18,59,39,35,0,57,56,86,39,41,20,55,39,24,50,18,39,39,58,39,39,11,11,47,67,46,11,39,31,46,52,46,48,46,89,144,39,26,19,65,26,19,11,26,39,39,19,11,0,64,11,39,11,52,11,23,11,19,11,46,30,19,7,31,17,50,65,0
28,0,16,0,10,16,0,0,7,7,21,0,0,0,7,7,0,7,14,8,34,0,28,26,15,17,7,0,0,0,7,7,0,7,0,0,0,26,28,29,9,11,0,18,0,35,28,0,28,40,23,14,17,0,7,28,27,36,28,0,0,0,0,0,0,33,16,0,17,10,0,28,0,17,10,0,0,0,27,0,7,11,1e+20,19,18,28,0,48,0,7,28,19,0,0,20,28,11,28,0,30,20,14,28,28,28,28,16,19,23,28,19,28,14,0,19,20,32,0,27,22,11,17,16,27,25,14,0,13,0,23,0,0,0,20,18,15,26,28,19,0,28,0,7,0,28,28,0,11,0,7,14,14,20,20,34,46,28,19,15,36,27,9,26,28,9,28,11,28,28,28,28,7,11,7,24,28,28,8,0,28
48,21,40,57,38,47,8,0,62,55,52,46,25,42,17,39,27,8,31,41,44,55,66,18,31,58,47,19,31,16,38,40,16,32,41,31,55,27,72,27,0,38,40,39,47,48,35,49,35,9,27,8,84,0,38,11,8,0,27,38,45,21,31,31,56,33,47,31,27,0,25,35,31,58,38,31,27,57,18,31,69,74,19,1e+20,54,48,32,69,38,34,27,26,48,49,18,27,38,8,40,43,35,38,8,9,27,8,81,31,27,35,31,35,8,51,50,37,27,40,38,73,31,27,27,18,56,43,38,7,31,38,32,40,31,20,8,39,18,40,42,34,48,40,69,31,66,65,55,74,42,45,38,17,27,35,38,27,67,50,27,0,8,72,15,35,0,72,20,35,11,35,38,40,38,35,8,34,27,18,48,27
52,35,74,67,52,52,18,10,7,44,0,52,0,41,20,76,37,65,24,10,52,88,48,54,9,19,17,19,52,7,40,46,36,15,43,50,57,49,43,17,0,33,58,65,52,79,36,14,18,36,0,28,58,10,0,36,18,18,18,67,41,35,52,52,56,13,52,52,25,0,0,20,52,19,52,62,37,67,51,40,42,65,18,54,1e+20,52,52,50,52,48,0,10,41,14,18,22,33,18,52,0,18,0,18,21,0,18,52,37,0,18,55,48,28,46,65,32,13,58,60,46,48,25,20,51,35,19,52,13,52,53,52,52,52,18,18,23,54,53,18,44,52,52,42,52,48,18,88,65,50,14,0,40,18,18,18,18,42,65,0,18,18,41,14,31,0,43,29,36,36,0,0,46,10,25,15,0,22,46,41,0
144,21,28,44,55,28,12,0,7,62,21,15,0,10,27,10,29,40,20,8,46,65,57,50,8,67,12,12,10,0,10,17,48,12,12,10,51,40,33,50,0,33,9,0,65,48,38,24,62,39,58,12,65,0,59,40,27,0,48,61,10,21,10,12,48,39,28,10,40,0,0,51,0,67,55,40,29,44,60,10,30,31,28,48,52,1e+20,65,51,12,11,40,0,10,24,15,40,33,36,27,54,39,59,52,55,40,40,65,15,58,51,46,41,12,24,12,30,40,9,35,22,0,40,38,60,25,12,12,0,10,47,65,10,0,20,8,15,50,62,0,50,144,10,30,10,57,44,65,31,11,65,59,48,42,39,40,49,34,12,45,0,27,65,14,61,0,33,0,38,48,52,40,17,58,41,27,72,40,38,10,43
65,21,30,77,69,82,25,17,16,60,9,22,18,55,14,69,41,58,13,22,74,67,61,56,9,63,28,23,69,18,40,24,36,14,57,46,39,62,43,7,0,33,18,9,62,58,21,0,13,32,0,8,60,0,40,14,0,7,0,49,27,21,69,9,36,7,82,69,41,28,18,10,9,63,69,69,41,77,62,47,42,58,0,32,52,65,1e+20,46,22,20,12,0,59,0,14,11,33,14,67,67,14,0,15,0,0,10,67,14,0,0,71,55,8,35,54,45,0,18,35,40,23,41,20,62,23,23,22,18,9,46,144,23,16,18,18,18,56,44,23,54,65,83,42,69,61,31,67,58,9,69,0,48,56,14,15,0,42,54,45,7,0,60,18,0,0,43,22,21,14,7,0,24,43,41,0,39,11,56,59,14
51,21,39,46,39,48,7,0,0,36,21,32,0,32,17,38,54,32,13,8,63,39,68,42,15,17,14,16,32,7,39,41,49,7,42,32,32,62,62,36,14,32,32,39,32,56,36,7,49,49,36,15,68,0,41,36,27,31,36,32,39,21,32,32,39,36,48,32,32,0,0,36,32,17,39,32,54,46,56,32,74,43,48,69,50,51,46,1e+20,32,0,36,0,39,7,31,36,32,7,41,43,36,36,0,53,36,36,39,24,36,36,39,28,15,46,46,38,36,32,56,54,32,32,20,56,39,7,32,13,32,39,46,37,32,27,26,15,42,36,19,36,51,46,74,42,68,17,39,43,7,36,36,47,36,36,36,52,68,46,0,31,27,38,14,36,14,62,11,36,36,36,36,41,44,14,0,36,36,44,39,36
12,8,55,63,61,86,34,13,40,37,56,90,66,55,0,86,36,13,57,24,34,9,48,27,62,11,86,36,93,36,40,57,22,0,50,39,39,0,29,0,0,51,50,86,62,48,0,61,0,13,14,13,45,13,13,11,0,0,8,57,112,8,93,86,83,0,86,93,27,13,66,0,86,11,61,86,36,63,10,44,47,50,0,38,52,12,22,32,1e+20,48,7,0,49,61,12,0,51,0,78,13,7,14,14,7,7,0,40,0,14,0,83,0,13,35,47,41,14,50,43,47,48,27,20,10,78,28,144,13,86,46,22,74,86,49,24,93,27,44,97,40,12,93,47,86,48,63,9,50,95,13,14,14,7,7,0,0,50,47,13,0,0,10,33,9,0,29,0,0,7,21,0,57,13,13,0,13,0,13,49,7
11,45,46,34,37,32,67,47,48,33,78,26,75,45,15,41,52,34,63,61,26,22,35,37,63,41,70,63,26,74,41,37,0,37,26,26,15,13,46,7,16,33,41,46,26,12,15,58,7,19,24,20,14,0,11,7,15,7,16,37,37,45,26,57,41,39,32,26,62,74,75,48,26,41,37,26,52,34,15,37,26,26,7,34,48,11,20,0,48,1e+20,0,0,34,58,11,7,33,15,35,19,14,11,15,11,7,15,33,10,24,7,26,0,20,34,47,67,31,41,9,26,26,62,57,15,56,48,48,56,26,26,20,33,26,71,48,52,37,35,71,26,11,26,26,26,35,41,22,26,35,18,11,18,0,14,8,10,26,47,7,7,15,15,19,12,16,46,15,15,15,18,0,37,0,20,22,0,7,11,34,16
40,0,10,18,65,16,0,33,0,55,21,15,0,0,0,0,0,7,9,8,0,0,39,0,8,41,7,22,0,0,12,0,0,9,27,18,0,7,33,65,26,34,12,0,13,18,64,7,48,26,41,27,37,32,55,41,7,9,67,18,0,0,17,18,7,26,16,0,32,10,0,41,0,41,65,22,0,18,12,7,30,26,28,27,0,40,12,36,7,0,1e+20,22,0,7,18,79,34,38,0,41,39,41,12,48,54,51,0,19,41,65,39,41,27,0,27,15,52,12,26,37,0,32,16,12,25,0,7,0,0,41,12,0,0,20,0,17,0,51,0,40,40,0,30,0,39,17,0,26,22,41,41,18,75,39,79,54,34,27,41,9,7,0,15,69,26,33,0,64,41,41,41,0,58,65,13,64,79,12,0,36
0,8,11,12,22,0,0,20,26,0,30,0,0,12,15,0,0,9,25,0,13,0,0,0,9,12,0,22,0,9,10,12,9,12,22,0,15,0,0,7,30,28,0,0,15,7,0,15,0,12,16,22,7,22,22,0,11,47,24,0,7,8,17,0,12,11,0,0,0,0,0,9,0,12,22,15,0,12,0,15,12,7,19,26,10,0,0,0,0,0,22,1e+20,12,15,15,13,28,9,0,11,0,22,0,13,28,12,0,0,16,16,9,9,22,0,12,15,21,0,19,0,25,0,12,0,0,7,0,10,0,16,0,19,0,0,8,0,0,0,12,7,0,0,12,0,0,15,0,7,22,12,22,15,29,0,21,7,9,12,15,47,11,0,12,0,30,0,0,0,15,9,15,12,17,7,22,0,13,10,12,0
10,8,41,54,52,41,33,28,51,37,52,41,25,72,10,41,0,62,41,45,41,0,50,22,33,11,14,21,41,28,40,54,9,0,62,39,39,15,29,9,33,33,49,50,41,51,7,0,0,35,0,21,33,26,9,0,0,7,0,41,62,8,58,41,41,0,41,41,25,23,25,9,41,11,52,41,0,54,0,40,42,65,0,48,41,10,59,39,49,34,0,12,1e+20,0,10,13,33,0,41,23,9,0,0,21,10,0,48,0,0,0,50,16,21,45,40,46,0,49,44,49,41,25,20,0,22,14,49,39,41,41,59,48,41,18,0,49,22,54,41,40,10,41,42,41,50,41,0,65,41,18,0,10,7,9,18,0,50,40,0,7,0,31,0,0,33,29,9,7,0,9,9,54,17,9,0,10,13,10,144,9
24,0,43,14,0,32,43,45,62,0,46,50,58,49,18,28,43,18,51,43,0,40,35,19,50,36,50,50,11,52,18,43,15,57,19,0,31,0,14,0,0,11,58,56,16,0,0,144,0,0,19,13,21,29,16,11,19,26,8,15,53,0,7,60,61,54,32,11,17,50,58,39,50,36,0,7,43,14,17,43,26,21,0,49,14,24,0,7,61,58,7,15,0,1e+20,19,18,11,11,35,0,14,19,19,7,39,0,14,14,19,19,0,14,13,59,14,40,0,58,0,14,43,17,46,17,50,48,61,43,50,10,0,43,50,43,48,43,19,21,43,14,24,7,26,43,35,58,40,21,60,17,19,17,14,14,0,0,8,14,7,26,19,22,11,30,0,14,34,0,15,19,22,43,7,18,16,0,18,17,0,7
15,0,16,0,10,7,12,21,8,12,9,7,17,12,17,15,23,9,34,0,35,7,0,11,0,0,7,9,15,8,16,18,17,9,0,37,35,16,16,24,40,9,27,9,8,24,7,19,7,22,12,32,7,14,16,15,20,42,44,18,0,0,7,30,21,8,7,15,17,7,17,17,0,0,10,7,23,0,31,17,24,11,20,18,18,15,14,31,12,11,18,15,10,19,1e+20,35,9,32,7,9,35,12,8,18,12,0,15,19,12,42,26,13,32,12,41,7,12,27,35,15,12,17,0,31,0,12,12,22,14,22,14,0,14,19,26,17,11,0,14,24,15,0,24,0,0,8,7,11,19,12,12,41,39,35,38,35,12,41,7,42,20,8,15,12,40,16,19,7,16,16,8,18,0,38,0,12,35,20,10,17
40,7,10,25,64,16,0,13,7,62,21,15,12,11,0,0,0,16,0,13,0,0,50,11,8,17,11,13,0,0,33,0,0,0,13,27,0,9,41,62,15,39,15,9,25,44,65,18,47,39,40,15,44,49,65,40,47,9,55,15,0,7,13,18,28,39,16,0,32,0,12,40,0,17,64,20,0,25,0,0,37,17,28,27,22,40,11,36,0,7,79,13,13,18,35,1e+20,39,26,0,40,54,40,0,53,53,40,8,15,40,77,24,53,15,24,15,15,74,15,34,22,21,32,16,0,25,15,0,13,0,59,11,0,0,20,7,23,11,53,11,58,40,0,37,0,50,17,0,17,21,57,40,37,53,54,57,53,42,15,40,9,47,7,14,68,15,41,11,65,47,40,40,0,53,55,13,64,144,12,13,47
33,21,33,51,41,33,7,8,0,33,18,40,32,40,12,48,18,40,22,0,33,42,33,41,0,0,0,12,48,0,56,45,44,15,41,51,33,18,37,19,48,144,33,44,59,40,26,11,14,0,16,27,51,23,16,22,38,16,31,40,44,21,48,33,40,0,33,48,27,10,32,8,48,0,41,60,18,51,33,55,52,40,11,38,33,33,33,32,51,33,34,28,33,11,9,39,1e+20,31,44,18,0,0,0,0,11,11,44,11,16,8,41,0,27,33,41,43,22,33,64,40,33,27,20,33,0,0,51,10,47,59,33,33,47,19,16,9,41,43,0,33,33,40,52,40,33,40,42,40,51,0,0,33,15,0,0,13,33,41,18,16,38,58,18,13,48,37,0,26,15,9,0,45,26,31,17,12,39,33,33,0
36,0,0,18,13,0,18,0,0,0,0,0,11,18,47,17,0,52,0,0,0,17,13,16,0,12,13,0,0,0,12,11,10,7,19,18,40,0,0,24,31,31,33,13,12,37,69,11,26,36,0,20,0,15,26,36,27,9,32,18,0,0,0,18,18,13,0,0,17,10,11,36,0,12,13,22,0,18,7,13,9,0,28,8,18,36,14,7,0,15,38,9,0,11,32,26,31,1e+20,0,0,14,0,49,36,17,46,0,19,0,37,30,38,20,0,16,20,11,33,32,0,12,17,16,7,18,0,0,0,0,7,14,0,0,20,7,23,16,19,14,19,36,0,9,0,13,18,17,0,0,12,0,0,0,14,39,13,8,16,11,9,27,0,14,47,31,0,49,69,51,9,0,11,14,35,15,12,26,8,0,14
27,28,50,63,54,93,35,35,68,55,47,74,35,69,9,72,46,47,46,28,65,67,69,54,35,28,44,37,73,41,56,66,35,37,52,39,46,18,38,17,0,44,49,47,71,48,16,35,9,0,9,7,33,24,18,18,0,7,0,84,61,28,65,65,65,28,93,73,38,43,35,28,59,28,54,65,46,63,44,68,42,75,0,40,52,27,67,41,78,35,0,0,41,35,7,0,44,0,1e+20,9,9,0,0,12,7,0,74,9,9,0,72,18,7,35,49,35,0,49,52,49,48,38,28,44,50,37,78,35,72,46,67,54,47,28,44,70,54,44,37,40,27,65,42,65,69,65,67,75,54,18,0,40,0,9,0,0,42,49,25,7,0,58,17,0,0,38,0,16,18,7,17,66,23,35,0,17,0,45,41,0
54,21,29,13,56,13,23,13,11,54,23,28,0,22,0,0,29,62,21,8,18,54,12,68,8,61,13,29,0,19,8,21,45,27,10,0,0,47,41,48,19,18,9,0,0,12,18,0,76,50,57,7,37,7,54,18,12,18,43,7,13,21,0,0,0,24,13,0,39,13,0,12,0,61,56,9,29,13,62,11,30,20,30,43,0,54,67,43,13,19,41,11,23,0,9,40,18,0,9,1e+20,39,47,0,12,51,12,40,18,57,12,0,53,7,0,11,13,53,9,29,44,11,39,24,62,12,18,13,30,0,48,67,31,0,30,18,13,68,44,41,40,54,0,30,0,12,16,54,20,0,79,47,48,66,39,57,63,43,11,48,18,12,48,19,12,19,41,19,18,29,66,45,21,53,62,12,60,40,47,23,12
39,21,21,12,39,16,14,0,0,39,21,15,12,16,14,14,29,14,0,8,50,53,52,52,8,39,13,0,0,13,14,0,36,0,16,0,14,48,33,63,16,0,23,13,0,24,18,14,39,22,39,20,37,16,49,30,0,35,83,18,0,21,0,0,14,12,16,0,32,0,12,0,0,39,39,9,29,12,71,0,30,19,20,35,18,39,14,36,7,14,39,0,9,14,35,54,0,14,9,39,1e+20,39,14,19,39,14,39,19,39,30,19,52,20,0,38,14,39,23,39,22,14,32,0,71,0,0,7,13,0,37,14,0,0,19,18,8,52,48,19,39,39,0,30,0,52,14,53,19,0,39,39,39,64,144,65,63,34,38,39,35,0,39,15,12,16,33,24,18,39,52,55,0,53,53,14,46,54,38,9,50
59,21,0,0,45,16,20,15,22,47,21,15,0,14,15,0,29,7,0,16,13,43,39,14,8,47,0,0,0,9,10,9,36,0,22,0,15,40,33,53,0,0,15,0,25,0,38,19,47,0,69,13,37,0,62,0,0,22,51,15,10,21,0,17,0,26,16,0,32,0,0,47,0,47,45,0,29,0,10,0,42,19,14,38,0,59,0,36,14,11,41,22,0,19,12,40,0,0,0,47,39,1e+20,27,7,62,0,40,0,69,39,0,53,13,0,11,0,58,15,0,22,0,32,16,10,7,15,14,0,0,37,0,0,0,20,8,0,14,56,0,47,59,0,42,0,39,17,43,19,9,47,144,36,42,39,45,47,34,11,45,22,0,53,0,9,0,33,7,38,0,75,64,9,47,41,9,47,40,10,0,43
52,0,0,0,0,0,38,8,0,0,0,0,8,14,47,17,15,39,0,0,0,17,9,30,0,12,0,0,0,8,8,0,15,0,22,0,53,0,0,0,0,0,35,13,10,24,18,19,19,39,23,13,0,0,0,47,27,12,8,15,10,0,0,17,17,21,0,0,0,10,8,0,0,12,0,0,15,0,17,27,26,0,28,8,18,52,15,0,14,15,12,0,0,19,8,0,0,49,0,0,14,27,1e+20,47,8,57,0,0,23,21,11,28,13,17,12,20,0,35,0,0,0,0,18,17,18,0,14,0,0,7,15,0,0,0,0,15,30,9,0,0,52,0,26,0,9,18,17,0,0,10,27,0,0,14,16,0,0,12,0,12,27,0,14,56,0,0,55,18,54,23,8,0,17,20,15,0,0,8,0,7
55,11,11,7,11,16,18,20,0,7,21,0,0,0,0,0,15,8,10,21,13,0,39,23,8,12,0,21,0,12,8,9,29,0,0,11,0,15,33,19,12,0,9,0,8,35,59,7,52,54,0,32,11,12,12,52,27,8,43,0,0,11,0,0,0,39,16,0,10,0,0,52,0,12,11,15,15,7,15,0,23,11,28,9,21,55,0,53,7,11,48,13,21,7,18,53,0,36,12,12,19,7,47,1e+20,51,52,0,28,0,39,9,28,32,8,16,30,53,9,12,22,15,10,16,15,25,0,7,0,0,11,0,0,0,20,0,15,23,57,0,0,55,0,23,0,39,35,0,11,0,11,7,8,0,19,45,26,0,16,8,8,27,10,15,63,12,33,17,59,55,43,57,9,15,23,15,40,53,16,21,36
40,0,0,12,45,16,7,15,22,51,34,15,17,7,7,7,51,0,0,8,0,50,39,11,8,51,0,0,7,9,17,11,17,14,0,0,16,57,33,53,9,11,0,27,16,0,38,39,58,26,46,7,57,0,67,76,30,45,43,0,0,0,7,7,7,26,16,7,39,17,17,51,7,51,45,0,51,12,0,27,30,13,28,27,0,40,0,36,7,7,54,28,10,39,12,53,11,17,7,51,39,62,8,51,1e+20,63,53,0,46,39,0,51,7,20,0,7,55,0,0,22,0,39,16,0,7,7,7,0,7,44,0,0,7,20,7,0,11,44,0,47,40,7,30,7,39,22,50,13,0,51,62,13,49,39,63,51,34,0,58,45,30,53,9,64,9,33,16,38,7,51,67,11,47,41,9,63,53,22,10,36
40,0,0,8,8,16,18,0,0,8,33,0,0,0,27,17,0,27,12,8,0,17,39,16,8,12,0,0,0,0,27,10,10,0,0,8,27,0,33,12,8,11,41,13,8,24,56,0,64,46,0,15,12,8,8,55,38,20,8,10,0,0,0,8,17,39,16,0,11,10,0,63,0,12,8,8,0,8,10,7,0,0,28,8,18,40,10,36,0,15,51,12,0,0,0,40,11,46,0,12,14,0,57,52,63,1e+20,12,13,0,39,10,38,15,0,30,27,54,41,20,22,0,11,16,10,25,0,0,0,0,15,10,0,0,28,0,23,16,44,0,0,40,0,0,0,39,35,17,0,0,0,0,0,7,14,62,26,0,30,22,20,38,9,14,63,8,33,27,56,48,9,45,10,10,28,25,40,40,8,0,43
65,21,50,78,40,53,7,7,7,61,16,55,25,40,0,40,36,47,13,0,67,87,47,55,0,40,24,19,47,0,47,46,36,21,50,39,46,56,45,52,8,44,49,64,40,48,0,14,23,0,40,7,86,7,46,16,11,23,40,49,47,21,40,40,36,0,53,47,32,17,25,0,40,40,40,80,36,78,44,47,63,81,16,81,52,65,67,39,40,33,0,0,48,14,15,8,44,0,74,40,39,40,0,0,53,12,1e+20,23,40,0,87,40,7,43,40,35,16,49,35,63,40,32,20,44,17,23,40,7,47,40,67,47,47,0,7,7,55,40,0,40,65,40,63,40,47,56,87,81,47,40,40,56,40,39,8,37,74,40,55,23,11,85,8,33,8,45,0,0,0,47,40,46,51,40,9,40,8,46,48,0
15,7,26,15,10,13,0,0,7,7,0,13,0,0,0,0,15,7,10,16,19,28,0,17,0,17,17,19,0,0,7,0,17,21,18,18,0,19,54,17,19,11,11,0,0,29,10,14,13,26,10,29,19,0,0,0,9,19,19,25,0,7,0,18,14,10,13,0,17,0,0,0,0,17,10,0,15,15,15,0,0,35,19,31,37,15,14,24,0,10,19,0,0,14,19,15,11,19,9,18,19,0,0,28,0,13,23,1e+20,10,28,19,30,29,8,25,7,11,11,19,43,0,17,0,15,17,29,0,13,0,0,14,0,0,19,18,17,17,12,0,28,15,0,0,0,0,16,28,35,11,17,0,7,0,19,19,29,0,25,18,19,9,24,0,33,19,54,11,10,0,12,17,0,11,38,0,25,15,12,0,7
58,21,21,0,45,16,20,0,7,46,21,15,0,14,12,7,40,0,14,0,7,46,0,52,8,46,0,12,0,0,19,12,36,7,22,22,13,53,45,41,7,16,15,0,10,12,12,19,46,37,144,20,37,0,55,12,11,16,51,15,10,21,0,17,0,12,16,0,43,8,0,0,8,46,45,9,40,0,44,15,35,33,23,27,0,58,0,36,14,24,41,16,0,19,12,40,16,0,9,57,39,69,23,0,46,0,40,10,1e+20,0,0,41,20,14,11,0,85,15,16,37,12,43,0,44,0,15,14,7,0,53,0,0,0,0,0,0,52,44,0,40,58,0,35,7,0,7,46,33,9,46,69,68,68,39,52,65,34,11,60,16,11,46,12,9,7,45,0,12,10,72,45,12,46,41,34,46,40,38,0,43
51,0,23,13,23,24,0,0,7,51,21,15,12,13,21,7,0,23,0,13,0,0,39,21,8,17,7,0,0,0,12,0,15,0,21,31,0,9,41,17,30,8,13,0,23,37,58,19,46,48,0,20,0,29,39,39,47,39,69,18,10,0,0,18,14,39,24,0,17,0,12,46,0,17,23,13,0,13,10,0,21,11,28,35,18,51,0,36,0,7,65,16,0,19,42,77,8,37,0,12,30,39,21,39,39,39,0,28,0,1e+20,19,41,20,17,27,15,52,13,30,22,16,17,34,10,25,13,0,13,0,13,0,0,0,20,18,23,21,49,7,7,51,0,21,0,39,17,0,11,16,39,39,13,16,30,65,39,42,27,0,39,47,0,14,52,30,41,0,58,47,60,39,0,33,24,44,51,77,8,0,52
46,21,66,63,65,75,0,9,0,61,37,83,25,41,0,90,40,44,46,33,86,90,48,38,0,38,14,9,83,0,40,46,36,0,52,55,54,55,29,17,19,41,58,83,62,71,0,0,15,28,0,19,40,16,7,0,11,26,19,55,41,21,92,71,72,0,75,83,25,10,25,9,50,38,65,83,40,63,44,54,33,67,19,31,55,46,71,39,83,26,39,9,50,0,26,24,41,30,72,0,19,0,11,9,0,10,87,19,0,19,1e+20,13,19,35,56,37,11,58,54,40,48,25,20,44,22,0,83,13,83,46,71,37,44,19,25,54,38,56,0,40,46,83,33,83,48,46,90,67,44,0,0,51,9,19,30,19,57,56,7,26,11,77,7,0,19,29,11,0,0,7,0,46,11,19,18,0,24,45,50,13
41,21,21,32,41,16,18,0,7,41,21,28,0,0,10,0,29,40,0,20,33,57,28,54,8,41,17,17,0,0,7,10,46,24,10,0,39,49,45,54,15,0,11,0,0,78,41,14,32,39,41,7,37,0,41,41,27,13,41,13,0,21,0,0,14,28,16,0,32,0,0,28,0,41,41,9,29,32,46,0,30,28,28,35,48,41,55,28,0,0,41,9,16,14,13,53,0,38,18,53,52,53,28,28,51,38,40,30,41,41,13,1e+20,7,17,13,20,28,11,48,39,11,32,16,46,35,17,0,13,0,44,55,0,0,20,13,23,54,28,13,57,41,0,30,0,28,28,57,28,11,46,53,50,54,52,41,63,34,13,51,13,27,45,14,29,15,45,11,41,41,62,53,10,57,48,15,41,53,46,16,28
12,7,24,8,20,0,13,20,0,7,7,0,0,13,8,7,8,7,14,43,7,0,0,20,0,0,7,29,0,7,12,7,18,0,38,18,13,31,12,24,20,27,0,11,25,32,27,13,7,25,20,144,12,17,33,0,7,14,28,18,10,7,17,31,0,19,0,0,24,7,0,9,0,0,20,15,8,8,18,7,13,18,14,8,28,12,8,15,13,20,27,22,21,13,32,15,27,20,7,7,20,13,13,32,7,15,7,29,20,20,19,7,1e+20,8,36,23,27,0,27,7,7,24,0,18,8,27,13,13,0,7,8,8,0,19,0,17,20,13,0,0,12,8,13,8,0,8,0,18,22,14,13,13,48,20,27,41,13,36,7,14,7,15,14,9,20,12,8,27,0,20,7,7,17,33,13,12,15,0,21,7
24,8,47,46,35,43,0,0,35,42,35,35,25,35,17,42,0,51,35,24,35,28,44,25,33,20,47,0,35,0,42,35,15,15,52,43,35,8,29,9,9,33,35,44,45,35,0,59,0,0,14,8,52,0,0,0,0,0,0,35,45,8,35,35,62,0,43,35,25,0,25,11,35,20,35,35,0,46,10,35,50,59,0,51,46,24,35,46,35,34,0,0,45,59,12,24,33,0,35,0,0,0,17,8,20,0,43,8,14,17,35,17,8,1e+20,56,28,8,35,43,71,35,25,20,10,52,14,35,0,35,35,35,35,35,0,0,35,25,35,35,43,24,35,50,35,44,35,28,59,46,17,0,18,7,0,20,14,44,56,0,0,0,53,9,42,9,29,0,0,8,17,0,35,0,8,16,12,24,12,45,16
12,7,60,40,56,40,12,11,51,55,51,40,25,54,12,52,0,52,40,24,40,73,53,50,33,20,20,0,40,0,40,40,9,15,40,59,51,18,38,23,16,41,63,52,40,52,28,14,12,21,11,36,61,15,16,12,12,0,24,51,50,7,40,67,57,12,40,40,43,0,25,11,40,20,56,40,0,40,40,40,44,39,19,50,65,12,54,46,47,47,27,12,40,14,41,15,41,16,49,11,38,11,12,16,0,30,40,25,11,27,56,13,36,56,1e+20,28,11,63,44,72,40,43,20,40,51,20,47,13,40,47,54,40,40,16,0,52,50,49,21,54,12,40,44,40,53,52,73,39,51,16,11,51,0,38,28,25,51,144,0,0,12,39,22,33,16,38,13,28,12,20,0,40,14,28,12,12,15,55,40,14
30,41,28,38,39,28,36,47,33,28,68,35,58,40,20,35,40,45,61,67,35,35,40,45,61,52,40,55,35,57,28,44,7,33,43,28,28,17,35,0,0,43,45,28,41,38,18,40,19,37,0,23,28,22,17,27,27,7,0,33,45,41,50,59,35,40,28,35,58,50,58,32,28,52,39,35,40,38,28,33,35,35,20,37,32,30,45,38,41,67,15,15,46,40,7,15,43,20,35,13,14,0,20,30,7,27,35,7,0,15,37,20,23,28,28,1e+20,0,45,28,28,28,58,53,28,58,38,41,50,35,35,45,45,35,50,50,48,45,38,61,28,30,45,35,35,40,36,35,35,43,17,0,28,15,14,0,0,28,28,0,7,27,28,17,12,0,35,29,18,27,7,7,44,22,20,28,7,15,45,46,7
40,13,13,23,11,16,16,0,7,61,39,15,0,14,0,0,0,7,14,8,0,0,39,7,8,17,7,12,0,0,11,12,8,0,0,24,13,17,41,64,11,22,15,31,11,36,49,0,49,52,85,27,54,11,50,60,54,41,53,26,0,13,0,11,0,39,16,0,11,10,0,42,0,17,11,22,0,23,0,14,43,0,32,27,13,40,0,36,14,31,52,21,0,0,12,74,22,11,0,53,39,58,0,53,55,54,16,11,85,52,11,28,27,8,11,0,1e+20,15,23,22,12,11,16,0,25,15,14,0,0,65,0,0,0,20,0,23,7,52,0,40,40,0,43,0,39,17,0,0,9,53,58,16,62,39,60,66,34,11,22,41,54,17,14,55,11,41,0,49,42,49,50,12,42,13,21,51,74,8,0,36
9,9,40,55,40,47,37,17,40,52,40,56,55,49,20,57,15,20,49,35,43,17,56,38,33,21,47,0,47,9,60,46,9,0,49,54,75,9,48,20,9,33,144,53,49,48,18,58,9,7,15,0,42,14,40,0,15,16,8,55,61,9,40,40,57,0,47,47,28,25,55,0,40,21,40,64,15,55,16,55,51,57,0,40,58,9,18,32,50,41,12,0,49,58,27,15,33,33,49,9,23,15,35,9,0,41,49,11,15,13,58,11,0,35,63,45,15,1e+20,44,49,40,28,20,16,40,29,50,25,47,40,18,47,47,0,22,58,38,59,40,40,9,40,51,40,56,58,17,57,59,9,15,23,9,23,15,9,64,63,9,16,15,9,25,13,9,48,35,18,7,20,20,46,15,20,15,16,15,25,49,9
35,21,30,53,48,35,0,0,0,42,19,0,0,35,0,35,29,42,14,0,63,35,35,53,0,52,7,0,35,10,55,47,43,0,45,62,35,44,38,17,41,64,44,0,47,59,26,0,10,31,16,27,42,33,20,29,36,54,34,60,8,21,35,18,35,9,35,35,42,0,0,0,0,52,48,57,29,53,62,50,33,56,27,38,60,35,35,56,43,9,26,19,44,0,35,34,64,32,52,29,39,0,0,12,0,20,35,19,16,30,54,48,27,43,44,28,23,44,1e+20,51,35,42,20,62,0,9,43,13,35,51,35,23,0,19,18,17,53,45,19,35,35,35,33,35,35,16,35,56,0,44,0,42,32,39,26,39,35,44,58,54,36,47,12,13,41,38,11,26,18,10,10,47,8,77,9,20,34,35,44,0
22,0,51,46,40,56,0,0,7,37,61,55,25,40,12,47,18,40,40,32,40,68,62,45,33,37,26,19,40,9,58,40,43,36,49,39,39,20,79,37,15,40,49,40,40,74,34,14,22,22,37,7,74,9,22,34,22,0,22,47,47,0,40,40,63,25,56,40,25,8,25,22,48,37,40,40,18,46,40,47,64,86,22,73,46,22,40,54,47,26,37,0,49,14,15,22,40,0,49,44,22,22,0,22,22,22,63,43,37,22,40,39,7,71,72,28,22,49,51,1e+20,40,25,20,40,57,29,47,7,40,47,40,40,40,20,0,55,45,40,0,40,22,40,64,47,62,57,68,86,51,29,22,47,22,22,22,32,62,72,7,0,22,52,14,33,15,79,15,34,22,22,22,40,29,9,0,29,22,47,49,22
0,0,48,48,58,48,0,0,40,37,47,58,48,41,0,48,48,48,46,24,34,0,48,10,33,11,48,12,48,0,53,46,0,0,43,39,40,9,29,7,0,33,40,48,48,0,18,43,11,11,12,7,33,39,0,11,0,23,0,48,48,0,48,48,55,0,48,48,25,0,48,12,48,11,58,48,48,48,11,40,33,39,11,31,48,0,23,32,48,26,0,25,41,43,12,21,33,12,48,11,14,0,0,15,0,0,40,0,12,16,48,11,7,35,40,28,12,40,35,40,1e+20,25,20,11,48,14,48,11,48,46,23,48,48,35,11,48,10,44,60,40,0,48,33,48,48,48,0,39,48,12,0,0,11,14,7,11,42,40,0,23,0,0,20,11,0,29,56,18,11,9,0,46,11,27,0,7,21,0,41,12
40,59,62,32,67,25,38,38,38,57,62,40,63,45,11,25,52,40,63,62,50,41,42,40,71,61,24,55,25,55,25,46,42,45,25,25,39,32,28,42,17,27,28,25,25,40,11,17,32,17,43,24,32,10,32,11,0,17,32,55,27,59,25,42,25,50,25,25,144,38,63,32,33,61,67,25,52,32,32,45,30,41,17,27,25,40,41,32,27,62,32,0,25,17,17,32,27,17,38,39,32,32,0,10,39,11,32,17,43,17,25,32,24,25,43,58,11,28,42,25,25,1e+20,58,32,22,38,27,58,25,57,41,25,25,69,55,46,40,25,25,57,40,32,30,32,42,25,41,41,25,32,32,40,32,32,17,43,32,43,32,17,0,32,10,0,17,28,11,11,11,32,51,46,42,42,0,49,32,32,25,7
38,86,31,24,31,56,59,78,78,36,89,35,98,42,18,20,52,20,69,61,20,20,51,30,107,40,78,78,20,78,20,58,15,90,20,20,20,8,20,9,0,20,20,20,20,20,16,46,16,28,0,0,27,0,0,16,16,0,16,45,48,86,20,51,48,75,56,20,58,78,98,44,20,40,31,20,52,24,21,47,20,20,16,27,20,38,20,20,20,57,16,12,20,46,0,16,20,16,28,24,0,16,18,16,16,16,20,0,0,34,20,16,0,20,20,53,16,20,20,20,20,58,1e+20,21,78,78,20,75,20,20,20,32,20,90,73,72,30,36,78,20,38,20,20,20,51,25,20,20,62,28,16,20,0,0,28,16,25,20,0,0,16,20,14,25,0,20,0,16,24,18,16,58,16,0,31,16,16,20,20,32
60,21,28,32,44,54,17,0,0,44,0,0,7,41,24,44,29,56,20,13,82,44,49,60,7,50,0,0,44,0,40,8,43,0,43,51,50,59,29,42,0,33,16,7,50,46,18,17,23,30,44,18,44,0,44,30,0,31,22,44,10,21,44,10,40,8,54,44,32,0,7,0,0,50,44,40,29,32,144,40,54,55,27,18,51,60,62,56,10,15,12,0,0,17,31,0,33,7,44,62,71,10,17,15,0,10,44,15,44,10,44,46,18,10,40,28,0,16,62,40,11,32,21,1e+20,0,8,10,13,0,37,62,0,0,0,18,0,60,44,19,44,60,44,54,0,49,25,44,55,0,43,10,44,58,71,16,59,58,40,44,31,0,52,9,16,0,29,11,18,33,11,0,8,22,41,16,46,0,45,0,13
25,7,55,54,22,54,66,56,47,22,77,78,78,64,24,29,59,0,33,64,29,17,60,16,87,46,78,78,22,78,29,78,0,59,22,22,0,12,56,0,0,0,40,78,0,24,25,50,25,25,0,8,17,0,19,25,25,0,7,0,85,7,22,78,53,81,54,22,22,45,78,57,78,46,22,22,59,54,0,69,37,39,25,56,35,25,23,39,78,56,25,0,22,50,0,25,0,18,50,12,0,7,18,25,7,25,17,17,0,25,22,35,8,52,51,58,25,40,0,57,48,22,78,0,1e+20,55,78,56,78,29,23,91,78,98,41,93,16,25,78,32,25,36,37,88,60,72,17,39,78,7,7,0,0,0,25,25,29,51,0,0,25,14,14,36,0,56,0,25,25,16,7,78,7,0,15,25,25,8,22,25
12,65,14,29,0,27,74,73,62,15,38,27,79,55,7,14,52,0,38,40,28,28,35,10,83,46,72,91,0,79,14,62,0,86,10,15,20,13,35,0,0,0,29,14,7,12,12,48,13,14,15,27,19,0,7,12,15,7,8,56,14,65,0,53,28,84,27,0,38,69,79,32,14,46,0,14,52,29,8,47,15,24,14,43,19,12,23,7,28,48,0,7,14,48,12,15,0,0,37,18,0,15,0,0,7,0,23,29,15,13,0,17,27,14,20,38,15,29,9,29,14,38,78,8,55,1e+20,28,75,14,15,23,14,14,79,65,55,10,12,34,35,12,0,15,14,35,37,28,24,25,7,15,15,0,0,0,10,15,20,0,7,15,22,0,42,0,35,0,12,0,0,7,62,11,0,0,7,15,7,14,0
12,8,55,63,61,86,34,13,40,37,56,90,66,55,0,86,36,13,57,24,34,9,48,27,62,11,86,36,93,36,40,57,22,0,50,39,39,0,29,0,0,51,50,86,62,48,0,61,0,13,14,13,45,13,13,11,0,0,8,57,112,8,93,86,83,0,86,93,27,13,66,0,86,11,61,86,36,63,10,44,47,50,0,38,52,12,22,32,144,48,7,0,49,61,12,0,51,0,78,13,7,14,14,7,7,0,40,0,14,0,83,0,13,35,47,41,14,50,43,47,48,27,20,10,78,28,1e+20,13,86,46,22,74,86,49,24,93,27,44,97,40,12,93,47,86,48,63,9,50,95,13,14,14,7,7,0,0,50,47,13,0,0,10,33,9,0,29,0,0,7,21,0,57,13,13,0,13,0,13,49,7
0,75,13,7,21,32,83,79,75,0,37,0,82,49,7,7,59,22,38,40,13,7,35,22,75,40,82,75,0,94,15,60,7,82,0,0,0,16,7,13,10,10,25,0,0,13,20,43,0,33,7,13,7,0,22,20,10,20,23,56,21,75,0,31,0,75,32,0,58,96,82,42,7,40,21,0,59,7,13,54,7,18,13,7,13,0,18,13,13,56,0,10,39,43,22,13,10,0,35,30,13,0,0,0,0,0,7,13,7,13,13,13,13,0,13,50,0,25,13,7,11,58,75,13,56,75,13,1e+20,0,0,18,14,7,75,108,51,22,0,50,0,0,0,7,7,35,7,7,18,0,18,0,7,13,13,13,20,0,13,0,20,10,0,25,0,10,7,11,20,23,16,0,60,0,14,0,0,13,29,39,0
10,0,55,63,54,100,7,7,40,37,54,102,66,48,7,95,59,0,53,24,67,14,48,7,33,0,86,31,129,0,47,46,7,7,43,39,53,0,29,0,0,47,47,91,69,48,0,50,0,0,0,0,40,7,7,7,0,7,0,49,98,0,120,90,80,0,100,129,25,7,66,0,129,0,54,97,59,63,0,54,47,39,0,31,52,10,9,32,86,26,0,0,41,50,14,0,47,0,72,0,0,0,0,0,7,0,47,0,0,0,83,0,0,35,40,35,0,47,35,40,48,25,20,0,78,14,86,0,1e+20,53,9,74,143,60,7,91,7,44,86,40,10,123,47,117,48,70,14,39,99,0,0,0,7,0,0,0,42,40,7,7,0,38,7,0,0,29,0,0,7,7,0,46,7,0,0,0,0,7,41,0
47,28,47,46,96,53,14,0,47,89,53,61,25,48,13,63,39,40,47,31,46,46,48,45,41,37,0,21,56,7,48,50,36,0,43,39,49,49,41,37,0,59,40,46,56,53,22,10,44,7,53,7,49,25,52,10,26,25,37,46,46,28,53,46,46,12,53,56,57,7,25,17,53,37,96,53,39,46,37,63,43,39,23,38,53,47,46,39,46,26,41,16,41,10,22,59,59,7,46,48,37,37,7,11,44,15,40,0,53,13,46,44,7,35,47,35,65,40,51,47,46,57,20,37,29,15,46,0,53,1e+20,46,46,53,7,10,49,45,81,46,77,47,53,43,56,48,53,46,39,65,37,37,52,44,37,44,44,42,47,52,25,26,45,19,13,0,41,0,22,7,53,37,50,40,50,16,49,59,45,41,7
65,21,30,77,69,82,25,17,16,60,9,22,18,55,14,69,41,58,13,22,74,67,61,56,9,63,28,23,69,18,40,24,36,14,57,46,39,62,43,7,0,33,18,9,62,58,21,0,13,32,0,8,60,0,40,14,0,7,0,49,27,21,69,9,36,7,82,69,41,28,18,10,9,63,69,69,41,77,62,47,42,58,0,32,52,65,144,46,22,20,12,0,59,0,14,11,33,14,67,67,14,0,15,0,0,10,67,14,0,0,71,55,8,35,54,45,0,18,35,40,23,41,20,62,23,23,22,18,9,46,1e+20,23,16,18,18,18,56,44,23,54,65,83,42,69,61,31,67,58,9,69,0,48,56,14,15,0,42,54,45,7,0,60,18,0,0,43,22,21,14,7,0,24,43,41,0,39,11,56,59,14
10,8,60,52,65,75,7,7,40,37,47,74,51,41,19,74,51,7,57,24,41,24,74,7,51,31,81,51,74,51,40,45,9,15,43,39,23,15,29,0,7,33,47,74,62,33,0,43,0,15,0,8,30,0,12,0,0,7,0,49,74,8,74,71,72,7,75,74,25,45,51,11,74,31,65,74,51,52,0,40,33,39,0,40,52,10,23,37,74,33,0,19,48,43,0,0,33,0,54,31,0,0,0,0,0,0,47,0,0,0,37,0,8,35,40,45,0,47,23,40,48,25,32,0,91,14,74,14,74,46,23,1e+20,74,58,7,81,7,44,87,57,10,88,33,84,74,63,24,39,74,25,0,0,0,0,12,0,42,40,0,7,0,23,7,0,7,29,23,0,0,7,0,45,0,0,0,0,0,16,48,0
0,0,55,31,54,100,47,7,40,37,54,102,112,41,0,95,59,0,60,24,34,14,76,7,62,0,93,82,129,52,40,38,0,44,43,39,14,0,29,0,0,47,47,91,69,0,0,50,0,0,0,0,40,14,7,7,0,7,0,40,98,0,120,102,72,0,100,129,25,59,112,0,129,0,54,67,59,31,0,48,40,39,0,31,52,0,16,32,86,26,0,0,41,50,14,0,47,0,47,0,0,0,0,0,7,0,47,0,0,0,44,0,0,35,40,35,0,47,0,40,48,25,20,0,78,14,86,7,143,53,16,74,1e+20,87,7,91,7,44,86,40,0,123,40,117,76,63,14,39,99,0,0,0,7,0,0,0,42,40,7,7,0,7,14,0,0,29,0,0,7,7,0,38,7,0,0,0,0,7,41,0
20,8,55,13,30,32,59,79,87,20,104,87,87,42,0,0,52,18,71,72,0,0,55,34,87,40,96,82,0,87,12,85,0,85,0,18,0,0,20,17,19,19,0,87,12,31,20,43,20,38,0,19,7,15,16,20,20,0,20,53,87,8,0,49,36,95,32,0,69,45,87,52,87,40,30,0,52,13,0,47,0,11,20,20,18,20,18,27,49,71,20,0,18,43,19,20,19,20,28,30,19,20,0,20,20,28,0,19,0,20,19,20,19,0,16,50,20,0,19,20,35,69,90,0,98,79,49,75,60,7,18,58,87,1e+20,73,103,34,20,86,0,20,0,0,0,55,71,0,11,87,38,20,0,0,19,32,20,20,16,0,0,20,0,18,20,19,20,0,20,20,20,20,85,20,19,15,20,20,8,18,20
8,73,16,0,10,7,77,79,57,0,37,7,89,42,20,16,41,22,54,40,18,9,35,22,73,46,48,73,8,81,11,50,9,73,0,0,16,9,0,17,0,16,22,0,22,18,18,48,0,18,0,0,7,14,30,18,7,25,0,59,21,73,7,38,21,73,7,8,55,95,89,32,15,46,10,7,41,0,18,47,24,11,18,8,18,8,18,26,24,48,0,8,0,48,26,7,16,7,44,18,18,8,0,0,7,0,7,18,0,18,25,13,0,0,0,50,0,22,18,0,11,55,73,18,41,65,24,108,7,10,18,7,7,73,1e+20,49,22,0,34,7,8,7,24,0,35,23,9,11,17,0,8,8,18,18,18,18,7,0,7,25,7,8,22,0,0,0,11,18,25,7,0,50,7,7,0,0,7,22,0,0
15,8,55,40,42,81,77,61,84,37,62,86,94,83,15,57,56,29,49,52,42,22,50,22,86,41,93,82,42,104,49,98,0,44,42,56,0,8,44,17,17,9,58,86,9,32,24,43,15,23,0,17,0,9,31,15,15,16,17,52,103,8,42,86,36,63,81,42,46,62,94,47,86,41,42,51,56,40,0,84,33,47,15,39,23,15,18,15,93,52,17,0,49,43,17,23,9,23,70,13,8,0,15,15,0,23,7,17,0,23,54,23,17,35,52,48,23,58,17,55,48,46,72,0,93,55,93,51,91,49,18,81,91,103,49,1e+20,22,51,86,40,15,42,33,58,50,69,22,47,86,8,0,0,0,8,23,23,42,52,7,16,15,0,39,15,17,44,8,24,15,16,0,98,0,17,15,9,23,34,49,15
50,21,35,32,38,56,44,17,7,44,0,10,9,38,18,54,41,76,13,0,44,54,47,144,0,49,21,10,38,19,38,16,58,10,66,45,67,45,46,47,9,41,38,22,48,61,16,19,26,36,52,20,45,8,22,16,16,7,8,52,31,21,38,17,36,20,56,38,40,22,9,16,0,49,38,38,41,32,60,38,66,67,26,18,54,50,56,42,27,37,0,0,22,19,11,11,41,16,54,68,52,14,30,23,11,16,55,17,52,21,38,54,20,25,50,45,7,38,53,45,10,40,30,60,16,10,27,22,7,45,56,7,7,34,22,22,1e+20,47,10,38,50,38,66,0,47,16,54,67,0,66,14,56,55,52,11,51,38,50,38,7,16,41,31,25,9,46,16,16,24,27,8,16,14,69,29,43,11,60,22,7
62,0,44,54,55,48,9,13,40,85,44,71,25,41,9,53,0,49,44,37,44,49,46,47,41,17,12,25,44,0,50,44,0,12,56,49,51,13,48,41,0,43,59,53,54,66,57,21,68,52,44,13,37,13,51,44,37,9,43,44,44,0,57,44,57,39,48,44,25,0,25,55,44,17,55,54,0,54,44,40,33,46,28,40,53,62,44,36,44,35,51,0,54,21,0,53,43,19,44,44,48,56,9,57,44,44,40,12,44,49,56,28,13,35,49,38,52,59,45,40,44,25,36,44,25,12,44,0,44,81,44,44,44,20,0,51,47,1e+20,0,92,62,44,33,44,46,53,49,46,55,40,56,51,42,48,44,54,60,49,0,9,37,31,14,66,0,48,9,57,51,44,44,44,44,9,9,50,53,38,54,36
0,8,62,31,21,32,73,79,45,0,84,86,86,78,0,31,52,22,44,64,34,0,47,10,86,40,95,82,0,105,40,50,9,78,10,7,0,9,0,7,0,0,40,86,0,13,18,43,13,39,0,0,7,0,0,19,0,19,0,0,86,8,0,86,43,75,32,0,25,45,86,32,86,40,21,52,52,31,19,34,9,11,19,42,18,0,23,19,97,71,0,12,41,43,14,11,0,14,37,41,19,0,0,0,0,0,0,0,0,7,0,13,0,35,21,61,0,40,19,0,60,25,78,19,78,34,97,50,86,46,23,87,86,86,34,86,10,0,1e+20,14,0,0,9,86,47,54,0,11,86,30,0,0,19,19,12,19,9,21,0,19,0,0,0,0,0,0,13,18,18,0,0,50,25,7,0,7,11,0,41,14
50,28,58,54,80,40,7,7,14,75,40,55,32,40,17,40,39,49,51,24,47,68,40,38,50,40,17,19,40,7,40,40,36,15,40,49,39,50,48,40,0,33,40,40,40,40,7,14,40,0,40,0,47,0,47,0,7,7,40,40,40,28,40,40,50,12,40,40,57,0,32,30,40,40,80,40,39,54,44,40,43,39,0,34,44,50,54,36,40,26,40,7,40,14,24,58,33,19,40,40,39,47,0,0,47,0,40,28,40,7,40,57,0,43,54,28,40,40,35,40,40,57,20,44,32,35,40,0,40,77,54,57,40,0,7,40,38,92,14,1e+20,50,40,43,50,40,40,68,39,51,51,47,47,40,39,40,40,43,54,40,7,7,40,0,28,0,48,13,7,0,40,47,40,40,50,0,40,58,45,40,36
144,21,28,44,55,28,12,0,7,62,21,15,0,10,27,10,29,40,20,8,46,65,57,50,8,67,12,12,10,0,10,17,48,12,12,10,51,40,33,50,0,33,9,0,65,48,38,24,62,39,58,12,65,0,59,40,27,0,48,61,10,21,10,12,48,39,28,10,40,0,0,51,0,67,55,40,29,44,60,10,30,31,28,48,52,144,65,51,12,11,40,0,10,24,15,40,33,36,27,54,39,59,52,55,40,40,65,15,58,51,46,41,12,24,12,30,40,9,35,22,0,40,38,60,25,12,12,0,10,47,65,10,0,20,8,15,50,62,0,50,1e+20,10,30,10,57,44,65,31,11,65,59,48,42,39,40,49,34,12,45,0,27,65,14,61,0,33,0,38,48,52,40,17,58,41,27,72,40,38,10,43
10,0,76,77,54,68,14,0,0,37,47,109,25,48,21,88,10,40,46,24,74,47,48,38,0,0,0,0,123,7,47,46,43,7,43,39,39,14,29,0,0,40,40,91,63,58,0,7,0,14,0,8,40,0,12,7,0,0,0,49,92,0,127,74,79,7,68,123,32,7,25,0,124,0,54,103,10,77,44,47,40,46,0,40,52,10,83,46,93,26,0,0,41,7,0,0,40,0,65,0,0,0,0,0,7,0,40,0,0,0,83,0,8,35,40,45,0,40,35,40,48,32,20,44,36,0,93,0,123,53,83,88,123,0,7,42,38,44,0,40,10,1e+20,40,122,48,70,47,46,50,0,0,40,7,0,0,0,42,40,0,0,0,38,0,0,0,29,9,0,7,0,0,46,7,0,0,0,0,38,41,0
30,28,65,40,33,49,34,0,0,57,61,48,32,49,24,40,29,40,33,24,45,63,42,66,33,30,9,9,40,9,44,42,39,7,55,48,46,42,59,30,9,52,51,33,55,33,0,26,30,0,35,13,75,16,42,19,0,7,30,48,43,28,40,50,40,12,49,40,30,8,32,10,45,30,33,47,29,40,54,40,144,52,7,69,42,30,42,74,47,26,30,12,42,26,24,37,52,9,42,30,30,42,26,23,30,0,63,0,35,21,33,30,13,50,44,35,43,51,33,64,33,30,20,54,37,15,47,7,47,43,42,33,40,0,24,33,66,33,9,43,30,40,1e+20,50,42,40,63,52,33,45,42,66,30,30,30,30,63,44,30,7,0,61,7,9,9,59,9,0,7,53,30,42,30,43,0,30,37,50,42,30
10,7,55,73,54,100,14,0,40,37,47,102,66,48,20,88,17,40,46,24,74,7,48,0,40,0,58,9,117,7,47,46,7,7,43,49,39,12,29,0,0,40,40,91,65,48,7,43,0,0,7,8,43,0,10,7,0,0,0,49,92,7,117,102,72,7,100,117,32,7,66,10,117,0,54,91,17,73,0,47,50,46,0,31,52,10,69,42,86,26,0,0,41,43,0,0,40,0,65,0,0,0,0,0,7,0,40,0,7,0,83,0,8,35,40,35,0,40,35,47,48,32,20,0,88,14,86,7,117,56,69,84,117,0,0,58,0,44,86,50,10,122,50,1e+20,48,70,7,46,92,0,0,0,0,0,0,0,42,40,0,0,0,31,0,0,0,29,0,7,0,0,0,46,0,0,0,0,0,0,41,0
57,42,67,48,48,81,35,35,35,45,56,70,35,76,9,48,35,58,42,43,48,47,144,47,43,46,43,35,48,35,40,80,45,35,63,46,39,8,62,9,13,33,56,76,50,65,38,35,46,39,0,0,33,13,56,39,27,0,39,76,76,42,48,41,42,61,81,48,42,35,35,71,76,46,48,48,35,48,49,75,42,48,28,66,48,57,61,68,48,35,39,0,50,35,0,50,33,13,69,12,52,39,9,39,39,39,47,0,0,39,48,28,0,44,53,40,39,56,35,62,48,42,51,49,60,35,48,35,48,48,61,74,76,55,35,50,47,46,47,40,57,48,42,48,1e+20,78,47,48,50,39,39,47,0,52,39,35,75,53,7,0,27,38,23,39,13,62,13,38,39,53,39,80,46,7,15,39,50,46,50,49
44,0,55,55,54,83,47,15,62,37,64,91,65,48,25,71,59,18,46,32,72,24,78,16,62,45,54,54,63,61,57,55,16,51,53,39,33,8,46,0,0,40,58,67,69,32,51,58,30,42,7,8,9,0,17,51,27,16,17,9,63,0,63,63,63,30,83,63,25,45,65,43,70,45,54,63,59,55,25,47,40,46,28,65,18,44,31,17,63,41,17,15,41,58,8,17,40,18,65,16,14,17,18,35,22,35,56,16,7,17,46,28,8,35,52,36,17,58,16,57,48,25,25,25,72,37,63,7,70,53,31,63,63,71,23,69,16,53,54,40,44,70,40,70,78,1e+20,24,46,63,17,17,15,16,14,17,17,59,52,0,16,27,14,14,35,0,46,29,51,51,17,17,55,17,25,15,24,17,18,41,17
65,21,32,47,45,47,17,7,7,61,0,15,7,47,26,66,45,64,18,0,33,144,47,54,9,63,24,19,55,0,66,8,36,15,40,39,56,40,45,41,0,42,17,13,49,48,17,40,10,13,46,0,96,7,59,9,17,7,43,49,7,21,47,7,53,13,47,55,41,8,7,11,9,63,45,40,45,47,44,54,63,89,0,55,88,65,67,39,9,22,0,0,0,40,7,0,42,17,67,54,53,43,17,0,50,17,87,28,46,0,90,57,0,28,73,35,0,17,35,68,0,41,20,44,17,28,9,7,14,46,67,24,14,0,9,22,54,49,0,68,65,47,63,7,47,24,1e+20,89,11,86,43,48,42,53,0,37,74,73,52,7,17,96,21,40,0,45,17,17,7,78,43,8,43,58,15,43,0,45,0,0
31,21,59,65,46,52,7,7,7,56,0,54,25,46,12,46,30,46,39,31,64,89,48,67,7,39,17,26,58,11,57,46,47,28,49,39,39,26,52,19,11,40,57,39,65,64,23,21,23,14,33,18,71,18,19,23,0,11,11,50,50,21,46,39,69,7,52,58,41,8,25,11,47,39,46,58,30,65,55,46,52,144,11,74,65,31,58,43,50,26,26,7,65,21,11,17,40,0,75,20,19,19,0,11,13,0,81,35,33,11,67,28,18,59,39,35,0,57,56,86,39,41,20,55,39,24,50,18,39,39,58,39,39,11,11,47,67,46,11,39,31,46,52,46,48,46,89,1e+20,39,26,19,65,26,19,11,26,39,39,19,11,0,64,11,39,11,52,11,23,11,19,11,46,30,19,7,31,17,50,65,0
11,0,66,42,65,92,42,42,47,46,84,92,92,50,0,98,52,0,57,64,34,11,50,0,92,11,91,92,100,92,47,38,0,53,65,39,19,0,40,0,0,51,59,91,63,7,0,60,0,0,9,22,18,27,0,10,16,7,8,9,92,0,109,92,83,42,92,100,25,52,92,43,99,11,65,91,52,42,0,48,33,39,0,42,50,11,9,7,95,35,22,22,41,60,19,21,51,0,54,0,0,9,0,0,0,0,47,11,9,16,44,11,22,46,51,43,9,59,0,51,48,25,62,0,78,25,95,0,99,65,9,74,99,87,17,86,0,55,86,51,11,50,33,92,50,63,11,39,1e+20,7,9,9,22,0,0,0,50,51,7,7,16,19,10,11,0,40,0,0,7,0,0,38,24,0,13,0,21,0,41,0
65,28,52,33,56,24,18,17,11,62,21,15,0,30,10,7,29,67,7,18,33,86,39,66,15,56,19,7,0,18,7,16,46,7,10,18,39,60,52,55,0,0,9,0,10,51,19,17,40,18,46,14,56,0,59,0,0,0,43,0,18,28,0,10,14,26,24,0,32,18,0,19,0,56,56,9,29,33,43,0,45,26,7,45,14,65,69,36,13,18,41,12,18,17,12,57,0,12,18,79,39,47,10,11,51,0,40,17,46,39,0,46,14,17,16,17,53,9,44,29,12,32,28,43,7,7,13,18,0,37,69,25,0,38,0,8,66,40,30,51,65,0,45,0,39,17,86,26,7,1e+20,47,47,42,39,52,66,41,16,45,0,0,78,9,16,0,52,12,19,8,71,45,16,51,54,10,72,57,38,18,48
59,21,0,0,45,16,20,15,22,47,21,15,0,14,15,0,29,7,0,16,13,43,39,14,8,47,0,0,0,9,10,9,36,0,22,0,15,40,33,53,0,0,15,0,25,0,38,19,47,0,69,13,37,0,62,0,0,22,51,15,10,21,0,17,0,26,16,0,32,0,0,47,0,47,45,0,29,0,10,0,42,19,14,38,0,59,0,36,14,11,41,22,0,19,12,40,0,0,0,47,39,144,27,7,62,0,40,0,69,39,0,53,13,0,11,0,58,15,0,22,0,32,16,10,7,15,14,0,0,37,0,0,0,20,8,0,14,56,0,47,59,0,42,0,39,17,43,19,9,47,1e+20,36,42,39,45,47,34,11,45,22,0,53,0,9,0,33,7,38,0,75,64,9,47,41,9,47,40,10,0,43
48,21,21,32,45,40,20,0,24,61,8,8,0,40,27,47,36,51,13,0,55,48,47,56,15,48,0,0,40,9,48,9,36,0,40,71,55,51,44,41,9,33,23,9,56,58,7,17,19,7,68,13,48,0,36,7,21,16,19,55,0,21,40,17,36,15,40,40,40,7,0,0,0,48,45,40,36,32,44,40,66,65,14,17,40,48,48,47,14,18,18,15,10,17,41,37,33,0,40,48,39,36,0,8,13,0,56,7,68,13,51,50,13,18,51,28,16,23,42,47,0,40,20,44,0,15,14,7,0,52,48,0,0,0,8,0,56,51,0,47,48,40,66,0,47,15,48,65,9,47,36,1e+20,47,39,18,52,69,51,45,16,21,52,0,28,9,44,11,7,0,8,11,9,14,41,9,44,37,50,10,11
42,21,21,7,53,13,0,20,0,42,21,15,7,0,0,7,36,40,14,0,25,42,0,55,8,59,0,22,7,0,7,7,36,0,37,0,7,49,33,41,7,15,9,13,13,20,18,14,55,40,68,48,44,44,51,32,7,39,42,0,0,21,17,0,14,12,13,7,32,7,7,9,7,59,53,22,36,7,58,7,30,26,20,27,18,42,56,36,7,0,75,29,7,14,39,53,15,0,0,66,64,42,0,0,49,7,40,0,68,16,9,54,48,7,0,15,62,9,32,22,11,32,0,58,0,0,7,13,7,44,56,0,7,0,18,0,55,42,19,40,42,7,30,0,0,16,42,26,22,42,42,47,1e+20,64,49,80,34,0,49,39,7,49,7,7,7,33,11,18,25,42,42,7,59,48,26,49,53,45,7,0
39,21,21,12,39,16,14,0,0,39,21,15,12,16,14,14,29,14,0,8,50,53,52,52,8,39,13,0,0,13,14,0,36,0,16,0,14,48,33,63,16,0,23,13,0,24,18,14,39,22,39,20,37,16,49,30,0,35,83,18,0,21,0,0,14,12,16,0,32,0,12,0,0,39,39,9,29,12,71,0,30,19,20,35,18,39,14,36,7,14,39,0,9,14,35,54,0,14,9,39,144,39,14,19,39,14,39,19,39,30,19,52,20,0,38,14,39,23,39,22,14,32,0,71,0,0,7,13,0,37,14,0,0,19,18,8,52,48,19,39,39,0,30,0,52,14,53,19,0,39,39,39,64,1e+20,65,63,34,38,39,35,0,39,15,12,16,33,24,18,39,52,55,0,53,53,14,46,54,38,9,50
40,8,27,12,34,16,12,0,11,38,28,15,0,12,0,0,0,7,11,13,0,0,39,11,17,17,7,0,0,12,0,12,19,12,0,18,0,17,33,58,35,0,15,27,0,37,38,0,52,60,52,27,7,0,39,70,34,33,69,18,7,8,0,18,0,39,16,0,17,0,0,45,0,17,34,0,0,12,16,7,30,11,34,38,18,40,15,36,0,8,79,21,18,0,38,57,0,39,0,57,65,45,16,45,63,62,8,19,52,65,30,41,27,20,28,0,60,15,26,22,7,17,28,16,25,0,0,13,0,44,15,12,0,32,18,23,11,44,12,40,40,0,30,0,39,17,0,11,0,52,45,18,49,65,1e+20,63,43,28,10,33,34,0,16,45,35,33,0,38,45,45,45,12,49,26,7,40,57,8,18,45
49,21,28,13,50,16,0,0,0,38,21,15,0,0,14,14,39,58,0,21,26,37,35,51,15,54,7,0,0,0,12,0,50,0,0,13,0,64,43,63,13,13,9,0,12,35,39,0,70,54,65,41,37,13,52,36,26,35,76,18,0,21,0,13,0,36,16,0,43,8,0,26,0,54,50,13,39,13,59,0,30,26,46,27,18,49,0,52,0,10,54,7,0,0,35,53,13,13,0,63,63,47,0,26,51,26,37,29,65,39,19,63,41,14,25,0,66,9,39,32,11,43,16,59,25,10,0,20,0,44,0,0,0,20,18,23,51,54,19,40,49,0,30,0,35,17,37,26,0,66,47,52,80,63,63,1e+20,34,25,45,35,26,37,23,26,13,43,11,39,26,63,45,0,47,50,32,63,53,45,0,26
34,0,51,60,43,58,20,0,16,61,63,64,25,50,0,42,29,40,42,32,42,74,75,38,17,34,0,0,42,0,48,42,45,9,42,61,72,54,62,34,0,33,64,50,50,61,34,8,49,26,34,13,67,8,34,34,38,9,48,57,49,0,42,42,51,26,58,42,32,0,25,43,42,34,43,64,29,60,58,40,63,39,28,67,42,34,42,68,50,26,34,9,50,8,12,42,33,8,42,43,34,34,0,0,34,0,74,0,34,42,57,34,13,44,51,28,34,64,35,62,42,32,25,58,29,15,50,0,42,42,42,42,42,20,7,42,38,60,9,43,34,42,63,42,75,59,74,39,50,41,34,69,34,34,43,34,1e+20,51,34,9,38,65,0,34,0,62,0,34,7,34,34,42,34,34,0,34,42,38,50,47
12,7,60,40,56,40,12,11,51,55,51,40,25,54,12,52,0,52,40,24,40,73,53,50,33,20,20,0,40,0,40,40,9,15,40,59,51,18,38,23,16,41,63,52,40,52,28,14,12,21,11,36,61,15,16,12,12,0,24,51,50,7,40,67,57,12,40,40,43,0,25,11,40,20,56,40,0,40,40,40,44,39,19,50,65,12,54,46,47,47,27,12,40,14,41,15,41,16,49,11,38,11,12,16,0,30,40,25,11,27,56,13,36,56,144,28,11,63,44,72,40,43,20,40,51,20,47,13,40,47,54,40,40,16,0,52,50,49,21,54,12,40,44,40,53,52,73,39,51,16,11,51,0,38,28,25,51,1e+20,0,0,12,39,22,33,16,38,13,28,12,20,0,40,14,28,12,12,15,55,40,14
45,21,21,32,45,7,0,0,0,45,36,15,7,0,0,7,51,40,14,0,33,52,7,38,8,45,7,0,7,0,0,11,81,7,10,9,46,40,0,53,0,18,9,0,9,45,9,7,45,0,60,7,44,7,46,0,11,15,52,10,14,21,0,0,7,12,7,7,32,7,7,0,0,45,45,9,51,32,44,7,30,19,15,27,0,45,45,0,13,7,41,15,0,7,7,40,18,11,25,48,39,45,0,8,58,22,55,18,60,0,7,51,7,0,0,0,22,9,58,7,0,32,0,44,0,0,13,0,7,52,45,0,7,0,7,7,38,0,0,40,45,0,30,0,7,0,52,19,7,45,45,45,49,39,10,45,34,0,1e+20,15,11,64,41,0,0,0,9,9,10,52,45,11,47,41,12,62,40,66,0,0
0,0,16,9,19,7,7,22,29,9,19,7,24,0,0,0,22,9,21,0,35,7,0,7,0,0,14,12,7,9,16,12,0,0,0,9,23,9,8,17,0,16,16,7,25,24,27,26,7,22,16,14,7,16,25,37,30,144,0,18,7,0,0,9,0,11,7,7,17,14,24,0,0,0,19,9,22,9,31,27,7,11,36,0,18,0,7,31,0,7,9,47,7,26,42,9,16,9,7,18,35,22,12,8,45,20,23,19,16,39,26,13,14,0,0,7,41,16,54,0,23,17,0,31,0,7,0,20,7,25,7,7,7,0,25,16,7,9,19,7,0,0,7,0,0,16,7,11,7,0,22,16,39,35,33,35,9,0,15,1e+20,30,9,12,9,0,8,25,27,18,16,22,12,0,7,9,9,9,17,7,0
27,0,7,18,13,16,18,15,7,38,32,0,24,0,27,17,15,0,11,8,0,17,27,16,0,12,0,8,0,9,22,0,0,0,7,22,0,0,35,11,15,38,15,0,16,31,53,19,34,27,11,7,0,22,16,27,144,30,15,0,0,0,7,0,14,27,16,0,0,10,24,42,0,12,13,22,15,18,0,19,0,0,27,8,18,27,0,27,0,15,7,11,0,19,20,47,38,27,0,12,0,0,27,27,30,38,11,9,11,47,11,27,7,0,12,27,54,15,36,22,0,0,16,0,25,15,0,10,0,26,0,0,0,20,7,15,16,37,0,7,27,0,0,0,27,27,17,0,16,0,0,21,7,0,34,26,38,12,11,30,1e+20,9,14,40,15,35,16,53,42,9,19,0,24,20,22,12,47,18,0,27
65,28,29,77,45,44,7,0,7,62,9,15,0,38,0,39,39,51,13,0,64,96,38,41,0,55,14,14,39,0,46,8,46,14,41,49,47,40,43,41,0,58,9,9,48,48,18,22,30,8,46,15,89,8,46,9,9,9,43,56,10,28,38,7,31,8,44,39,32,16,0,11,7,55,45,71,39,77,52,39,61,64,9,72,41,65,60,38,10,15,0,0,31,22,8,7,58,0,58,48,39,53,0,10,53,9,85,24,46,0,77,45,15,53,39,28,17,9,47,52,0,32,20,52,14,22,10,0,38,45,60,23,7,0,8,0,41,31,0,40,65,38,61,31,38,14,96,64,19,78,53,52,49,39,0,37,65,39,64,9,9,1e+20,10,14,0,43,11,18,7,46,56,8,61,41,9,50,7,60,31,0
14,0,7,12,0,21,25,17,0,0,23,7,9,0,14,18,12,22,16,17,0,21,23,31,0,12,21,0,7,19,8,28,28,7,0,0,16,8,14,9,0,18,25,0,0,14,14,11,14,14,12,14,12,22,22,14,14,12,0,9,35,0,7,0,14,14,21,7,10,30,9,14,0,12,0,7,12,12,9,20,7,11,26,15,14,14,18,14,33,19,15,12,0,11,15,14,18,14,17,19,15,0,14,15,9,14,8,0,12,14,7,14,14,9,22,17,14,25,12,14,20,10,14,9,14,0,33,25,7,19,18,7,14,18,22,39,31,14,0,0,14,0,7,0,23,14,21,11,10,9,0,0,7,15,16,23,0,22,41,12,14,10,1e+20,15,0,14,0,14,23,16,0,28,14,19,23,22,14,37,0,14
61,0,11,28,13,16,21,0,7,13,21,0,0,9,12,12,0,12,11,8,0,40,39,25,17,32,17,19,0,0,24,0,9,33,9,13,21,0,41,0,0,13,13,12,12,24,51,30,70,39,9,9,19,13,13,51,40,9,51,9,9,0,0,22,27,39,16,0,0,0,0,62,0,32,13,13,0,28,16,0,9,39,28,35,31,61,0,36,9,12,69,0,0,30,12,68,13,47,0,12,12,9,56,63,64,63,33,33,9,52,0,29,9,42,33,12,55,13,13,33,11,0,25,16,36,42,9,0,0,13,0,0,0,20,0,15,25,66,0,28,61,0,9,0,39,35,40,39,11,16,9,28,7,12,45,26,34,33,0,9,40,14,15,1e+20,0,41,12,51,48,40,45,0,0,12,15,64,68,12,0,43
0,0,0,18,23,0,0,0,0,0,0,0,0,18,10,0,0,7,0,0,0,0,13,9,0,0,13,12,0,13,12,0,0,9,19,18,0,9,8,39,144,48,9,9,12,24,26,0,7,0,7,20,0,18,33,9,15,0,48,18,0,0,0,18,0,0,0,0,17,0,0,17,0,0,23,0,0,18,0,0,9,11,9,0,0,0,0,14,0,16,26,30,33,0,40,15,48,31,0,19,16,0,0,12,9,8,8,19,7,30,19,15,20,9,16,0,11,9,41,15,0,17,0,0,0,0,0,10,0,0,0,7,0,19,0,17,9,0,0,0,0,0,9,0,13,0,0,11,0,0,0,9,7,16,35,13,0,16,0,0,15,0,0,0,1e+20,8,19,26,15,13,18,0,29,31,7,12,15,9,33,14
33,0,48,52,29,45,0,0,36,48,50,44,25,29,0,36,0,29,29,40,29,45,62,46,29,28,17,19,29,0,37,29,29,21,39,37,29,12,144,45,8,37,48,29,37,65,53,14,40,33,45,12,62,8,41,45,35,8,33,29,29,0,29,29,43,33,45,29,28,0,25,33,29,28,29,37,0,52,29,29,59,52,28,72,43,33,43,62,29,46,33,0,29,14,16,41,37,0,38,41,33,33,0,33,33,33,45,54,45,41,29,45,12,29,38,35,41,48,38,79,29,28,20,29,56,35,29,7,29,41,43,29,29,20,0,44,46,48,0,48,33,29,59,29,62,46,45,52,40,52,33,44,33,33,33,43,62,38,0,8,35,43,14,41,8,1e+20,0,53,33,45,60,29,44,0,0,41,41,37,29,41
0,0,11,9,10,11,18,15,0,0,0,0,16,13,56,17,15,59,0,9,11,17,13,16,0,23,13,0,0,9,56,0,0,9,13,18,40,9,0,18,19,0,35,13,27,20,29,34,0,22,0,8,0,13,19,11,16,25,0,0,0,0,0,0,17,11,11,0,11,10,16,9,0,23,10,9,15,9,11,16,9,11,11,20,29,0,22,11,0,15,0,0,9,34,19,11,0,49,0,19,24,7,55,17,16,27,0,11,0,0,11,11,8,0,13,29,0,35,11,15,56,11,0,11,0,0,0,11,0,0,22,23,0,0,11,8,16,9,13,13,0,9,9,0,13,29,17,11,0,12,7,11,11,24,0,11,0,13,9,25,16,11,0,12,19,0,1e+20,29,11,0,16,0,13,27,15,7,11,11,9,13
38,0,23,18,13,29,18,0,0,64,21,28,0,0,18,17,11,18,0,8,18,17,38,16,8,29,0,0,0,7,12,0,0,0,17,36,18,21,53,7,26,26,18,13,29,49,144,0,56,44,12,27,0,22,16,68,53,27,78,0,0,0,0,18,24,38,29,0,11,8,0,45,0,29,13,22,11,18,18,0,0,23,28,35,36,38,21,36,0,15,64,0,7,0,7,65,26,69,16,18,18,38,18,59,38,56,0,10,12,58,0,41,27,0,28,18,49,18,26,34,18,11,16,18,25,12,0,20,0,22,21,0,0,20,18,24,16,57,18,7,38,0,0,7,38,51,17,23,0,19,38,7,18,18,38,39,34,28,9,27,53,18,14,51,26,53,29,1e+20,66,38,56,0,33,49,15,57,65,12,7,36
48,0,23,0,10,29,18,0,0,0,21,13,7,7,8,7,0,8,7,8,18,7,39,24,8,29,0,12,7,0,7,0,8,0,10,0,7,17,33,8,15,15,7,7,15,24,66,15,61,44,10,0,7,14,0,73,42,18,15,0,0,0,7,7,14,39,29,7,11,7,7,63,7,29,10,7,0,0,33,15,7,11,28,11,36,48,14,36,7,15,41,15,0,15,16,47,15,51,18,29,39,0,54,55,7,48,0,0,10,47,0,41,0,8,12,27,42,7,18,22,11,11,24,33,25,0,7,23,7,7,14,0,7,20,25,15,24,51,18,0,48,7,7,0,39,51,7,11,7,8,0,0,25,39,45,26,7,12,10,18,42,7,23,48,15,33,11,66,1e+20,9,0,0,18,14,23,7,47,8,0,44
52,21,0,0,45,16,27,7,0,62,21,15,7,27,0,0,36,7,7,20,0,78,53,27,8,55,20,9,7,13,8,9,51,0,35,0,20,40,45,66,13,9,20,0,10,9,38,19,80,35,72,20,37,20,59,40,9,16,57,15,10,21,0,17,0,26,16,7,32,7,7,40,0,55,45,9,36,0,11,9,53,19,28,35,0,52,7,36,21,18,41,9,9,19,16,40,9,9,7,66,52,75,23,43,51,9,47,12,72,60,7,62,20,17,20,7,49,20,10,22,9,32,18,11,16,0,21,16,7,53,7,7,7,20,7,16,27,44,0,40,52,0,53,0,53,17,78,19,0,71,75,8,42,52,45,63,34,20,52,16,9,46,16,40,13,45,0,38,9,1e+20,70,9,47,54,9,71,40,15,9,49
40,0,0,0,45,16,0,15,22,45,21,15,17,0,0,0,15,11,0,16,0,43,39,8,8,45,0,0,0,22,18,0,9,0,18,0,16,40,60,71,18,0,20,0,16,0,56,22,45,26,45,7,37,18,65,45,19,22,43,0,0,0,0,0,0,26,16,0,51,0,17,45,0,45,45,0,15,0,0,20,30,11,28,38,0,40,0,36,0,0,41,15,9,22,8,40,0,0,17,45,55,64,8,57,67,45,40,17,45,39,0,53,7,0,0,7,50,20,10,22,0,51,16,0,7,7,0,0,0,37,0,0,0,20,0,0,8,44,0,47,40,0,30,0,39,17,43,11,0,45,64,11,42,55,45,45,34,0,45,22,19,56,0,45,18,60,16,56,0,70,1e+20,0,45,59,0,47,40,10,9,36
17,58,38,59,46,46,56,65,108,45,49,38,81,96,9,46,52,16,58,40,51,8,80,16,50,37,86,62,46,66,46,144,11,57,43,39,47,8,29,0,0,45,46,38,46,8,0,43,8,16,12,7,33,0,9,0,0,12,0,93,54,58,46,46,46,50,46,46,46,61,81,32,38,37,46,46,52,59,8,97,42,46,7,40,46,17,24,41,57,37,0,12,54,43,18,0,45,11,66,21,0,9,0,9,11,10,46,0,12,0,46,10,7,35,40,44,12,46,47,40,46,46,58,8,78,62,57,60,46,50,24,45,38,85,50,98,16,44,50,40,17,46,42,46,80,55,8,46,38,16,9,9,7,0,12,0,42,40,11,12,0,8,28,0,0,29,0,0,0,9,0,1e+20,0,8,0,0,0,8,54,0
58,21,14,11,56,16,7,17,7,47,21,21,0,14,17,7,44,23,0,17,25,43,46,14,8,47,13,28,7,0,7,0,47,18,31,7,0,40,44,55,29,26,15,0,13,21,33,7,47,0,46,17,40,31,49,18,24,0,43,7,14,21,24,7,7,26,16,7,42,10,0,33,7,47,56,16,44,11,22,17,30,30,11,38,10,58,43,44,13,0,58,17,17,7,0,53,26,14,23,53,53,47,17,15,47,10,51,11,46,33,11,57,17,0,14,22,42,15,8,29,11,42,16,22,7,11,13,0,7,40,43,0,7,20,7,0,14,44,25,40,58,7,30,0,46,17,43,30,24,51,47,14,59,53,49,47,34,14,47,0,24,61,14,0,29,44,13,33,18,47,45,0,1e+20,47,13,61,53,14,17,47
41,28,34,57,54,0,18,0,0,45,21,15,12,0,20,17,29,60,9,0,33,58,7,69,8,48,7,7,0,13,27,8,55,0,0,18,59,59,0,60,31,31,20,13,12,77,49,18,10,7,41,33,49,34,55,7,20,7,72,25,14,28,0,18,17,12,0,0,42,0,12,7,0,48,54,9,29,57,41,7,43,19,7,35,25,41,41,14,13,20,65,7,9,18,38,55,31,35,35,62,53,41,20,23,41,28,40,38,41,24,19,48,33,8,28,20,13,20,77,9,27,42,0,41,0,0,13,14,0,50,41,0,0,19,7,17,69,9,7,50,41,0,43,0,7,25,58,19,0,54,41,41,48,53,26,50,34,28,41,7,20,41,19,12,31,0,27,49,14,54,59,8,47,1e+20,15,59,55,38,9,0
27,0,10,0,11,23,15,13,0,0,9,7,0,0,31,22,0,16,9,13,0,15,15,29,0,12,0,13,0,0,0,0,44,0,29,0,24,8,0,18,7,17,15,13,23,24,15,16,15,33,34,13,9,13,9,15,22,9,0,10,10,0,13,0,0,15,23,0,0,9,0,15,0,12,11,13,0,0,16,0,0,7,24,8,15,27,0,0,0,22,13,22,0,16,0,13,17,15,0,12,14,9,15,15,9,25,9,0,34,44,18,15,13,16,12,28,21,15,9,0,0,0,31,16,15,0,0,0,0,16,0,0,0,15,0,15,29,9,0,0,27,0,0,0,15,15,15,7,13,10,9,9,26,14,7,32,0,12,12,9,22,9,23,15,7,0,15,15,23,9,0,0,13,15,1e+20,0,13,8,0,31
72,21,21,12,52,23,0,0,7,74,21,22,0,0,0,0,29,32,0,8,32,43,39,43,8,62,0,7,0,0,12,0,32,7,7,12,0,32,41,41,12,12,16,9,12,32,57,0,79,26,46,12,44,12,71,47,12,9,52,19,14,21,0,12,0,26,23,0,49,0,0,40,0,62,52,21,29,12,46,0,30,31,28,34,0,72,39,36,13,0,64,0,10,0,12,64,12,12,17,60,46,47,0,40,63,40,40,25,46,51,0,41,12,12,12,7,51,16,20,29,7,49,16,46,25,7,13,0,0,49,39,0,0,20,0,9,43,50,7,40,72,0,30,0,39,24,43,31,0,72,47,44,49,46,40,63,34,12,62,9,12,50,22,64,12,41,7,57,7,71,47,0,61,59,0,1e+20,64,44,10,36
40,7,10,25,64,16,0,13,7,62,21,15,12,11,0,0,0,16,0,13,0,0,50,11,8,17,11,13,0,0,33,0,0,0,13,27,0,9,41,62,15,39,15,9,25,44,65,18,47,39,40,15,44,49,65,40,47,9,55,15,0,7,13,18,28,39,16,0,32,0,12,40,0,17,64,20,0,25,0,0,37,17,28,27,22,40,11,36,0,7,79,13,13,18,35,144,39,26,0,40,54,40,0,53,53,40,8,15,40,77,24,53,15,24,15,15,74,15,34,22,21,32,16,0,25,15,0,13,0,59,11,0,0,20,7,23,11,53,11,58,40,0,37,0,50,17,0,17,21,57,40,37,53,54,57,53,42,15,40,9,47,7,14,68,15,41,11,65,47,40,40,0,53,55,13,64,1e+20,12,13,47
38,21,21,32,38,53,19,27,10,38,8,0,19,38,0,38,63,60,16,8,38,45,46,60,8,38,21,0,45,9,48,8,48,9,38,50,48,45,37,45,9,33,25,9,50,46,12,17,10,8,38,0,45,14,60,8,18,17,23,38,21,21,38,0,36,18,53,45,32,23,19,8,0,38,38,38,63,32,45,46,50,50,8,18,46,38,56,44,13,11,12,10,10,17,20,12,33,8,45,47,38,10,8,16,22,8,46,12,38,8,45,46,0,12,55,45,8,25,35,47,0,32,20,45,8,7,13,29,7,45,56,16,7,8,22,34,60,38,0,45,38,38,50,0,46,18,45,50,0,38,10,50,45,38,8,45,38,55,66,17,18,60,37,12,9,37,11,12,8,15,10,8,14,38,8,44,12,1e+20,10,8
10,8,41,54,52,41,33,28,51,37,52,41,25,72,10,41,0,62,41,45,41,0,50,22,33,11,14,21,41,28,40,54,9,0,62,39,39,15,29,9,33,33,49,50,41,51,7,0,0,35,0,21,33,26,9,0,0,7,0,41,62,8,58,41,41,0,41,41,25,23,25,9,41,11,52,41,0,54,0,40,42,65,0,48,41,10,59,39,49,34,0,12,144,0,10,13,33,0,41,23,9,0,0,21,10,0,48,0,0,0,50,16,21,45,40,46,0,49,44,49,41,25,20,0,22,14,49,39,41,41,59,48,41,18,0,49,22,54,41,40,10,41,42,41,50,41,0,65,41,18,0,10,7,9,18,0,50,40,0,7,0,31,0,0,33,29,9,7,0,9,9,54,17,9,0,10,13,10,1e+20,9
43,0,14,0,0,24,7,0,0,36,21,22,0,14,16,7,0,16,0,9,0,0,49,7,8,17,13,0,0,0,0,0,15,0,14,13,20,13,41,52,14,0,9,0,7,37,36,7,49,43,43,7,0,14,46,36,27,0,49,7,7,0,0,7,7,36,24,0,7,0,0,36,0,17,0,0,0,0,13,0,30,0,28,27,0,43,14,36,7,16,36,0,9,7,17,47,0,14,0,12,50,43,7,36,36,43,0,7,43,52,13,28,7,16,14,7,36,9,0,22,12,7,32,13,25,0,7,0,0,7,14,0,0,20,0,15,7,36,14,36,43,0,30,0,49,17,0,0,0,48,43,11,0,50,45,26,47,14,0,0,27,0,14,43,14,41,13,36,44,49,36,0,47,0,31,36,47,8,9,1e+20
