1e+20,46,52,45,70,67,55,50,54,73,53,55,61,48,42,49,71,57,49,46,51,54,52,40,56,49,46,61,61,45,50,52,33,45,45,41,48,41,51,31,15,40,38,42,44,42,34,43,53,53,42,22,48,37,50,54,32,17,39,43,61,46,61,54,57,61,67,61,50,44,61,46,56,49,70,50,71,45,48,49,53,46,22,54,54,144,54,49,54,45,44,21,40,43,19,42,40,31,52,45,40,36,27,47,39,47,53,26,42,41,55,47,22,32,46,56,34,38,37,53,56,50,58,48,54,50,54,44,58,57,54,54,55,57,45,48,40,55,47,77,144,61,53,56,52,48,54,46,59,55,36,42,47,40,40,58,50,46,40,17,32,55,32,36,15,51,48,34,32,59,37,52,41,41,28,47,42,48,40,29
46,1e+20,41,48,26,38,61,82,87,43,80,40,80,79,27,35,50,23,69,64,33,21,76,28,86,60,74,75,35,84,31,85,28,78,33,21,24,25,31,27,4,28,26,88,54,38,25,44,28,19,25,16,31,16,22,25,19,6,30,87,53,144,34,74,69,86,38,35,60,86,80,54,42,60,26,36,50,48,23,79,32,25,11,35,35,46,45,31,40,61,25,12,27,44,9,32,28,11,71,27,23,23,24,24,27,21,37,14,25,24,32,31,16,27,42,61,29,26,18,25,31,60,92,23,58,77,40,74,36,32,45,56,42,70,82,88,28,32,79,39,46,32,32,38,76,65,21,25,61,31,23,24,28,23,26,24,25,42,29,6,19,24,22,22,4,31,19,25,18,18,20,85,25,28,17,27,32,22,27,13
52,41,1e+20,64,60,71,52,43,56,53,56,74,74,55,43,68,56,53,55,53,70,61,68,57,68,58,61,72,74,50,62,52,42,61,57,48,59,48,58,43,11,54,50,38,45,53,48,51,63,37,48,29,58,22,59,43,37,18,43,47,78,41,76,69,61,58,71,74,54,36,74,52,75,58,60,77,56,64,52,53,61,61,14,64,62,52,55,67,77,53,56,16,48,51,28,47,54,22,55,52,48,42,38,45,47,41,70,24,48,48,72,62,29,46,42,51,45,50,39,63,46,54,57,52,69,46,77,43,74,72,55,60,74,66,45,45,57,78,57,48,52,76,61,77,68,58,61,61,86,60,42,46,57,48,45,47,59,42,43,18,37,61,26,41,11,58,34,48,35,45,40,52,46,45,23,63,47,44,48,24
45,48,64,1e+20,50,56,47,37,43,55,57,61,57,44,40,57,49,50,54,53,57,51,68,48,62,64,57,60,54,51,52,49,45,58,53,51,52,47,58,51,17,49,51,42,54,51,47,52,56,37,45,34,57,27,47,43,42,35,40,49,69,48,52,64,66,63,56,54,60,35,57,58,56,64,50,63,49,144,45,46,50,54,29,57,55,45,53,60,64,53,44,20,48,52,29,51,49,25,55,53,49,45,39,45,48,39,60,24,45,46,57,48,34,49,47,54,48,51,43,56,45,60,54,45,61,41,64,45,54,50,53,59,55,71,39,48,48,57,48,42,45,54,50,58,68,59,51,54,66,57,45,49,50,49,53,43,49,47,41,35,42,53,27,51,17,58,34,47,42,37,42,49,51,53,28,49,51,43,48,33
70,26,60,50,1e+20,74,30,19,30,74,34,65,49,27,28,78,63,73,33,28,71,88,52,48,47,48,40,46,92,30,55,33,42,31,56,47,57,43,61,40,7,45,50,20,27,40,35,31,65,46,40,23,67,30,53,51,42,23,42,21,60,26,93,45,48,40,74,92,50,14,49,45,71,48,144,77,63,50,64,25,64,61,22,62,71,70,38,69,59,25,51,22,46,31,23,43,45,26,34,49,48,45,30,48,43,56,77,23,40,43,82,56,23,39,30,32,32,50,40,60,63,50,36,64,52,22,59,17,78,78,38,42,67,55,21,27,48,76,27,69,70,98,64,73,52,34,88,61,50,64,45,43,61,48,37,68,66,30,41,23,42,85,25,40,7,61,51,35,28,76,36,33,47,42,26,59,43,48,46,33
67,38,71,56,74,1e+20,45,36,49,64,54,93,65,50,35,85,66,61,50,53,65,67,58,55,69,49,55,63,96,47,64,49,43,52,63,56,65,54,63,48,8,53,58,36,46,54,43,41,71,37,50,21,65,26,55,53,33,16,49,48,76,38,97,61,54,57,144,96,55,37,65,46,94,49,74,93,66,56,50,47,64,66,15,60,69,67,54,63,77,46,52,15,54,41,17,52,53,21,54,59,50,50,35,53,51,52,76,20,50,47,75,60,21,50,38,58,47,58,47,67,49,55,57,50,64,43,77,39,96,80,54,57,92,68,41,42,55,82,48,61,67,98,64,92,58,49,67,66,72,67,50,53,62,50,47,51,69,38,45,16,33,70,23,49,8,63,44,43,37,55,43,49,51,50,26,61,52,52,54,32
55,61,52,47,30,45,1e+20,76,78,55,60,53,69,80,36,31,58,20,67,52,26,19,60,23,65,47,81,74,35,83,29,74,28,64,24,19,23,16,28,24,7,23,34,59,48,40,20,42,26,33,21,16,32,35,22,23,19,13,23,67,54,61,35,70,62,66,45,35,50,85,69,41,51,47,30,42,58,47,30,68,27,20,20,27,29,55,46,30,60,54,21,9,27,42,17,27,23,35,65,25,18,20,21,21,20,37,25,30,21,23,29,21,16,23,35,54,27,34,18,24,53,50,68,30,54,74,60,75,45,35,46,56,51,71,74,75,23,32,79,57,55,31,27,47,60,52,19,20,63,24,20,18,22,18,21,28,18,35,27,13,19,19,25,25,7,28,28,20,32,24,20,74,27,28,12,26,27,18,27,21
50,82,43,37,19,36,76,1e+20,91,36,71,36,71,91,33,17,57,17,68,56,19,11,58,21,67,45,81,67,18,89,24,87,18,80,19,20,19,21,20,18,13,19,18,76,51,33,26,44,19,24,22,21,24,19,24,20,17,14,20,83,47,82,17,73,61,71,36,18,51,98,71,42,32,45,19,24,57,37,19,84,24,16,10,26,23,50,44,23,41,68,22,12,18,44,14,24,19,21,70,18,22,22,21,21,20,14,22,26,22,25,16,19,21,19,41,59,21,18,18,19,29,51,75,19,46,85,41,91,24,19,44,57,30,64,90,89,21,21,84,40,50,17,24,26,58,52,11,16,55,21,22,17,21,22,23,15,15,41,23,14,17,16,21,22,13,20,16,26,22,18,21,87,20,19,13,17,24,15,18,18
54,87,56,43,30,49,78,91,1e+20,45,78,47,83,92,29,28,65,28,77,62,35,25,63,34,79,53,95,72,33,89,31,93,30,82,31,28,29,29,34,31,13,33,28,77,52,41,27,47,33,21,29,23,42,18,30,29,30,20,28,82,60,87,35,84,62,77,49,33,53,87,83,41,45,53,30,36,65,43,38,83,33,29,11,33,33,54,48,42,63,66,29,14,30,47,20,33,33,20,71,32,29,25,29,25,27,22,34,18,29,28,34,30,23,33,46,61,31,28,30,32,35,53,87,38,56,84,63,78,42,34,48,62,49,77,82,74,34,35,96,52,54,32,33,42,63,55,25,29,69,28,25,26,29,29,30,26,27,46,32,20,30,26,23,29,13,34,24,27,25,25,26,93,29,23,21,28,33,27,30,21
73,43,53,55,74,64,55,36,45,1e+20,51,55,53,45,42,56,76,59,43,45,51,60,49,46,47,53,46,54,64,47,53,42,45,46,50,48,51,41,55,47,12,44,46,40,46,52,41,48,55,52,43,23,49,40,49,54,39,19,43,39,66,43,65,52,53,48,64,64,46,38,53,54,59,53,74,58,76,55,44,45,50,55,26,48,58,73,55,58,52,47,45,21,53,48,19,49,44,39,49,51,44,43,41,44,47,56,55,23,43,49,63,49,23,46,42,52,47,46,51,49,64,46,48,44,54,39,52,37,60,58,55,56,54,53,39,45,46,57,44,72,73,61,50,60,49,49,60,55,55,51,43,45,51,44,43,57,48,42,43,19,39,65,20,45,12,55,61,41,42,55,38,42,46,44,21,47,49,44,53,37
53,80,56,57,34,54,60,71,78,51,1e+20,64,87,76,35,49,57,40,70,70,40,38,78,43,89,74,73,76,50,78,47,82,36,77,47,38,38,34,48,38,13,43,42,76,66,52,36,54,48,27,37,19,45,19,39,42,30,20,39,81,73,80,49,85,72,90,54,50,69,77,87,59,64,74,34,55,57,57,33,77,41,41,13,51,41,53,60,44,68,73,38,13,49,54,21,40,43,21,74,42,34,33,36,33,39,29,46,22,37,36,45,47,19,40,49,69,43,42,33,45,37,69,82,33,66,70,68,70,60,43,60,71,66,78,72,82,43,45,75,43,53,48,41,62,78,71,38,41,73,38,33,35,41,34,36,31,41,49,42,20,30,35,20,36,13,48,28,36,32,31,36,82,43,33,25,41,40,38,49,23
55,40,74,61,65,93,53,36,47,55,64,1e+20,83,52,30,77,56,48,59,50,74,54,72,54,88,63,69,74,98,55,55,54,43,60,64,48,59,47,62,46,10,56,58,37,44,53,43,38,81,24,45,18,67,21,58,47,34,15,40,50,85,40,99,74,65,66,93,98,57,39,83,45,110,63,65,94,56,61,60,55,58,64,9,64,65,55,59,65,89,48,52,10,54,38,14,48,56,16,57,50,55,48,40,46,42,33,74,18,45,42,76,62,18,51,41,52,48,58,46,72,60,57,68,60,73,45,89,44,106,77,59,62,108,79,38,49,54,81,60,45,55,96,58,105,72,60,54,64,88,58,48,50,59,55,39,44,58,41,43,15,34,73,26,44,10,62,29,43,33,37,37,54,43,50,24,60,48,54,54,20
61,80,74,57,49,65,69,71,83,53,87,83,1e+20,78,31,58,67,39,76,69,52,42,85,45,93,65,89,84,67,84,47,83,32,76,47,38,45,36,50,36,10,41,48,70,55,54,34,51,52,25,37,16,51,21,47,34,28,13,33,72,75,80,66,96,76,89,65,67,67,77,144,58,91,65,49,69,67,57,42,87,53,46,15,55,50,61,54,53,85,69,38,23,40,51,12,46,41,17,79,43,40,36,31,40,36,31,51,18,37,35,54,43,16,38,45,64,34,48,28,53,46,67,94,42,72,74,85,71,80,56,54,69,91,82,75,84,45,59,83,50,61,63,53,81,85,69,42,46,86,53,36,36,45,40,37,30,47,45,41,13,28,42,20,39,10,50,22,34,27,32,31,83,41,39,28,52,46,39,40,20
48,79,55,44,27,50,80,91,92,45,76,52,78,1e+20,27,25,51,23,71,57,24,18,63,33,73,52,96,74,29,95,26,97,23,81,26,23,22,25,28,26,14,26,26,73,50,45,26,47,28,24,23,17,33,21,23,25,22,19,25,81,64,79,28,80,58,76,50,29,51,90,78,41,43,52,27,37,51,44,28,80,29,23,11,39,26,48,54,30,58,64,26,18,36,47,21,27,26,17,70,26,21,22,21,18,21,15,31,24,23,23,27,27,17,31,48,63,30,26,18,24,29,51,81,28,53,87,58,91,41,26,54,60,46,74,84,76,33,35,101,43,48,28,29,45,63,53,18,23,70,20,22,24,23,21,21,19,20,48,28,19,22,17,17,24,14,28,16,26,20,24,16,97,26,26,17,26,27,21,36,17
42,27,43,40,28,35,36,33,29,42,35,30,31,27,1e+20,37,40,38,32,38,39,37,33,45,27,37,25,39,30,25,40,28,42,34,40,39,46,38,36,35,17,39,36,26,40,38,40,47,40,43,41,41,40,37,40,41,34,25,44,27,38,27,29,33,39,39,35,30,36,23,31,35,27,37,28,37,40,40,35,35,40,36,21,37,41,42,44,38,34,35,42,20,42,47,28,48,39,40,37,41,34,41,38,43,37,33,37,26,41,43,40,34,41,43,42,45,40,36,38,34,31,36,29,35,42,31,34,27,27,40,44,34,28,35,28,32,45,36,24,38,42,31,40,33,33,40,37,36,41,43,41,35,39,34,42,40,33,42,35,25,34,38,33,44,17,36,44,40,45,42,32,28,42,41,22,32,48,31,42,34
49,35,68,57,78,85,31,17,28,56,49,77,58,25,37,1e+20,56,60,42,43,68,77,62,54,59,53,42,54,93,33,60,37,44,39,68,53,64,50,56,46,7,46,57,24,45,56,46,42,69,32,46,25,60,20,61,53,29,9,52,22,65,35,94,50,50,49,85,93,49,17,58,53,81,53,78,92,56,57,46,34,64,63,14,63,69,49,45,63,73,38,55,18,59,42,10,48,46,20,39,55,46,50,39,50,52,56,77,15,46,44,87,60,25,47,30,47,43,57,43,63,48,49,44,46,70,25,73,22,88,82,45,51,83,62,21,30,54,84,30,50,49,94,64,89,62,49,77,63,67,70,50,46,60,46,47,50,72,30,45,9,29,70,15,53,7,56,38,46,36,52,38,37,51,50,25,61,48,45,59,33
71,50,56,49,63,66,58,57,65,76,57,56,67,51,40,56,1e+20,51,49,53,45,48,56,44,57,52,64,61,62,61,43,63,36,53,44,39,50,41,43,42,12,40,38,48,54,44,34,56,47,40,47,21,50,33,45,42,39,14,41,51,69,50,58,65,55,61,66,62,47,56,67,51,62,52,63,51,144,49,42,62,55,45,18,42,53,71,55,48,60,51,39,24,46,56,22,42,40,30,55,44,39,40,32,50,46,46,50,23,47,43,55,42,21,38,46,59,38,38,41,45,54,47,58,42,64,47,60,49,61,56,55,57,60,63,47,61,44,52,57,78,71,59,55,61,56,56,48,45,68,47,40,40,40,39,41,52,46,46,43,14,39,58,21,42,12,43,44,34,34,50,42,63,45,36,22,44,42,39,46,34
57,23,53,50,73,61,20,17,28,59,40,48,39,23,38,60,51,1e+20,28,37,68,77,43,59,40,51,22,42,68,20,65,26,45,30,68,52,67,53,68,46,18,56,41,22,34,41,55,35,64,45,47,36,59,30,69,62,47,29,48,30,55,23,67,34,48,34,61,68,41,12,39,49,49,51,73,62,51,50,57,28,65,67,23,65,71,57,47,69,47,30,67,20,58,35,27,55,56,29,36,66,51,51,44,61,53,60,71,27,47,54,66,63,36,48,36,34,47,41,62,65,38,41,33,57,47,21,47,16,62,63,47,36,46,46,18,25,59,63,18,54,57,66,65,57,43,38,77,67,50,64,51,50,69,51,47,69,69,36,47,29,47,78,28,54,18,68,55,55,40,73,49,26,52,53,30,66,55,59,58,38
49,69,55,54,33,50,67,68,77,43,70,59,76,71,32,42,49,28,1e+20,65,33,24,74,42,80,54,82,72,48,86,41,80,38,80,37,29,35,37,43,42,17,38,44,67,58,54,36,48,40,17,33,18,40,26,30,32,30,20,34,76,62,69,45,74,68,80,50,48,67,77,76,50,58,54,33,51,49,54,29,75,34,37,13,37,36,49,56,41,66,70,36,16,37,48,21,45,38,20,70,38,33,37,33,32,33,17,42,29,33,28,43,33,18,35,44,66,42,44,32,40,40,67,82,29,62,77,66,59,52,43,56,60,54,70,66,75,42,47,79,47,49,44,34,53,74,65,24,37,74,40,37,36,35,33,35,22,34,44,45,20,30,28,26,33,17,43,19,36,27,26,29,80,28,34,22,34,45,35,37,16
46,64,53,53,28,53,52,56,62,45,70,50,69,57,38,43,53,37,65,1e+20,38,30,74,39,65,60,56,69,39,59,48,70,30,63,42,30,39,39,40,30,13,33,33,65,56,59,35,60,50,32,33,35,43,27,33,32,30,16,30,65,64,64,39,72,60,73,53,39,60,56,69,55,50,60,28,41,53,53,30,67,38,33,18,41,42,46,60,38,51,66,36,18,39,60,14,51,33,22,66,42,34,27,32,38,29,23,37,21,33,36,39,34,35,30,49,63,37,33,28,34,33,60,68,30,65,57,51,60,44,34,60,63,48,69,68,66,39,38,53,40,46,39,38,43,74,66,30,33,70,42,27,32,35,34,34,30,35,49,34,16,30,31,22,36,13,40,26,35,27,33,30,70,33,38,25,33,51,27,39,20
51,33,70,57,71,65,26,19,35,51,40,74,52,24,39,68,45,68,33,38,1e+20,82,52,64,52,54,33,53,73,27,58,36,47,33,67,50,66,54,72,56,18,62,59,25,36,47,54,42,71,36,54,37,67,36,72,53,52,29,45,28,68,33,71,46,51,41,65,73,41,13,52,42,64,54,71,73,45,57,74,31,86,76,24,83,69,51,54,76,66,31,63,25,63,42,31,55,62,38,36,63,67,50,50,50,46,50,85,27,54,59,74,71,37,61,38,33,47,59,61,75,47,41,38,74,51,27,66,22,68,64,54,42,63,57,22,28,64,72,32,50,51,71,86,71,52,45,82,76,66,64,50,52,77,67,55,64,79,38,40,29,52,79,29,47,18,72,37,54,36,65,45,36,46,57,31,74,55,61,63,29
54,21,61,51,88,67,19,11,25,60,38,54,42,18,37,77,48,77,24,30,82,1e+20,51,54,39,55,22,41,86,15,57,24,39,26,74,51,66,52,65,38,6,51,47,12,23,41,55,27,71,41,44,25,70,26,71,63,41,24,43,19,57,21,80,37,40,33,67,86,43,12,42,55,55,55,88,68,48,51,63,18,71,77,29,73,67,54,45,71,47,26,65,21,61,27,22,48,51,27,30,58,54,43,37,51,49,61,83,20,44,46,81,67,25,52,33,36,39,47,52,70,42,43,28,63,54,16,47,16,61,64,45,36,49,51,12,24,54,77,17,56,54,83,71,62,51,38,144,77,62,71,43,47,74,54,39,69,72,33,35,24,41,85,25,49,6,65,55,55,39,83,39,24,56,48,25,62,48,58,61,32
52,76,68,68,52,58,60,58,63,49,78,72,85,63,33,62,56,43,74,74,52,51,1e+20,45,86,68,70,77,68,71,52,73,42,71,52,42,52,40,55,44,10,44,52,71,65,64,43,61,59,32,39,24,53,24,49,44,30,16,41,70,77,76,68,80,76,87,58,68,69,63,85,67,82,68,52,69,56,68,44,68,54,50,18,53,54,52,52,51,73,69,47,17,41,61,15,47,44,19,74,48,42,42,34,42,47,46,60,19,39,41,55,47,24,39,46,62,40,52,35,52,47,69,87,44,75,64,73,62,75,63,52,69,79,78,63,78,45,64,66,44,52,64,54,75,144,81,51,50,78,52,42,42,51,42,41,40,55,46,40,16,30,56,24,42,10,55,33,43,33,42,41,73,47,41,25,51,47,46,41,32
40,28,57,48,48,55,23,21,34,46,43,54,45,33,45,54,44,59,42,39,64,54,45,1e+20,46,45,32,46,55,26,61,32,52,35,66,52,58,56,62,55,17,62,63,23,42,51,56,46,61,36,49,32,60,34,60,61,49,30,52,29,55,28,54,43,41,42,55,55,40,16,45,42,48,45,48,59,44,48,58,28,63,63,24,61,55,40,54,61,51,39,61,20,64,46,33,58,62,28,36,66,63,62,56,55,54,40,56,29,49,56,61,59,32,64,39,37,57,63,62,66,40,40,43,58,58,31,51,22,51,57,54,45,50,48,24,25,144,63,27,39,40,54,63,51,45,42,54,63,50,57,62,60,66,63,51,45,59,39,52,30,49,51,30,56,17,62,41,56,44,58,48,32,56,64,35,58,58,59,64,35
56,86,68,62,47,69,65,67,79,47,89,88,93,73,27,59,57,40,80,65,52,39,86,46,1e+20,65,83,86,67,85,45,78,37,77,50,39,52,31,52,42,5,47,47,76,54,53,33,48,57,18,37,17,53,15,46,34,28,10,35,79,76,86,69,89,71,93,69,67,73,77,93,57,88,65,47,75,57,62,43,76,47,50,9,50,48,56,59,56,77,65,38,8,43,48,9,41,47,14,74,46,42,38,32,32,35,27,56,13,37,32,56,53,17,39,46,67,37,47,30,55,47,73,92,43,76,71,77,70,86,56,59,72,95,87,74,79,46,61,76,39,56,66,47,82,86,71,39,50,81,46,38,40,47,42,34,33,45,46,39,10,28,44,20,33,5,52,20,33,27,27,32,78,37,37,19,50,41,40,43,16
49,60,58,64,48,49,47,45,53,53,74,63,65,52,37,53,52,51,54,60,54,55,68,45,65,1e+20,52,57,55,54,42,57,33,63,55,36,46,39,46,35,8,39,37,53,58,54,52,56,50,41,40,24,52,34,49,47,33,23,38,55,60,60,52,61,56,64,49,55,72,46,65,69,54,144,48,55,52,64,37,54,46,48,33,62,52,49,56,46,58,59,45,21,44,56,21,46,39,29,63,51,38,33,33,38,35,37,58,22,40,34,54,47,24,37,47,66,40,37,35,41,35,72,62,37,65,51,58,53,55,46,56,54,59,66,54,59,45,51,49,50,49,52,46,57,68,64,55,48,58,51,33,32,48,38,33,46,43,47,38,23,33,45,27,38,8,46,43,52,32,46,29,57,40,36,23,47,46,36,44,31
46,74,61,57,40,55,81,81,95,46,73,69,89,96,25,42,64,22,82,56,33,22,70,32,83,52,1e+20,82,46,96,27,87,31,80,33,25,27,25,36,33,14,32,33,67,48,45,25,49,29,19,27,16,43,23,27,26,27,15,27,80,70,74,46,85,70,81,55,46,60,85,89,46,75,52,40,49,64,57,35,84,26,29,13,33,36,46,47,37,77,61,25,13,31,49,24,32,32,21,74,29,25,29,22,22,26,18,39,24,27,22,41,32,16,29,42,59,32,33,20,33,50,60,85,35,62,81,77,74,63,40,47,69,74,82,80,80,32,43,99,49,46,45,26,64,70,58,22,29,75,31,29,25,28,25,25,24,23,42,36,15,27,25,28,28,14,36,16,25,20,19,24,87,31,26,13,33,32,24,31,14
61,75,72,60,46,63,74,67,72,54,76,74,84,74,39,54,61,42,72,69,53,41,77,46,86,57,82,1e+20,60,79,48,81,41,78,51,38,44,35,49,40,9,37,47,64,62,53,42,57,42,26,35,26,53,26,48,38,29,16,38,74,78,75,56,87,72,86,63,60,54,69,84,58,74,57,46,58,61,60,42,81,48,41,19,52,52,61,57,55,82,63,38,17,46,57,22,48,37,20,72,45,33,39,34,37,43,34,50,21,35,40,55,43,26,39,46,67,39,47,33,46,49,54,80,42,80,76,82,65,68,48,57,75,76,81,71,72,46,62,80,53,61,54,48,70,77,68,41,41,87,44,39,34,45,33,40,35,41,46,42,16,29,39,24,43,9,49,29,42,33,28,37,81,39,38,22,46,48,36,46,24
61,35,74,54,92,96,35,18,33,64,50,98,67,29,30,93,62,68,48,39,73,86,68,55,67,55,46,60,1e+20,36,62,40,43,47,63,51,63,47,61,41,2,51,51,27,37,53,45,35,73,35,41,15,62,15,59,50,29,9,46,33,77,35,125,53,56,56,96,144,54,22,67,54,101,55,92,101,62,54,50,35,65,70,19,65,70,61,44,68,80,38,52,15,53,35,9,46,51,17,45,56,48,46,32,50,45,56,81,11,41,45,88,63,15,45,28,43,41,51,41,66,51,54,49,50,69,29,80,21,111,83,44,50,99,66,23,33,55,89,38,55,61,122,65,110,68,48,86,70,67,68,46,48,66,48,41,57,76,28,42,9,29,81,15,43,2,61,44,45,29,64,38,40,41,42,25,65,46,49,53,25
45,84,50,51,30,47,83,89,89,47,78,55,84,95,25,33,61,20,86,59,27,15,71,26,85,54,96,79,36,1e+20,24,91,27,87,28,24,23,21,32,30,12,28,29,83,55,44,22,49,25,16,25,18,32,16,21,20,23,15,25,83,61,84,35,81,66,84,47,36,61,109,84,49,62,54,30,45,61,51,23,86,24,25,10,27,28,45,45,31,64,66,23,13,28,49,20,28,28,19,77,27,20,27,23,19,21,18,31,25,25,24,31,23,18,26,38,65,31,29,21,25,36,61,84,23,59,89,64,96,48,36,45,65,59,77,96,93,26,33,104,57,45,35,24,49,71,58,15,25,70,26,27,20,23,20,20,24,20,38,35,15,23,19,21,22,12,32,14,22,16,15,21,91,23,24,15,25,28,20,28,12
50,31,62,52,55,64,29,24,31,53,47,55,47,26,40,60,43,65,41,48,58,57,52,61,45,42,27,48,62,24,1e+20,30,53,36,62,55,75,59,67,52,20,60,68,28,40,63,49,46,67,38,53,40,62,28,63,55,38,20,53,24,59,31,60,45,39,43,64,62,45,19,47,47,58,42,55,66,43,52,48,29,62,62,18,60,61,50,50,64,51,37,67,18,62,46,26,57,60,29,39,62,50,57,46,56,56,47,62,23,53,51,65,59,40,50,37,37,51,68,60,68,39,45,36,48,56,32,51,24,58,61,50,42,58,55,22,30,61,67,18,45,50,63,62,61,52,44,57,62,51,59,57,55,64,50,55,44,67,37,50,20,38,63,22,58,20,67,41,49,38,54,45,30,53,60,29,63,57,56,62,34
52,85,52,49,33,49,74,87,93,42,82,54,83,97,28,37,63,26,80,70,36,24,73,32,78,57,87,81,40,91,30,1e+20,31,83,35,26,30,31,37,33,14,37,36,77,57,45,30,48,38,21,28,19,38,23,31,29,27,16,26,85,64,85,42,91,70,85,49,40,65,89,83,49,56,57,33,41,63,49,36,89,30,32,9,37,32,52,46,35,65,72,28,23,35,48,22,36,37,21,77,35,31,25,27,27,29,22,35,25,28,27,37,30,19,31,43,60,34,36,23,38,37,65,88,36,59,84,65,82,50,34,46,68,57,75,87,85,32,38,87,48,52,40,30,48,73,59,24,32,72,32,25,33,30,31,33,22,30,43,37,16,27,28,30,26,14,37,22,30,25,22,26,144,31,29,27,33,36,28,35,15
33,28,42,45,42,43,28,18,30,45,36,43,32,23,42,44,36,45,38,30,47,39,42,52,37,33,31,41,43,27,53,31,1e+20,33,50,59,52,53,53,55,20,56,52,26,41,42,50,44,51,34,54,36,55,31,51,50,43,28,53,28,45,28,41,41,36,35,43,43,36,17,32,38,41,33,42,47,36,45,47,28,50,52,18,49,45,33,45,50,48,32,52,18,54,44,32,49,56,30,37,51,56,53,47,52,51,42,53,28,54,54,51,56,36,53,37,29,58,52,56,51,38,36,31,47,43,25,48,22,39,48,45,42,41,41,21,22,52,49,23,36,33,42,50,48,42,34,39,52,38,44,53,55,56,56,56,40,48,37,52,28,43,53,31,56,20,53,38,50,47,40,54,31,50,49,35,49,49,52,54,35
45,78,61,58,31,52,64,80,82,46,77,60,76,81,34,39,53,30,80,63,33,26,71,35,77,63,80,78,47,87,36,83,33,1e+20,39,32,32,30,40,37,9,33,34,76,56,50,31,52,33,23,36,20,44,15,31,28,24,23,32,84,71,78,40,80,65,79,52,47,58,82,76,52,57,63,31,45,53,58,30,77,33,37,12,41,33,45,51,39,72,70,31,11,37,52,23,32,33,15,75,35,29,29,33,26,30,18,43,25,36,29,46,43,20,39,46,71,39,34,28,37,34,58,80,30,61,84,72,81,51,35,51,62,58,81,80,83,35,40,76,43,45,40,33,56,71,61,26,37,74,29,29,29,36,29,30,29,25,46,34,23,24,24,23,29,9,40,16,31,27,20,26,83,29,33,17,31,32,28,37,13
45,33,57,53,56,63,24,19,31,50,47,64,47,26,40,68,44,68,37,42,67,74,52,66,50,55,33,51,63,28,62,35,50,39,1e+20,56,64,61,67,54,18,64,59,21,42,53,58,45,72,34,54,30,67,25,76,60,44,31,56,32,68,33,65,50,43,42,63,63,47,16,47,50,60,55,56,69,44,53,57,34,66,69,22,67,65,45,53,70,58,41,65,22,69,45,26,55,64,28,42,66,62,62,47,54,60,54,69,27,54,48,76,70,30,56,36,39,55,59,64,71,42,47,40,57,59,26,58,22,59,62,53,45,58,53,22,29,66,63,24,44,45,62,66,67,52,49,74,69,61,64,62,63,71,62,51,59,70,36,57,31,44,70,25,58,18,67,46,58,47,61,47,35,55,58,29,70,55,59,69,38
41,21,48,51,47,56,19,20,28,48,38,48,38,23,39,53,39,52,29,30,50,51,42,52,39,36,25,38,51,24,55,26,59,32,56,1e+20,61,54,56,50,24,59,58,29,36,46,51,43,61,34,53,34,51,26,50,52,43,26,55,25,53,21,50,37,37,35,56,51,38,15,38,38,49,36,47,57,39,51,47,27,49,58,17,47,49,41,41,54,48,31,51,15,54,43,35,50,59,28,40,52,53,53,42,55,52,43,51,22,53,58,58,52,34,59,34,29,49,58,63,61,37,38,31,47,45,25,48,19,49,56,41,35,45,41,20,23,52,58,19,41,41,50,49,49,42,34,51,58,43,52,53,51,57,53,62,45,62,34,56,26,43,55,27,54,24,56,42,51,42,46,51,26,44,63,32,50,50,54,54,36
48,24,59,52,57,65,23,19,29,51,38,59,45,22,46,64,50,67,35,39,66,66,52,58,52,46,27,44,63,23,75,30,52,32,64,61,1e+20,57,70,52,23,56,50,20,35,49,55,47,63,36,52,31,66,28,67,53,41,24,59,29,62,24,65,44,43,40,65,63,43,14,45,46,60,46,57,71,50,52,57,30,66,69,18,62,69,48,48,66,63,34,58,16,57,47,26,59,56,32,43,59,56,60,43,56,53,51,73,23,52,51,74,70,31,52,40,32,49,50,57,68,40,43,37,57,54,22,63,17,61,63,48,46,61,55,17,25,58,63,21,49,48,63,66,64,52,43,66,69,50,65,60,57,64,56,53,63,66,40,49,24,41,66,25,52,23,70,46,55,44,57,49,30,52,50,29,61,59,60,57,35
41,25,48,47,43,54,16,21,29,41,34,47,36,25,38,50,41,53,37,39,54,52,40,56,31,39,25,35,47,21,59,31,53,30,61,54,57,1e+20,53,53,21,60,55,25,38,42,58,36,58,44,53,35,50,32,60,58,42,26,51,29,47,25,48,39,37,40,54,47,39,22,36,44,41,39,43,53,41,47,53,27,56,60,22,56,57,41,56,59,41,33,50,29,60,36,27,48,60,22,40,59,65,53,43,55,52,49,52,24,53,52,53,57,35,52,38,39,59,55,52,57,30,39,35,53,49,30,41,28,45,54,56,40,38,41,23,25,56,55,17,45,41,47,56,44,40,38,52,60,46,56,53,56,57,65,57,45,57,38,49,26,42,52,28,49,21,53,50,58,48,56,54,31,49,60,44,47,48,61,60,32
51,31,58,58,61,63,28,20,34,55,48,62,50,28,36,56,43,68,43,40,72,65,55,62,52,46,36,49,61,32,67,37,53,40,67,56,70,53,1e+20,51,22,60,60,27,39,55,56,42,67,39,51,35,78,27,66,56,55,34,52,29,63,31,61,57,50,47,63,61,48,16,50,52,59,46,61,68,43,58,59,33,62,72,21,72,66,51,46,77,67,41,61,26,59,42,30,59,60,30,42,64,59,53,46,52,56,44,72,35,51,54,66,76,35,52,44,37,51,60,61,72,49,48,41,59,52,23,67,26,59,65,46,54,60,57,17,32,62,71,27,39,51,62,62,64,55,44,65,72,61,68,53,57,70,59,53,50,64,44,54,34,55,72,31,54,22,144,41,56,45,57,45,37,58,51,33,70,59,57,59,32
31,27,43,51,40,48,24,18,31,47,38,46,36,26,35,46,42,46,42,30,56,38,44,55,42,35,33,40,41,30,52,33,55,37,54,50,52,53,51,1e+20,23,55,55,31,42,44,48,47,52,23,49,33,51,27,56,49,47,31,53,34,51,27,42,43,36,40,48,41,37,16,36,41,43,35,40,47,42,51,51,36,49,58,18,51,45,31,44,49,52,34,58,22,57,47,31,47,55,28,39,55,65,57,49,45,53,45,55,25,49,56,53,53,33,59,35,29,61,55,62,60,36,37,31,51,44,25,52,22,42,46,44,45,41,44,22,24,55,50,21,35,31,40,49,41,44,37,38,58,41,44,57,59,57,65,62,40,49,35,56,31,47,50,26,57,23,51,36,48,44,39,57,33,46,46,34,51,47,56,57,31
15,4,11,17,7,8,7,13,13,12,13,10,10,14,17,7,12,18,17,13,18,6,10,17,5,8,14,9,2,12,20,14,20,9,18,24,23,21,22,23,1e+20,24,21,17,21,20,20,21,14,20,29,23,14,30,18,19,31,31,26,14,12,4,2,11,16,9,8,2,17,10,10,12,3,8,7,7,12,17,23,17,21,23,17,15,11,15,18,14,15,15,21,38,18,21,29,19,24,35,14,21,29,21,22,23,24,21,14,22,29,29,14,18,23,20,20,8,19,21,27,21,15,17,7,23,6,15,15,9,3,16,18,14,3,7,16,7,17,12,13,19,15,2,21,5,10,11,6,23,8,16,21,27,17,29,30,21,29,20,27,31,31,22,25,21,144,22,19,20,28,17,34,14,24,32,32,24,19,21,18,27
40,28,54,49,45,53,23,19,33,44,43,56,41,26,39,46,40,56,38,33,62,51,44,62,47,39,32,37,51,28,60,37,56,33,64,59,56,60,60,55,24,1e+20,55,29,40,44,60,49,62,38,51,36,59,29,67,54,57,38,51,30,54,28,51,44,41,43,53,51,40,17,41,39,51,39,45,55,40,49,58,32,62,65,24,57,52,40,49,56,54,37,55,27,58,49,38,51,144,31,37,56,65,60,53,53,55,39,62,36,51,53,53,57,36,59,44,34,53,55,68,63,38,40,38,58,44,26,54,24,50,48,49,38,48,44,20,26,62,58,28,38,40,50,62,51,44,39,51,65,51,53,60,57,66,65,61,53,57,44,58,38,57,52,30,54,24,60,38,60,42,47,55,37,51,53,31,56,51,58,58,28
38,26,50,51,50,58,34,18,28,46,42,58,48,26,36,57,38,41,44,33,59,47,52,63,47,37,33,47,51,29,68,36,52,34,59,58,50,55,60,55,21,55,1e+20,28,50,54,50,41,64,32,60,39,64,36,55,46,41,23,51,28,48,26,53,46,40,45,58,51,45,17,48,43,53,37,50,57,38,51,57,34,60,54,17,55,57,38,47,50,50,38,51,15,60,41,31,55,55,37,39,61,57,49,42,50,52,37,50,29,60,50,53,50,39,53,39,45,53,144,53,58,41,45,42,57,55,31,50,21,52,53,47,47,50,53,25,25,63,58,26,36,38,50,60,52,52,44,47,54,57,57,49,54,56,57,53,38,65,39,52,23,41,52,32,57,21,60,36,50,39,41,48,36,47,68,29,55,55,56,60,31
42,88,38,42,20,36,59,76,77,40,76,37,70,73,26,24,48,22,67,65,25,12,71,23,76,53,67,64,27,83,28,77,26,76,21,29,20,25,27,31,17,29,28,1e+20,58,44,21,48,26,17,26,25,30,25,21,23,20,13,25,82,50,88,25,69,59,78,36,27,66,86,70,53,36,53,20,33,48,42,21,77,25,19,10,25,24,42,42,22,39,68,29,14,25,48,17,28,29,24,76,24,24,23,22,24,29,17,28,23,26,28,23,23,25,27,43,63,31,28,24,23,27,66,79,21,53,69,39,76,30,26,42,60,34,64,77,82,23,24,73,39,42,24,25,30,71,60,12,19,58,25,23,21,23,24,27,18,21,43,30,13,20,21,24,25,17,27,23,21,24,18,25,77,22,25,24,25,28,25,25,19
44,54,45,54,27,46,48,51,52,46,66,44,55,50,40,45,54,34,58,56,36,23,65,42,54,58,48,62,37,55,40,57,41,56,42,36,35,38,39,42,21,40,50,58,1e+20,62,40,58,40,30,40,31,39,31,35,35,31,22,38,59,58,54,36,61,54,64,46,37,53,48,55,55,44,58,27,46,54,54,29,59,43,35,17,42,36,44,57,34,51,58,42,17,43,58,28,45,40,30,62,40,33,36,37,37,38,26,39,22,40,42,44,34,31,36,45,57,46,50,39,34,34,53,60,29,62,45,51,51,41,36,57,60,44,62,56,58,42,40,45,45,44,38,43,44,65,62,23,35,56,40,36,32,41,33,37,29,38,45,41,22,31,31,24,40,21,39,32,40,36,29,34,57,41,43,23,39,45,35,43,27
42,38,53,51,40,54,40,33,41,52,52,53,54,45,38,56,44,41,54,59,47,41,64,51,53,54,45,53,53,44,63,45,42,50,53,46,49,42,55,44,20,44,54,44,62,1e+20,47,54,55,39,50,37,46,31,46,41,34,21,41,42,56,38,54,54,51,53,54,53,50,36,54,55,49,54,40,57,44,51,36,47,50,49,17,53,43,42,51,51,52,55,45,19,55,54,27,50,44,33,50,53,46,40,43,47,41,38,50,21,50,45,50,45,37,48,43,52,47,54,47,50,38,50,58,36,60,43,52,44,54,54,51,53,49,52,44,45,51,51,43,38,42,56,50,58,64,60,41,49,56,51,40,42,49,46,48,33,56,43,42,21,34,37,24,47,20,55,37,47,45,34,40,45,47,54,23,46,50,39,55,28
34,25,48,47,35,43,20,26,27,41,36,43,34,26,40,46,34,55,36,35,54,55,43,56,33,52,25,42,45,22,49,30,50,31,58,51,55,58,56,48,20,60,50,21,40,47,1e+20,48,54,37,45,37,58,47,60,51,46,36,47,29,41,25,40,41,33,33,43,45,38,16,34,55,33,52,35,43,34,47,45,29,49,59,38,60,49,34,50,57,42,37,63,25,57,48,31,58,60,33,36,66,57,51,47,51,50,45,61,28,45,48,50,53,37,50,44,45,53,50,55,50,33,38,30,45,51,25,42,24,37,45,50,39,36,38,18,23,56,44,18,36,34,45,49,40,43,37,55,59,48,53,51,55,64,57,48,45,55,44,42,36,46,53,31,58,20,56,41,144,49,57,46,30,54,58,34,55,58,55,57,40
43,44,51,52,31,41,42,44,47,48,54,38,51,47,47,42,56,35,48,60,42,27,61,46,48,56,49,57,35,49,46,48,44,52,45,43,47,36,42,47,21,49,41,48,58,54,48,1e+20,39,30,44,29,42,28,42,36,32,24,41,50,54,44,33,57,52,65,41,35,52,45,51,57,40,56,31,45,56,52,37,55,39,41,13,42,38,43,55,38,49,58,40,22,43,144,27,48,49,30,53,45,40,50,48,41,44,30,41,24,44,43,39,34,29,40,51,54,41,41,42,38,33,52,51,37,60,44,49,49,36,38,55,54,37,55,47,49,46,43,45,46,43,34,39,40,61,60,27,41,55,39,50,41,44,40,42,30,42,51,45,24,32,35,27,42,21,42,28,48,34,32,42,48,38,40,24,38,48,39,43,27
53,28,63,56,65,71,26,19,33,55,48,81,52,28,40,69,47,64,40,50,71,71,59,61,57,50,29,42,73,25,67,38,51,33,72,61,63,58,67,52,14,62,64,26,40,55,54,39,1e+20,45,52,30,68,38,67,67,43,23,48,29,62,28,74,51,46,48,71,73,53,14,52,50,74,50,65,74,47,56,64,30,66,68,20,69,66,53,48,69,60,34,59,17,63,39,23,57,62,36,40,64,60,54,47,62,49,52,71,23,52,57,70,66,30,62,42,38,53,64,60,80,47,53,42,64,61,28,60,23,72,66,48,46,70,58,17,32,61,73,22,45,53,76,66,73,59,46,71,68,55,70,54,59,71,60,56,58,70,42,47,23,43,71,27,61,14,67,42,54,42,62,43,38,54,57,28,62,57,63,63,38
53,19,37,37,46,37,33,24,21,52,27,24,25,24,43,32,40,45,17,32,36,41,32,36,18,41,19,26,35,16,38,21,34,23,34,34,36,44,39,23,20,38,32,17,30,39,37,30,45,1e+20,35,29,33,48,39,51,36,29,35,21,32,19,35,21,36,28,37,35,41,16,25,39,26,41,46,37,40,37,44,18,47,36,31,42,45,53,35,41,24,22,38,29,31,30,32,44,38,50,35,37,43,34,31,44,31,45,36,30,35,45,38,38,29,30,28,38,28,32,34,32,40,41,24,44,35,27,24,18,36,40,35,26,23,27,19,29,36,42,20,44,53,35,47,30,32,34,41,36,31,51,34,34,44,43,35,46,40,28,30,29,36,39,33,39,20,39,54,37,39,54,28,21,43,38,26,37,44,33,31,31
42,25,48,45,40,50,21,22,29,43,37,45,37,23,41,46,47,47,33,33,54,44,39,49,37,40,27,35,41,25,53,28,54,36,54,53,52,53,51,49,29,51,60,26,40,50,45,44,52,35,1e+20,36,45,32,55,50,45,21,50,24,44,25,44,38,39,40,50,41,38,14,37,37,43,40,40,52,47,45,47,32,54,53,16,49,47,42,43,49,45,35,53,22,49,44,30,50,51,30,38,51,56,46,42,51,52,42,47,26,144,45,47,50,36,54,37,33,50,60,58,52,34,38,32,47,46,28,45,19,42,47,43,41,43,44,24,25,49,47,19,39,42,42,54,43,39,32,44,53,47,47,46,54,49,56,52,40,62,37,52,21,45,51,34,48,29,51,42,45,37,43,56,28,48,53,33,52,50,49,49,32
22,16,29,34,23,21,16,21,23,23,19,18,16,17,41,25,21,36,18,35,37,25,24,32,17,24,16,26,15,18,40,19,36,20,30,34,31,35,35,33,23,36,39,25,31,37,37,29,30,29,36,1e+20,32,27,33,30,39,26,34,22,24,16,17,26,29,19,21,15,22,14,16,28,16,24,23,24,21,34,32,21,37,28,18,26,31,22,29,36,21,24,34,16,35,29,33,34,36,30,25,36,33,28,32,31,30,26,29,24,36,38,30,33,144,36,25,24,32,39,36,26,21,22,19,32,23,20,21,16,15,26,29,25,16,20,21,19,32,27,13,27,22,17,37,17,24,22,25,28,29,27,28,30,37,33,42,33,34,25,29,26,39,24,26,37,23,35,30,37,32,28,29,19,32,32,28,32,34,31,35,24
48,31,58,57,67,65,32,24,42,49,45,67,51,33,40,60,50,59,40,43,67,70,53,60,53,52,43,53,62,32,62,38,55,44,67,51,66,50,78,51,14,59,64,30,39,46,58,42,68,33,45,32,1e+20,33,62,54,40,28,44,31,66,31,60,57,49,48,65,62,53,19,51,48,57,52,67,64,50,57,62,36,65,73,29,66,65,48,51,75,67,43,56,19,66,42,27,55,59,32,46,65,56,53,41,52,50,45,81,32,45,48,63,67,32,53,39,47,49,64,54,71,46,53,44,62,53,31,67,23,59,60,51,47,60,58,21,32,60,68,36,50,48,61,65,64,53,47,70,73,66,67,53,50,63,56,48,53,60,39,43,28,40,70,29,56,14,78,40,58,42,50,43,38,61,53,31,61,55,58,66,35
37,16,22,27,30,26,35,19,18,40,19,21,21,21,37,20,33,30,26,27,36,26,24,34,15,34,23,26,15,16,28,23,31,15,25,26,28,32,27,27,30,29,36,25,31,31,47,28,38,48,32,27,33,1e+20,30,39,28,28,27,24,27,16,17,23,29,21,26,15,35,17,21,33,13,34,30,23,33,27,37,22,40,28,26,34,29,37,30,28,20,24,30,30,27,28,36,44,29,59,24,36,34,21,29,35,28,37,24,31,32,39,23,21,27,21,33,36,27,36,34,31,51,35,19,37,33,31,20,16,14,30,30,22,15,22,22,24,34,22,17,39,37,18,40,16,24,27,26,28,24,39,21,29,30,34,27,40,31,33,22,28,28,27,33,37,30,27,47,47,42,39,32,23,29,35,22,29,44,29,27,34
50,22,59,47,53,55,22,24,30,49,39,58,47,23,40,61,45,69,30,33,72,71,49,60,46,49,27,48,59,21,63,31,51,31,76,50,67,60,66,56,18,67,55,21,35,46,60,42,67,39,55,33,62,30,1e+20,57,51,34,46,25,57,22,57,45,44,40,55,59,39,16,47,43,53,49,53,62,45,47,64,30,75,79,27,76,64,50,48,70,54,33,65,24,62,42,29,54,67,30,34,64,62,57,50,53,52,49,69,30,55,54,66,71,33,56,39,34,58,55,68,72,37,39,31,64,53,23,54,21,54,62,48,39,53,48,18,28,60,62,22,47,50,58,75,60,49,36,71,79,53,63,57,60,72,62,48,58,67,39,50,34,51,68,30,54,18,66,44,60,47,62,45,31,58,55,29,64,54,64,62,34
54,25,43,43,51,53,23,20,29,54,42,47,34,25,41,53,42,62,32,32,53,63,44,61,34,47,26,38,50,20,55,29,50,28,60,52,53,58,56,49,19,54,46,23,35,41,51,36,67,51,50,30,54,39,57,1e+20,47,35,52,27,50,25,51,36,39,37,53,50,40,15,34,45,44,47,51,54,42,43,57,30,54,64,22,59,58,54,50,59,48,30,59,21,73,36,32,50,54,29,40,53,66,53,44,56,48,49,62,27,50,58,57,56,30,59,45,37,56,46,69,72,34,40,32,57,43,27,48,22,47,56,50,37,41,42,21,28,61,54,24,49,54,53,54,45,44,41,63,64,45,52,53,53,59,66,54,61,61,45,45,35,47,61,32,57,19,56,52,51,51,62,45,29,47,51,30,47,50,59,73,41
32,19,37,42,42,33,19,17,30,39,30,34,28,22,34,29,39,47,30,30,52,41,30,49,28,33,27,29,29,23,38,27,43,24,44,43,41,42,55,47,31,57,41,20,31,34,46,32,43,36,45,39,40,28,51,47,1e+20,35,40,24,36,19,30,32,36,27,33,29,32,14,28,33,29,33,42,42,39,42,51,25,50,46,22,47,41,32,34,51,37,29,51,29,46,32,37,45,57,39,32,49,44,49,48,41,41,38,46,27,45,54,44,47,39,43,31,26,43,41,51,46,30,32,24,51,31,21,37,16,31,38,34,34,30,30,24,22,49,36,17,35,32,31,50,31,30,28,41,46,35,40,49,45,51,44,48,49,48,31,44,35,144,45,28,48,31,55,41,46,45,41,46,27,45,47,31,50,45,46,46,37
17,6,18,35,23,16,13,14,20,19,20,15,13,19,25,9,14,29,20,16,29,24,16,30,10,23,15,16,9,15,20,16,28,23,31,26,24,26,34,31,31,38,23,13,22,21,36,24,23,29,21,26,28,28,34,35,35,1e+20,29,20,26,6,10,16,23,13,16,9,18,11,13,12,8,23,23,18,14,35,32,20,27,37,34,36,22,17,22,30,23,22,35,24,40,24,34,24,38,31,17,30,42,29,30,25,20,18,34,32,21,30,26,25,26,35,31,18,32,23,39,30,17,18,15,32,11,25,23,21,7,18,22,19,10,16,15,12,30,17,14,21,17,10,27,9,16,15,24,37,18,22,29,26,28,42,30,31,25,31,23,144,35,27,28,25,31,34,23,36,30,30,24,16,30,26,31,20,24,37,40,25
39,30,43,40,42,49,23,20,28,43,39,40,33,25,44,52,41,48,34,30,45,43,41,52,35,38,27,38,46,25,53,26,53,32,56,55,59,51,52,53,26,51,51,25,38,41,47,41,48,35,50,34,44,27,46,52,40,29,1e+20,26,48,30,42,35,35,37,49,46,44,16,33,42,39,38,42,48,41,40,49,30,49,50,15,43,47,39,45,48,46,30,58,19,52,41,29,53,51,31,37,49,56,61,47,49,56,45,45,34,50,47,49,47,34,49,39,32,46,51,56,52,31,44,33,49,43,24,46,19,40,51,45,38,39,41,26,25,52,51,19,42,39,42,49,40,41,37,43,50,39,45,61,49,49,56,51,42,52,39,58,29,40,53,35,55,26,52,43,47,49,48,50,26,49,50,31,48,53,50,52,38
43,87,47,49,21,48,67,83,82,39,81,50,72,81,27,22,51,30,76,65,28,19,70,29,79,55,80,74,33,83,24,85,28,84,32,25,29,29,29,34,14,30,28,82,59,42,29,50,29,21,24,22,31,24,25,27,24,20,26,1e+20,60,87,28,73,63,82,48,33,59,80,72,47,48,55,21,34,51,49,25,78,24,26,15,36,28,43,48,31,58,65,29,18,32,50,20,33,30,19,76,33,30,26,30,23,23,17,32,28,24,29,29,28,22,28,47,65,35,28,29,28,34,59,86,25,60,78,58,78,37,31,48,62,49,71,81,78,29,34,80,39,43,30,24,39,70,53,19,26,68,26,26,28,26,30,28,20,19,47,35,20,24,22,25,25,14,29,22,29,25,19,26,85,24,27,21,27,33,24,32,16
61,53,78,69,60,76,54,47,60,66,73,85,75,64,38,65,69,55,62,64,68,57,77,55,76,60,70,78,77,61,59,64,45,71,68,53,62,47,63,51,12,54,48,50,58,56,41,54,62,32,44,24,66,27,57,50,36,26,48,60,1e+20,53,76,76,72,72,76,77,55,44,75,54,81,60,60,72,69,69,50,68,61,68,14,65,59,61,55,69,92,56,50,13,57,54,25,49,54,23,63,52,49,48,40,42,53,42,68,19,44,48,68,62,24,52,46,57,45,48,50,66,47,55,70,50,74,56,92,57,81,68,55,63,83,83,56,54,55,72,64,67,61,75,61,85,77,66,57,68,90,53,48,49,58,49,48,50,60,46,50,26,36,63,27,43,12,63,39,41,39,45,48,64,43,48,23,60,49,47,57,28
46,144,41,48,26,38,61,82,87,43,80,40,80,79,27,35,50,23,69,64,33,21,76,28,86,60,74,75,35,84,31,85,28,78,33,21,24,25,31,27,4,28,26,88,54,38,25,44,28,19,25,16,31,16,22,25,19,6,30,87,53,1e+20,34,74,69,86,38,35,60,86,80,54,42,60,26,36,50,48,23,79,32,25,11,35,35,46,45,31,40,61,25,12,27,44,9,32,28,11,71,27,23,23,24,24,27,21,37,14,25,24,32,31,16,27,42,61,29,26,18,25,31,60,92,23,58,77,40,74,36,32,45,56,42,70,82,88,28,32,79,39,46,32,32,38,76,65,21,25,61,31,23,24,28,23,26,24,25,42,29,6,19,24,22,22,4,31,19,25,18,18,20,85,25,28,17,27,32,22,27,13
61,34,76,52,93,97,35,17,35,65,49,99,66,28,29,94,58,67,45,39,71,80,68,54,69,52,46,56,125,35,60,42,41,40,65,50,65,48,61,42,2,51,53,25,36,54,40,33,74,35,44,17,60,17,57,51,30,10,42,28,76,34,1e+20,58,52,56,97,125,51,20,66,50,108,52,93,106,58,52,52,35,70,70,10,67,73,61,45,66,80,36,51,16,51,33,10,46,51,17,45,55,49,45,31,51,44,54,85,11,44,45,87,62,17,44,31,38,38,53,41,68,56,51,48,52,66,28,80,21,117,93,45,54,107,68,22,30,54,93,36,52,61,131,70,109,68,48,80,70,70,68,45,49,63,49,42,54,81,31,41,10,30,79,21,42,2,61,42,40,31,62,38,42,42,45,22,67,46,49,51,25
54,74,69,64,45,61,70,73,84,52,85,74,96,80,33,50,65,34,74,72,46,37,80,43,89,61,85,87,53,81,45,91,41,80,50,37,44,39,57,43,11,44,46,69,61,54,41,57,51,21,38,26,57,23,45,36,32,16,35,73,76,74,58,1e+20,73,94,61,53,58,73,96,55,78,61,45,57,65,64,40,82,50,44,15,48,52,54,59,59,75,70,35,18,42,57,18,42,44,20,75,45,38,38,33,37,41,30,50,19,38,40,56,46,26,37,46,66,38,46,31,45,48,58,89,40,72,72,75,68,71,55,59,83,77,88,70,76,43,57,83,51,54,56,50,71,80,69,37,44,91,46,38,41,42,38,40,32,46,46,42,16,32,40,21,35,11,57,28,41,29,30,39,91,41,38,24,41,42,37,42,20
57,69,61,66,48,54,62,61,62,53,72,65,76,58,39,50,55,48,68,60,51,40,76,41,71,56,70,72,56,66,39,70,36,65,43,37,43,37,50,36,16,41,40,59,54,51,33,52,46,36,39,29,49,29,44,39,36,23,35,63,72,69,52,73,1e+20,77,54,56,62,59,76,55,62,56,48,56,55,66,37,68,45,45,21,48,43,57,55,50,63,62,37,21,41,52,24,42,41,27,67,43,36,38,33,39,38,35,50,24,39,39,53,43,29,38,47,64,38,40,34,45,42,62,73,37,62,62,63,59,59,56,55,61,64,71,63,72,41,58,64,52,57,56,45,66,76,66,40,45,70,43,38,39,38,36,38,42,45,47,41,23,36,41,24,36,16,50,32,33,35,33,36,70,37,38,23,42,42,39,41,26
61,86,58,63,40,57,66,71,77,48,90,66,89,76,39,49,61,34,80,73,41,33,87,42,93,64,81,86,56,84,43,85,35,79,42,35,40,40,47,40,9,43,45,78,64,53,33,65,48,28,40,19,48,21,40,37,27,13,37,82,72,86,56,94,77,1e+20,57,56,69,74,89,59,71,64,40,58,61,63,35,82,45,39,14,50,53,61,57,43,66,71,35,12,38,65,15,44,43,23,80,40,43,36,34,38,38,29,45,24,40,37,45,38,19,35,52,70,40,45,28,43,44,69,90,35,74,72,66,73,67,49,57,73,75,85,78,81,42,54,79,48,61,53,45,63,87,74,33,39,79,50,36,40,40,43,35,28,42,52,39,13,27,39,28,38,9,47,26,33,28,31,35,85,38,42,20,44,44,37,38,19
67,38,71,56,74,144,45,36,49,64,54,93,65,50,35,85,66,61,50,53,65,67,58,55,69,49,55,63,96,47,64,49,43,52,63,56,65,54,63,48,8,53,58,36,46,54,43,41,71,37,50,21,65,26,55,53,33,16,49,48,76,38,97,61,54,57,1e+20,96,55,37,65,46,94,49,74,93,66,56,50,47,64,66,15,60,69,67,54,63,77,46,52,15,54,41,17,52,53,21,54,59,50,50,35,53,51,52,76,20,50,47,75,60,21,50,38,58,47,58,47,67,49,55,57,50,64,43,77,39,96,80,54,57,92,68,41,42,55,82,48,61,67,98,64,92,58,49,67,66,72,67,50,53,62,50,47,51,69,38,45,16,33,70,23,49,8,63,44,43,37,55,43,49,51,50,26,61,52,52,54,32
61,35,74,54,92,96,35,18,33,64,50,98,67,29,30,93,62,68,48,39,73,86,68,55,67,55,46,60,144,36,62,40,43,47,63,51,63,47,61,41,2,51,51,27,37,53,45,35,73,35,41,15,62,15,59,50,29,9,46,33,77,35,125,53,56,56,96,1e+20,54,22,67,54,101,55,92,101,62,54,50,35,65,70,19,65,70,61,44,68,80,38,52,15,53,35,9,46,51,17,45,56,48,46,32,50,45,56,81,11,41,45,88,63,15,45,28,43,41,51,41,66,51,54,49,50,69,29,80,21,111,83,44,50,99,66,23,33,55,89,38,55,61,122,65,110,68,48,86,70,67,68,46,48,66,48,41,57,76,28,42,9,29,81,15,43,2,61,44,45,29,64,38,40,41,42,25,65,46,49,53,25
50,60,54,60,50,55,50,51,53,46,69,57,67,51,36,49,47,41,67,60,41,43,69,40,73,72,60,54,54,61,45,65,36,58,47,38,43,39,48,37,17,40,45,66,53,50,38,52,53,41,38,22,53,35,39,40,32,18,44,59,55,60,51,58,62,69,55,54,1e+20,56,67,66,54,72,50,54,47,60,46,61,44,43,23,47,48,50,48,42,51,59,46,18,37,52,18,48,40,31,66,43,36,36,34,43,39,35,51,21,38,38,44,39,22,35,44,64,35,45,33,47,39,144,62,46,60,52,51,57,56,49,48,56,53,63,53,62,40,47,57,46,50,52,44,52,69,61,43,43,59,49,36,37,42,36,39,38,43,44,41,18,32,43,28,41,17,48,33,38,33,42,30,65,44,41,22,42,48,40,37,31
44,86,36,35,14,37,85,98,87,38,77,39,77,90,23,17,56,12,77,56,13,12,63,16,77,46,85,69,22,109,19,89,17,82,16,15,14,22,16,16,10,17,17,86,48,36,16,45,14,16,14,14,19,17,16,15,14,11,16,80,44,86,20,73,59,74,37,22,56,1e+20,77,39,40,46,14,24,56,35,16,81,17,12,8,17,21,44,41,19,46,64,17,14,18,45,14,17,17,14,69,18,18,16,15,16,14,10,17,25,14,19,16,13,14,18,40,59,26,17,13,17,31,56,78,16,51,87,46,99,33,18,41,58,40,64,102,97,16,17,88,42,44,18,17,33,63,53,12,12,57,18,16,15,14,18,17,16,11,40,23,11,14,15,16,16,10,16,16,16,17,13,18,89,16,18,14,15,17,12,18,11
61,80,74,57,49,65,69,71,83,53,87,83,144,78,31,58,67,39,76,69,52,42,85,45,93,65,89,84,67,84,47,83,32,76,47,38,45,36,50,36,10,41,48,70,55,54,34,51,52,25,37,16,51,21,47,34,28,13,33,72,75,80,66,96,76,89,65,67,67,77,1e+20,58,91,65,49,69,67,57,42,87,53,46,15,55,50,61,54,53,85,69,38,23,40,51,12,46,41,17,79,43,40,36,31,40,36,31,51,18,37,35,54,43,16,38,45,64,34,48,28,53,46,67,94,42,72,74,85,71,80,56,54,69,91,82,75,84,45,59,83,50,61,63,53,81,85,69,42,46,86,53,36,36,45,40,37,30,47,45,41,13,28,42,20,39,10,50,22,34,27,32,31,83,41,39,28,52,46,39,40,20
46,54,52,58,45,46,41,42,41,54,59,45,58,41,35,53,51,49,50,55,42,55,67,42,57,69,46,58,54,49,47,49,38,52,50,38,46,44,52,41,12,39,43,53,55,55,55,57,50,39,37,28,48,33,43,45,33,12,42,47,54,54,50,55,55,59,46,54,66,39,58,1e+20,48,69,45,53,51,58,38,53,47,47,31,47,50,46,48,50,46,53,50,23,40,57,17,51,39,34,53,55,37,40,35,43,43,49,51,20,37,38,47,46,28,36,40,61,40,43,36,39,36,66,55,38,73,40,46,41,44,49,48,56,44,58,43,56,42,49,44,47,46,54,47,50,67,67,55,47,58,53,40,35,52,37,38,45,54,40,36,12,33,47,18,49,12,52,50,55,40,49,35,49,44,41,26,48,51,41,40,34
56,42,75,56,71,94,51,32,45,59,64,110,91,43,27,81,62,49,58,50,64,55,82,48,88,54,75,74,101,62,58,56,41,57,60,49,60,41,59,43,3,51,53,36,44,49,33,40,74,26,43,16,57,13,53,44,29,8,39,48,81,42,108,78,62,71,94,101,54,40,91,48,1e+20,54,71,99,62,56,49,53,59,55,10,57,70,56,50,62,88,48,43,10,49,40,7,43,51,13,56,51,44,43,30,46,43,37,75,11,43,37,75,56,16,43,34,54,37,53,36,64,52,54,73,49,76,40,88,37,117,81,50,69,124,82,38,51,48,88,62,44,56,103,59,112,82,61,55,55,83,60,43,45,57,44,40,38,64,34,43,8,29,69,18,39,3,59,26,33,29,38,38,56,42,43,19,57,43,47,49,24
49,60,58,64,48,49,47,45,53,53,74,63,65,52,37,53,52,51,54,60,54,55,68,45,65,144,52,57,55,54,42,57,33,63,55,36,46,39,46,35,8,39,37,53,58,54,52,56,50,41,40,24,52,34,49,47,33,23,38,55,60,60,52,61,56,64,49,55,72,46,65,69,54,1e+20,48,55,52,64,37,54,46,48,33,62,52,49,56,46,58,59,45,21,44,56,21,46,39,29,63,51,38,33,33,38,35,37,58,22,40,34,54,47,24,37,47,66,40,37,35,41,35,72,62,37,65,51,58,53,55,46,56,54,59,66,54,59,45,51,49,50,49,52,46,57,68,64,55,48,58,51,33,32,48,38,33,46,43,47,38,23,33,45,27,38,8,46,43,52,32,46,29,57,40,36,23,47,46,36,44,31
70,26,60,50,144,74,30,19,30,74,34,65,49,27,28,78,63,73,33,28,71,88,52,48,47,48,40,46,92,30,55,33,42,31,56,47,57,43,61,40,7,45,50,20,27,40,35,31,65,46,40,23,67,30,53,51,42,23,42,21,60,26,93,45,48,40,74,92,50,14,49,45,71,48,1e+20,77,63,50,64,25,64,61,22,62,71,70,38,69,59,25,51,22,46,31,23,43,45,26,34,49,48,45,30,48,43,56,77,23,40,43,82,56,23,39,30,32,32,50,40,60,63,50,36,64,52,22,59,17,78,78,38,42,67,55,21,27,48,76,27,69,70,98,64,73,52,34,88,61,50,64,45,43,61,48,37,68,66,30,41,23,42,85,25,40,7,61,51,35,28,76,36,33,47,42,26,59,43,48,46,33
50,36,77,63,77,93,42,24,36,58,55,94,69,37,37,92,51,62,51,41,73,68,69,59,75,55,49,58,101,45,66,41,47,45,69,57,71,53,68,47,7,55,57,33,46,57,43,45,74,37,52,24,64,23,62,54,42,18,48,34,72,36,106,57,56,58,93,101,54,24,69,53,99,55,77,1e+20,51,63,59,38,74,73,16,66,71,50,52,70,77,42,53,18,56,45,17,55,55,21,52,57,51,51,42,54,54,52,81,22,52,49,82,65,24,51,36,45,51,57,49,73,53,54,50,59,68,29,77,33,100,82,52,56,96,70,29,36,59,88,40,46,50,103,74,100,69,56,68,73,67,68,51,50,65,51,43,53,73,36,48,18,42,72,23,49,7,68,43,43,33,54,43,41,53,49,26,68,55,55,56,30
71,50,56,49,63,66,58,57,65,76,57,56,67,51,40,56,144,51,49,53,45,48,56,44,57,52,64,61,62,61,43,63,36,53,44,39,50,41,43,42,12,40,38,48,54,44,34,56,47,40,47,21,50,33,45,42,39,14,41,51,69,50,58,65,55,61,66,62,47,56,67,51,62,52,63,51,1e+20,49,42,62,55,45,18,42,53,71,55,48,60,51,39,24,46,56,22,42,40,30,55,44,39,40,32,50,46,46,50,23,47,43,55,42,21,38,46,59,38,38,41,45,54,47,58,42,64,47,60,49,61,56,55,57,60,63,47,61,44,52,57,78,71,59,55,61,56,56,48,45,68,47,40,40,40,39,41,52,46,46,43,14,39,58,21,42,12,43,44,34,34,50,42,63,45,36,22,44,42,39,46,34
45,48,64,144,50,56,47,37,43,55,57,61,57,44,40,57,49,50,54,53,57,51,68,48,62,64,57,60,54,51,52,49,45,58,53,51,52,47,58,51,17,49,51,42,54,51,47,52,56,37,45,34,57,27,47,43,42,35,40,49,69,48,52,64,66,63,56,54,60,35,57,58,56,64,50,63,49,1e+20,45,46,50,54,29,57,55,45,53,60,64,53,44,20,48,52,29,51,49,25,55,53,49,45,39,45,48,39,60,24,45,46,57,48,34,49,47,54,48,51,43,56,45,60,54,45,61,41,64,45,54,50,53,59,55,71,39,48,48,57,48,42,45,54,50,58,68,59,51,54,66,57,45,49,50,49,53,43,49,47,41,35,42,53,27,51,17,58,34,47,42,37,42,49,51,53,28,49,51,43,48,33
48,23,52,45,64,50,30,19,38,44,33,60,42,28,35,46,42,57,29,30,74,63,44,58,43,37,35,42,50,23,48,36,47,30,57,47,57,53,59,51,23,58,57,21,29,36,45,37,64,44,47,32,62,37,64,57,51,32,49,25,50,23,52,40,37,35,50,50,46,16,42,38,49,37,64,59,42,45,1e+20,26,57,70,19,69,51,48,44,66,51,29,53,19,57,37,31,49,58,31,34,54,65,54,52,50,49,46,65,29,47,51,56,60,32,63,37,27,48,57,61,67,39,46,32,144,41,29,51,23,51,54,44,34,48,40,25,27,58,52,29,49,48,50,57,52,44,32,63,70,49,55,54,53,63,65,51,65,58,37,38,32,51,61,32,48,23,59,47,45,41,59,43,36,50,53,33,54,49,63,57,35
49,79,53,46,25,47,68,84,83,45,77,55,87,80,35,34,62,28,75,67,31,18,68,28,76,54,84,81,35,86,29,89,28,77,34,27,30,27,33,36,17,32,34,77,59,47,29,55,30,18,32,21,36,22,30,30,25,20,30,78,68,79,35,82,68,82,47,35,61,81,87,53,53,54,25,38,62,46,26,1e+20,29,25,13,35,33,49,50,38,65,67,31,21,35,55,24,35,32,22,83,31,25,26,24,28,29,24,35,23,32,34,35,28,21,27,44,62,35,34,24,29,37,61,88,26,61,79,65,74,43,31,50,71,53,79,81,83,28,36,80,47,49,33,29,48,68,55,18,25,73,31,26,27,25,25,32,21,26,44,38,20,25,28,26,31,17,33,23,29,29,23,28,89,28,25,17,31,35,21,35,18
53,32,61,50,64,64,27,24,33,50,41,58,53,29,40,64,55,65,34,38,86,71,54,63,47,46,26,48,65,24,62,30,50,33,66,49,66,56,62,49,21,62,60,25,43,50,49,39,66,47,54,37,65,40,75,54,50,27,49,24,61,32,70,50,45,45,64,65,44,17,53,47,59,46,64,74,55,50,57,29,1e+20,62,23,73,71,53,52,70,56,37,57,27,53,39,27,53,62,41,40,59,61,51,44,59,50,51,74,27,54,54,72,66,37,49,35,37,44,60,52,65,44,44,36,57,51,31,56,20,65,68,52,45,60,56,24,29,63,71,22,48,53,68,144,67,54,44,71,62,59,64,51,49,67,61,52,54,80,35,45,27,50,67,27,55,21,62,44,49,41,67,45,30,52,61,36,72,53,55,53,32
46,25,61,54,61,66,20,16,29,55,41,64,46,23,36,63,45,67,37,33,76,77,50,63,50,48,29,41,70,25,62,32,52,37,69,58,69,60,72,58,23,65,54,19,35,49,59,41,68,36,53,28,73,28,79,64,46,37,50,26,68,25,70,44,45,39,66,70,43,12,46,47,55,48,61,73,45,54,70,25,62,1e+20,26,78,60,46,55,75,69,34,72,26,66,41,27,57,65,29,37,72,72,56,51,54,50,48,80,27,53,52,77,77,28,64,37,34,53,54,74,91,39,43,33,70,55,20,69,17,61,65,55,39,57,54,17,26,63,65,20,45,46,73,62,64,50,40,77,144,61,61,56,58,68,72,46,63,71,37,46,37,46,73,29,53,23,72,40,59,44,60,48,32,51,52,32,69,57,69,66,34
22,11,14,29,22,15,20,10,11,26,13,9,15,11,21,14,18,23,13,18,24,29,18,24,9,33,13,19,19,10,18,9,18,12,22,17,18,22,21,18,17,24,17,10,17,17,38,13,20,31,16,18,29,26,27,22,22,34,15,15,14,11,10,15,21,14,15,19,23,8,15,31,10,33,22,16,18,29,19,13,23,26,1e+20,25,24,22,20,20,12,12,29,41,24,13,21,26,24,27,15,31,30,15,16,17,12,28,21,19,16,22,19,20,18,23,16,24,18,17,22,17,26,23,16,19,30,14,12,10,9,16,20,19,8,18,14,12,24,16,14,23,22,16,23,13,18,19,29,26,19,35,15,24,29,30,18,22,22,16,12,34,22,20,21,23,17,21,26,38,17,33,14,9,21,23,33,23,26,16,24,44
54,35,64,57,62,60,27,26,33,48,51,64,55,39,37,63,42,65,37,41,83,73,53,61,50,62,33,52,65,27,60,37,49,41,67,47,62,56,72,51,15,57,55,25,42,53,60,42,69,42,49,26,66,34,76,59,47,36,43,36,65,35,67,48,48,50,60,65,47,17,55,47,57,62,62,66,42,57,69,35,73,78,25,1e+20,64,54,50,69,64,43,64,22,67,42,28,55,57,28,44,65,64,49,49,54,46,48,75,28,49,52,66,74,26,63,43,38,53,55,59,83,41,47,45,69,57,36,64,31,62,63,50,44,60,55,25,36,61,71,30,46,54,69,73,62,53,51,73,78,67,64,49,56,72,64,48,59,71,43,46,36,47,64,30,50,15,72,39,60,42,65,39,37,50,51,29,66,55,63,67,31
54,35,62,55,71,69,29,23,33,58,41,65,50,26,41,69,53,71,36,42,69,67,54,55,48,52,36,52,70,28,61,32,45,33,65,49,69,57,66,45,11,52,57,24,36,43,49,38,66,45,47,31,65,29,64,58,41,22,47,28,59,35,73,52,43,53,69,70,48,21,50,50,70,52,71,71,53,55,51,33,71,60,24,64,1e+20,54,48,70,55,35,54,20,50,38,22,52,52,21,43,55,50,44,38,61,52,52,75,24,47,50,73,60,31,44,43,42,43,57,47,67,43,48,41,51,56,27,55,17,66,71,48,47,66,62,20,34,55,73,26,56,54,69,71,71,54,42,67,60,60,63,44,51,67,50,50,57,70,43,44,22,41,70,29,53,11,66,43,49,39,63,47,32,53,54,30,58,52,54,50,31
144,46,52,45,70,67,55,50,54,73,53,55,61,48,42,49,71,57,49,46,51,54,52,40,56,49,46,61,61,45,50,52,33,45,45,41,48,41,51,31,15,40,38,42,44,42,34,43,53,53,42,22,48,37,50,54,32,17,39,43,61,46,61,54,57,61,67,61,50,44,61,46,56,49,70,50,71,45,48,49,53,46,22,54,54,1e+20,54,49,54,45,44,21,40,43,19,42,40,31,52,45,40,36,27,47,39,47,53,26,42,41,55,47,22,32,46,56,34,38,37,53,56,50,58,48,54,50,54,44,58,57,54,54,55,57,45,48,40,55,47,77,144,61,53,56,52,48,54,46,59,55,36,42,47,40,40,58,50,46,40,17,32,55,32,36,15,51,48,34,32,59,37,52,41,41,28,47,42,48,40,29
54,45,55,53,38,54,46,44,48,55,60,59,54,54,44,45,55,47,56,60,54,45,52,54,59,56,47,57,44,45,50,46,45,51,53,41,48,56,46,44,18,49,47,42,57,51,50,55,48,35,43,29,51,30,48,50,34,22,45,48,55,45,45,59,55,57,54,44,48,41,54,48,50,56,38,52,55,53,44,50,52,55,20,50,48,54,1e+20,49,53,56,49,19,58,55,25,51,49,21,54,49,48,43,39,43,40,37,53,26,43,43,48,48,29,47,55,57,49,47,48,52,37,48,54,44,63,47,53,50,51,48,144,51,50,59,47,48,54,48,42,49,54,45,52,52,52,54,45,55,62,52,43,50,47,48,44,46,46,55,44,22,34,41,24,47,18,46,37,50,38,41,38,46,42,47,31,44,51,53,58,29
49,31,67,60,69,63,30,23,42,58,44,65,53,30,38,63,48,69,41,38,76,71,51,61,56,46,37,55,68,31,64,35,50,39,70,54,66,59,77,49,14,56,50,22,34,51,57,38,69,41,49,36,75,28,70,59,51,30,48,31,69,31,66,59,50,43,63,68,42,19,53,50,62,46,69,70,48,60,66,38,70,75,20,69,70,49,49,1e+20,70,40,60,20,63,38,29,55,56,30,38,64,59,52,44,53,49,50,77,30,49,50,72,69,36,56,37,33,52,50,57,70,48,42,41,66,56,27,70,24,63,65,49,48,63,60,22,28,61,71,32,50,49,66,70,65,51,40,71,75,61,63,52,51,67,59,46,57,64,37,48,30,51,79,27,53,14,77,46,57,43,52,41,35,54,49,32,66,55,58,63,32
54,40,77,64,59,77,60,41,63,52,68,89,85,58,34,73,60,47,66,51,66,47,73,51,77,58,77,82,80,64,51,65,48,72,58,48,63,41,67,52,15,54,50,39,51,52,42,49,60,24,45,21,67,20,54,48,37,23,46,58,92,40,80,75,63,66,77,80,51,46,85,46,88,58,59,77,60,64,51,65,56,69,12,64,55,54,53,70,1e+20,58,50,13,53,49,22,45,54,25,58,55,49,53,45,41,51,29,71,27,45,41,73,63,21,52,38,49,45,50,46,71,53,51,72,51,67,57,144,50,83,72,53,64,88,80,51,51,51,78,66,51,54,80,56,85,73,58,47,69,89,56,53,49,55,49,44,46,55,38,55,23,37,62,26,39,15,67,25,42,36,35,46,65,47,47,23,61,45,48,53,22
45,61,53,53,25,46,54,68,66,47,73,48,69,64,35,38,51,30,70,66,31,26,69,39,65,59,61,63,38,66,37,72,32,70,41,31,34,33,41,34,15,37,38,68,58,55,37,58,34,22,35,24,43,24,33,30,29,22,30,65,56,61,36,70,62,71,46,38,59,64,69,53,48,59,25,42,51,53,29,67,37,34,12,43,35,45,56,40,58,1e+20,33,18,44,58,23,40,37,18,67,39,37,30,34,31,31,20,37,28,35,34,38,31,24,30,49,65,36,38,30,35,30,59,67,29,63,69,58,68,42,36,56,61,46,63,68,72,39,40,63,39,45,36,37,45,69,68,26,34,68,37,30,32,38,37,33,22,32,49,34,22,29,28,24,32,15,41,23,37,26,21,31,72,32,38,23,34,40,34,44,17
44,25,56,44,51,52,21,22,29,45,38,52,38,26,42,55,39,67,36,36,63,65,47,61,38,45,25,38,52,23,67,28,52,31,65,51,58,50,61,58,21,55,51,29,42,45,63,40,59,38,53,34,56,30,65,59,51,35,58,29,50,25,51,35,37,35,52,52,46,17,38,50,43,45,51,53,39,44,53,31,57,72,29,64,54,44,49,60,50,33,1e+20,24,57,40,32,50,55,29,32,68,62,61,46,49,59,46,64,30,53,53,66,62,34,59,42,32,59,51,60,72,30,46,34,53,53,26,50,23,46,52,49,40,43,47,21,25,61,57,20,42,44,53,57,51,47,36,65,72,48,59,61,57,73,62,52,58,64,42,50,35,51,64,30,61,21,61,42,63,55,62,49,28,54,53,28,66,50,64,57,39
21,12,16,20,22,15,9,12,14,21,13,10,23,18,20,18,24,20,16,18,25,21,17,20,8,21,13,17,15,13,18,23,18,11,22,15,16,29,26,22,38,27,15,14,17,19,25,22,17,29,22,16,19,30,24,21,29,24,19,18,13,12,16,18,21,12,15,15,18,14,23,23,10,21,22,18,24,20,19,21,27,26,41,22,20,21,19,20,13,18,24,1e+20,19,22,22,24,27,20,20,25,32,19,21,25,21,21,23,21,22,24,19,21,16,14,20,18,23,15,21,17,20,18,17,19,21,14,13,14,12,20,19,16,10,14,16,17,20,20,14,17,21,15,27,14,17,22,21,26,16,27,19,29,22,32,20,20,26,20,20,24,29,20,25,17,38,26,20,25,18,28,22,23,25,20,39,27,24,21,19,56
40,27,48,48,46,54,27,18,30,53,49,54,40,36,42,59,46,58,37,39,63,61,41,64,43,44,31,46,53,28,62,35,54,37,69,54,57,60,59,57,18,58,60,25,43,55,57,43,63,31,49,35,66,27,62,73,46,40,52,32,57,27,51,42,41,38,54,53,37,18,40,40,49,44,46,56,46,48,57,35,53,66,24,67,50,40,58,63,53,44,57,19,1e+20,43,32,48,58,25,39,60,72,54,46,53,49,46,61,25,49,57,58,62,35,64,49,41,54,60,64,69,38,37,36,57,53,26,53,28,48,58,58,42,45,46,22,28,64,54,27,41,40,53,53,52,41,41,61,66,58,57,54,58,65,72,54,51,56,49,53,40,46,53,26,52,18,59,39,57,43,44,52,35,49,60,29,54,48,65,144,35
43,44,51,52,31,41,42,44,47,48,54,38,51,47,47,42,56,35,48,60,42,27,61,46,48,56,49,57,35,49,46,48,44,52,45,43,47,36,42,47,21,49,41,48,58,54,48,144,39,30,44,29,42,28,42,36,32,24,41,50,54,44,33,57,52,65,41,35,52,45,51,57,40,56,31,45,56,52,37,55,39,41,13,42,38,43,55,38,49,58,40,22,43,1e+20,27,48,49,30,53,45,40,50,48,41,44,30,41,24,44,43,39,34,29,40,51,54,41,41,42,38,33,52,51,37,60,44,49,49,36,38,55,54,37,55,47,49,46,43,45,46,43,34,39,40,61,60,27,41,55,39,50,41,44,40,42,30,42,51,45,24,32,35,27,42,21,42,28,48,34,32,42,48,38,40,24,38,48,39,43,27
19,9,28,29,23,17,17,14,20,19,21,14,12,21,28,10,22,27,21,14,31,22,15,33,9,21,24,22,9,20,26,22,32,23,26,35,26,27,30,31,29,38,31,17,28,27,31,27,23,32,30,33,27,36,29,32,37,34,29,20,25,9,10,18,24,15,17,9,18,14,12,17,7,21,23,17,22,29,31,24,27,27,21,28,22,19,25,29,22,23,32,22,32,27,1e+20,25,38,30,20,33,36,26,31,19,24,25,25,38,30,30,30,26,33,31,29,22,32,31,38,29,22,18,16,31,15,29,22,20,9,21,25,21,8,15,22,13,33,22,17,28,19,10,27,10,15,15,22,27,23,20,26,29,31,36,35,31,28,29,22,34,37,25,34,29,29,30,28,31,32,24,22,22,25,30,29,25,25,26,32,28
42,32,47,51,43,52,27,24,33,49,40,48,46,27,48,48,42,55,45,51,55,48,47,58,41,46,32,48,46,28,57,36,49,32,55,50,59,48,59,47,19,51,55,28,45,50,58,48,57,44,50,34,55,44,54,50,45,24,53,33,49,32,46,42,42,44,52,46,48,17,46,51,43,46,43,55,42,51,49,35,53,57,26,55,52,42,51,55,45,40,50,24,48,48,25,1e+20,51,42,41,59,54,50,48,55,48,41,52,31,50,49,47,51,34,47,42,48,55,55,58,55,38,48,39,49,51,31,45,24,45,50,51,48,42,46,27,34,58,53,23,45,42,48,53,44,47,47,48,57,50,56,50,48,55,54,46,45,53,42,47,24,45,50,31,58,19,59,45,58,42,45,48,36,45,51,31,53,144,49,48,35
40,28,54,49,45,53,23,19,33,44,43,56,41,26,39,46,40,56,38,33,62,51,44,62,47,39,32,37,51,28,60,37,56,33,64,59,56,60,60,55,24,144,55,29,40,44,60,49,62,38,51,36,59,29,67,54,57,38,51,30,54,28,51,44,41,43,53,51,40,17,41,39,51,39,45,55,40,49,58,32,62,65,24,57,52,40,49,56,54,37,55,27,58,49,38,51,1e+20,31,37,56,65,60,53,53,55,39,62,36,51,53,53,57,36,59,44,34,53,55,68,63,38,40,38,58,44,26,54,24,50,48,49,38,48,44,20,26,62,58,28,38,40,50,62,51,44,39,51,65,51,53,60,57,66,65,61,53,57,44,58,38,57,52,30,54,24,60,38,60,42,47,55,37,51,53,31,56,51,58,58,28
31,11,22,25,26,21,35,21,20,39,21,16,17,17,40,20,30,29,20,22,38,27,19,28,14,29,21,20,17,19,29,21,30,15,28,28,32,22,30,28,35,31,37,24,30,33,33,30,36,50,30,30,32,59,30,29,39,31,31,19,23,11,17,20,27,23,21,17,31,14,17,34,13,29,26,21,30,25,31,22,41,29,27,28,21,31,21,30,25,18,29,20,25,30,30,42,31,1e+20,26,30,30,31,38,32,33,42,27,27,30,39,24,27,30,20,24,31,23,37,37,27,53,31,18,31,26,24,25,11,13,30,21,21,12,17,22,20,28,21,15,41,31,14,41,15,19,23,27,29,22,29,31,24,29,30,38,40,34,24,28,31,39,32,22,34,35,30,41,33,45,37,31,21,33,34,22,34,42,29,25,33
52,71,55,55,34,54,65,70,71,49,74,57,79,70,37,39,55,36,70,66,36,30,74,36,74,63,74,72,45,77,39,77,37,75,42,40,43,40,42,39,14,37,39,76,62,50,36,53,40,35,38,25,46,24,34,40,32,17,37,76,63,71,45,75,67,80,54,45,66,69,79,53,56,63,34,52,55,55,34,83,40,37,15,44,43,52,54,38,58,67,32,20,39,53,20,41,37,26,1e+20,41,41,33,33,36,33,32,45,24,38,32,40,37,25,31,46,67,37,39,28,37,36,66,78,34,63,69,58,67,50,43,54,63,54,72,74,77,36,45,71,48,52,43,40,51,74,60,30,37,71,44,33,38,35,41,39,29,34,46,42,17,32,35,26,35,14,42,33,36,30,32,39,77,36,33,24,35,41,32,39,25
45,27,52,53,49,59,25,18,32,51,42,50,43,26,41,55,44,66,38,42,63,58,48,66,46,51,29,45,56,27,62,35,51,35,66,52,59,59,64,55,21,56,61,24,40,53,66,45,64,37,51,36,65,36,64,53,49,30,49,33,52,27,55,45,43,40,59,56,43,18,43,55,51,51,49,57,44,53,54,31,59,72,31,65,55,45,49,64,55,39,68,25,60,45,33,59,56,30,41,1e+20,61,51,45,56,53,44,67,28,51,49,63,63,36,56,45,38,58,61,59,72,38,43,38,54,56,25,55,25,51,54,49,46,48,47,24,26,66,56,22,42,45,56,59,52,48,49,58,72,50,63,51,53,68,61,56,55,64,45,51,30,49,64,25,61,21,64,49,66,46,59,47,35,54,62,30,68,59,60,60,37
40,23,48,49,48,50,18,22,29,44,34,55,40,21,34,46,39,51,33,34,67,54,42,63,42,38,25,33,48,20,50,31,56,29,62,53,56,65,59,65,29,65,57,24,33,46,57,40,60,43,56,33,56,34,62,66,44,42,56,30,49,23,49,38,36,43,50,48,36,18,40,37,44,38,48,51,39,49,65,25,61,72,30,64,50,40,48,59,49,37,62,32,72,40,36,54,65,30,41,61,1e+20,59,52,52,50,44,61,34,56,55,52,59,33,66,45,27,56,57,70,73,34,36,34,65,46,30,49,22,48,52,48,33,41,42,17,23,63,53,20,35,40,49,61,49,42,39,54,72,45,53,59,68,59,144,65,56,60,45,53,42,44,55,38,55,29,59,42,57,48,53,54,31,47,56,37,56,54,67,72,35
36,23,42,45,45,50,20,22,25,43,33,48,36,22,41,50,40,51,37,27,50,43,42,62,38,33,29,39,46,27,57,25,53,29,62,53,60,53,53,57,21,60,49,23,36,40,51,50,54,34,46,28,53,21,57,53,49,29,61,26,48,23,45,38,38,36,50,46,36,16,36,40,43,33,45,51,40,45,54,26,51,56,15,49,44,36,43,52,53,30,61,19,54,50,26,50,60,31,33,51,59,1e+20,52,54,59,45,52,27,46,50,54,51,28,52,42,30,55,49,59,57,36,36,26,54,44,20,53,24,44,49,43,41,41,44,19,23,62,49,22,40,36,47,51,44,42,33,43,56,41,45,144,62,58,59,53,47,53,42,59,29,49,53,29,54,21,53,39,51,47,47,51,25,50,52,31,48,50,56,54,38
27,24,38,39,30,35,21,21,29,41,36,40,31,21,38,39,32,44,33,32,50,37,34,56,32,33,22,34,32,23,46,27,47,33,47,42,43,43,46,49,22,53,42,22,37,43,47,48,47,31,42,32,41,29,50,44,48,30,47,30,40,24,31,33,33,34,35,32,34,15,31,35,30,33,30,42,32,39,52,24,44,51,16,49,38,27,39,44,45,34,46,21,46,48,31,48,53,38,33,45,52,52,1e+20,43,53,35,46,23,42,57,41,44,32,51,35,29,46,42,57,50,25,34,29,52,39,24,45,27,32,37,39,33,32,34,23,21,56,45,17,29,27,30,44,30,34,34,37,51,35,37,52,43,47,52,47,42,40,35,45,30,48,46,26,48,22,46,33,47,46,36,41,27,44,44,28,45,48,51,46,29
47,24,45,45,48,53,21,21,25,44,33,46,40,18,43,50,50,61,32,38,50,51,42,55,32,38,22,37,50,19,56,27,52,26,54,55,56,55,52,45,23,53,50,24,37,47,51,41,62,44,51,31,52,35,53,56,41,25,49,23,42,24,51,37,39,38,53,50,43,16,40,43,46,38,48,54,50,45,50,28,59,54,17,54,61,47,43,53,41,31,49,25,53,41,19,55,53,32,36,56,52,54,43,1e+20,57,46,48,26,51,58,51,53,31,54,36,32,48,50,48,55,40,43,33,50,53,18,41,15,48,53,43,38,46,43,16,22,55,55,18,41,47,50,59,50,42,41,51,54,47,56,54,52,57,52,50,50,61,36,48,25,41,55,32,56,23,52,55,51,45,53,48,27,50,57,36,50,55,55,53,35
39,27,47,48,43,51,20,20,27,47,39,42,36,21,37,52,46,53,33,29,46,49,47,54,35,35,26,43,45,21,56,29,51,30,60,52,53,52,56,53,24,55,52,29,38,41,50,44,49,31,52,30,50,28,52,48,41,20,56,23,53,27,44,41,38,38,51,45,39,14,36,43,43,35,43,54,46,48,49,29,50,50,12,46,52,39,40,49,51,31,59,21,49,44,24,48,55,33,33,53,50,59,53,57,1e+20,44,51,23,52,51,54,50,30,46,34,28,48,52,54,50,34,39,30,49,48,18,51,14,44,52,40,41,38,42,14,25,54,50,15,41,39,44,50,46,47,38,49,50,45,52,59,56,51,50,53,48,54,34,57,20,41,53,26,52,24,56,44,50,47,42,52,29,48,52,30,50,48,48,49,36
47,21,41,39,56,52,37,14,22,56,29,33,31,15,33,56,46,60,17,23,50,61,46,40,27,37,18,34,56,18,47,22,42,18,54,43,51,49,44,45,21,39,37,17,26,38,45,30,52,45,42,26,45,37,49,49,38,18,45,17,42,21,54,30,35,29,52,56,35,10,31,49,37,37,56,52,46,39,46,24,51,48,28,48,52,47,37,50,29,20,46,21,46,30,25,41,39,42,32,44,44,45,35,46,44,1e+20,57,19,42,44,57,47,26,36,26,30,34,37,44,46,54,35,22,46,41,18,29,11,47,54,37,30,34,36,14,23,40,55,13,47,47,55,51,48,46,31,61,48,35,48,45,48,52,44,40,56,58,26,37,18,38,63,21,43,21,44,53,45,52,56,40,22,47,35,28,49,41,48,46,42
53,37,70,60,77,76,25,22,34,55,46,74,51,31,37,77,50,71,42,37,85,83,60,56,56,58,39,50,81,31,62,35,53,43,69,51,73,52,72,55,14,62,50,28,39,50,61,41,71,36,47,29,81,24,69,62,46,34,45,32,68,37,85,50,50,45,76,81,51,17,51,51,75,58,77,81,50,60,65,35,74,80,21,75,75,53,53,77,71,37,64,23,61,41,25,52,62,27,45,67,61,52,46,48,51,57,1e+20,22,47,55,82,77,29,57,38,38,55,50,62,79,50,51,42,65,54,24,71,26,75,80,53,45,69,66,23,33,56,77,28,50,53,83,74,78,60,45,83,80,60,65,52,57,72,61,47,64,73,38,47,34,46,85,22,52,14,72,44,61,43,62,47,35,54,47,29,69,52,61,61,34
26,14,24,24,23,20,30,26,18,23,22,18,18,24,26,15,23,27,29,21,27,20,19,29,13,22,24,21,11,25,23,25,28,25,27,22,23,24,35,25,22,36,29,23,22,21,28,24,23,30,26,24,32,31,30,27,27,32,34,28,19,14,11,19,24,24,20,11,21,25,18,20,11,22,23,22,23,24,29,23,27,27,19,28,24,26,26,30,27,28,30,21,25,24,38,31,36,27,24,28,34,27,23,26,23,19,22,1e+20,26,27,23,22,24,28,27,21,23,29,33,27,26,21,22,29,17,30,27,28,12,20,26,27,11,19,27,29,29,25,26,26,26,11,27,16,19,20,20,27,19,23,27,25,26,34,19,27,22,27,26,32,27,27,43,28,22,35,26,28,24,23,26,25,27,22,23,29,31,26,25,23
42,25,48,45,40,50,21,22,29,43,37,45,37,23,41,46,47,47,33,33,54,44,39,49,37,40,27,35,41,25,53,28,54,36,54,53,52,53,51,49,29,51,60,26,40,50,45,44,52,35,144,36,45,32,55,50,45,21,50,24,44,25,44,38,39,40,50,41,38,14,37,37,43,40,40,52,47,45,47,32,54,53,16,49,47,42,43,49,45,35,53,22,49,44,30,50,51,30,38,51,56,46,42,51,52,42,47,26,1e+20,45,47,50,36,54,37,33,50,60,58,52,34,38,32,47,46,28,45,19,42,47,43,41,43,44,24,25,49,47,19,39,42,42,54,43,39,32,44,53,47,47,46,54,49,56,52,40,62,37,52,21,45,51,34,48,29,51,42,45,37,43,56,28,48,53,33,52,50,49,49,32
41,24,48,46,43,47,23,25,28,49,36,42,35,23,43,44,43,54,28,36,59,46,41,56,32,34,22,40,45,24,51,27,54,29,48,58,51,52,54,56,29,53,50,28,42,45,48,43,57,45,45,38,48,39,54,58,54,30,47,29,48,24,45,40,39,37,47,45,38,19,35,38,37,34,43,49,43,46,51,34,54,52,22,52,50,41,43,50,41,34,53,24,57,43,30,49,53,39,32,49,55,50,57,58,51,44,55,27,45,1e+20,53,49,38,51,37,31,53,50,60,50,36,38,30,51,44,29,41,21,38,48,43,36,35,38,26,26,56,47,21,38,41,45,54,44,41,38,46,52,41,47,50,48,55,55,51,50,67,37,46,30,54,49,29,52,29,54,45,48,46,47,44,27,41,56,31,57,49,51,57,34
55,32,72,57,82,75,29,16,34,63,45,76,54,27,40,87,55,66,43,39,74,81,55,61,56,54,41,55,88,31,65,37,51,46,76,58,74,53,66,53,14,53,53,23,44,50,50,39,70,38,47,30,63,23,66,57,44,26,49,29,68,32,87,56,53,45,75,88,44,16,54,47,75,54,82,82,55,57,56,35,72,77,19,66,73,55,48,72,73,38,66,19,58,39,30,47,53,24,40,63,52,54,41,51,54,57,82,23,47,53,1e+20,71,30,53,35,38,53,53,51,68,47,44,38,56,62,24,73,19,80,85,48,46,77,60,25,28,61,87,29,58,55,88,72,81,55,41,81,77,64,68,54,55,69,52,49,65,71,35,47,26,44,86,25,51,14,66,48,50,42,67,46,37,53,51,26,70,47,59,58,33
47,31,62,48,56,60,21,19,30,49,47,62,43,27,34,60,42,63,33,34,71,67,47,59,53,47,32,43,63,23,59,30,56,43,70,52,70,57,76,53,18,57,50,23,34,45,53,34,66,38,50,33,67,21,71,56,47,25,47,28,62,31,62,46,43,38,60,63,39,13,43,46,56,47,56,65,42,48,60,28,66,77,20,74,60,47,48,69,63,31,62,21,62,34,26,51,57,27,37,63,59,51,44,53,50,47,77,22,50,49,71,1e+20,33,58,37,31,55,50,57,74,41,39,34,60,52,23,63,18,60,63,48,46,56,49,13,31,59,69,24,42,47,65,66,63,47,36,67,77,50,58,51,55,70,59,49,59,62,37,44,25,47,68,24,51,18,76,41,53,47,53,45,30,48,48,29,71,51,61,62,28
22,16,29,34,23,21,16,21,23,23,19,18,16,17,41,25,21,36,18,35,37,25,24,32,17,24,16,26,15,18,40,19,36,20,30,34,31,35,35,33,23,36,39,25,31,37,37,29,30,29,36,144,32,27,33,30,39,26,34,22,24,16,17,26,29,19,21,15,22,14,16,28,16,24,23,24,21,34,32,21,37,28,18,26,31,22,29,36,21,24,34,16,35,29,33,34,36,30,25,36,33,28,32,31,30,26,29,24,36,38,30,33,1e+20,36,25,24,32,39,36,26,21,22,19,32,23,20,21,16,15,26,29,25,16,20,21,19,32,27,13,27,22,17,37,17,24,22,25,28,29,27,28,30,37,33,42,33,34,25,29,26,39,24,26,37,23,35,30,37,32,28,29,19,32,32,28,32,34,31,35,24
32,27,46,49,39,50,23,19,33,46,40,51,38,31,43,47,38,48,35,30,61,52,39,64,39,37,29,39,45,26,50,31,53,39,56,59,52,52,52,59,20,59,53,27,36,48,50,40,62,30,54,36,53,21,56,59,43,35,49,28,52,27,44,37,38,35,50,45,35,18,38,36,43,37,39,51,38,49,63,27,49,64,23,63,44,32,47,56,52,30,59,14,64,40,31,47,59,20,31,56,66,52,51,54,46,36,57,28,54,51,53,58,36,1e+20,37,32,52,53,67,71,32,35,36,63,47,33,52,27,43,48,47,34,43,41,24,26,64,52,25,34,32,44,49,44,39,34,52,64,44,45,52,55,62,66,56,45,50,37,46,35,43,48,27,50,20,52,40,50,39,42,45,31,41,54,31,49,47,62,64,31
46,42,42,47,30,38,35,41,46,42,49,41,45,48,42,30,46,36,44,49,38,33,46,39,46,47,42,46,28,38,37,43,37,46,36,34,40,38,44,35,20,44,39,43,45,43,44,51,42,28,37,25,39,33,39,45,31,31,39,47,46,42,31,46,47,52,38,28,44,40,45,40,34,47,30,36,46,47,37,44,35,37,16,43,43,46,55,37,38,49,42,20,49,51,29,42,44,24,46,45,45,42,35,36,34,26,38,27,37,37,35,37,25,37,1e+20,49,46,39,40,43,30,44,47,37,50,42,38,47,33,39,55,41,37,46,41,42,39,37,40,37,46,30,35,34,46,48,33,37,48,39,42,38,42,45,35,36,34,144,37,31,31,40,40,31,20,44,27,44,35,32,33,43,33,36,28,30,42,42,49,24
56,61,51,54,32,58,54,59,61,52,69,52,64,63,45,47,59,34,66,63,33,36,62,37,67,66,59,67,43,65,37,60,29,71,39,29,32,39,37,29,8,34,45,63,57,52,45,54,38,38,33,24,47,36,34,37,26,18,32,65,57,61,38,66,64,70,58,43,64,59,64,61,54,66,32,45,59,54,27,62,37,34,24,38,42,56,57,33,49,65,32,18,41,54,22,48,34,31,67,38,27,30,29,32,28,30,38,21,33,31,38,31,24,32,49,1e+20,39,45,29,29,40,64,64,27,66,59,49,63,47,40,57,66,50,65,63,68,37,41,59,53,56,43,37,54,62,59,36,34,73,46,30,29,38,27,30,29,32,49,32,18,26,30,18,40,8,37,36,45,29,36,25,60,36,35,23,34,48,28,41,29
34,29,45,48,32,47,27,21,31,47,43,48,34,30,40,43,38,47,42,37,47,39,40,57,37,40,32,39,41,31,51,34,58,39,55,49,49,59,51,61,19,53,53,31,46,47,53,41,53,28,50,32,49,27,58,56,43,32,46,35,45,29,38,38,38,40,47,41,35,26,34,40,37,40,32,51,38,48,48,35,44,53,18,53,43,34,49,52,45,36,59,23,54,41,32,55,53,23,37,58,56,55,46,48,48,34,55,23,50,53,53,55,32,52,46,39,1e+20,53,56,55,32,35,34,48,48,26,45,27,38,49,49,48,38,45,25,29,57,42,26,34,34,38,44,42,40,41,39,53,41,43,55,47,53,56,51,41,43,46,48,32,43,48,26,53,19,51,39,53,46,42,48,34,46,54,39,51,55,50,54,30
38,26,50,51,50,58,34,18,28,46,42,58,48,26,36,57,38,41,44,33,59,47,52,63,47,37,33,47,51,29,68,36,52,34,59,58,50,55,60,55,21,55,144,28,50,54,50,41,64,32,60,39,64,36,55,46,41,23,51,28,48,26,53,46,40,45,58,51,45,17,48,43,53,37,50,57,38,51,57,34,60,54,17,55,57,38,47,50,50,38,51,15,60,41,31,55,55,37,39,61,57,49,42,50,52,37,50,29,60,50,53,50,39,53,39,45,53,1e+20,53,58,41,45,42,57,55,31,50,21,52,53,47,47,50,53,25,25,63,58,26,36,38,50,60,52,52,44,47,54,57,57,49,54,56,57,53,38,65,39,52,23,41,52,32,57,21,60,36,50,39,41,48,36,47,68,29,55,55,56,60,31
37,18,39,43,40,47,18,18,30,51,33,46,28,18,38,43,41,62,32,28,61,52,35,62,30,35,20,33,41,21,60,23,56,28,64,63,57,52,61,62,27,68,53,24,39,47,55,42,60,34,58,36,54,34,68,69,51,39,56,29,50,18,41,31,34,28,47,41,33,13,28,36,36,35,40,49,41,43,61,24,52,74,22,59,47,37,48,57,46,30,60,21,64,42,38,58,68,37,28,59,70,59,57,48,54,44,62,33,58,60,51,57,36,67,40,29,56,53,1e+20,71,32,33,24,61,41,27,46,21,39,45,48,30,35,37,17,18,62,46,14,43,37,42,52,38,35,31,52,74,39,44,59,56,58,70,63,57,58,40,55,39,51,56,26,56,27,61,46,55,43,51,52,23,46,54,29,53,58,67,64,36
53,25,63,56,60,67,24,19,32,49,45,72,53,24,34,63,45,65,40,34,75,70,52,66,55,41,33,46,66,25,68,38,51,37,71,61,68,57,72,60,21,63,58,23,34,50,50,38,80,32,52,26,71,31,72,72,46,30,52,28,66,25,68,45,45,43,67,66,47,17,53,39,64,41,60,73,45,56,67,29,65,91,17,83,67,53,52,70,71,35,72,17,69,38,29,55,63,27,37,72,73,57,50,55,50,46,79,27,52,50,68,74,26,71,43,29,55,58,71,1e+20,43,47,38,67,52,25,71,20,68,66,52,38,63,54,17,25,66,72,27,43,53,68,65,67,52,43,70,91,64,64,57,61,70,73,51,65,73,43,44,30,46,70,27,51,21,72,43,50,40,56,48,38,48,56,32,69,55,67,69,36
56,31,46,45,63,49,53,29,35,64,37,60,46,29,31,48,54,38,40,33,47,42,47,40,47,35,50,49,51,36,39,37,38,34,42,37,40,30,49,36,15,38,41,27,34,38,33,33,47,40,34,21,46,51,37,34,30,17,31,34,47,31,56,48,42,44,49,51,39,31,46,36,52,35,63,53,54,45,39,37,44,39,26,41,43,56,37,48,53,30,30,20,38,33,22,38,38,53,36,38,34,36,25,40,34,54,50,26,34,36,47,41,21,32,30,40,32,41,32,43,1e+20,39,44,39,45,35,53,21,52,56,37,52,52,52,23,35,40,53,43,51,56,53,44,55,47,35,42,39,47,39,36,34,41,34,33,38,40,30,36,17,30,50,28,34,15,49,42,33,37,33,34,37,39,35,19,43,38,34,38,32
50,60,54,60,50,55,50,51,53,46,69,57,67,51,36,49,47,41,67,60,41,43,69,40,73,72,60,54,54,61,45,65,36,58,47,38,43,39,48,37,17,40,45,66,53,50,38,52,53,41,38,22,53,35,39,40,32,18,44,59,55,60,51,58,62,69,55,54,144,56,67,66,54,72,50,54,47,60,46,61,44,43,23,47,48,50,48,42,51,59,46,18,37,52,18,48,40,31,66,43,36,36,34,43,39,35,51,21,38,38,44,39,22,35,44,64,35,45,33,47,39,1e+20,62,46,60,52,51,57,56,49,48,56,53,63,53,62,40,47,57,46,50,52,44,52,69,61,43,43,59,49,36,37,42,36,39,38,43,44,41,18,32,43,28,41,17,48,33,38,33,42,30,65,44,41,22,42,48,40,37,31
58,92,57,54,36,57,68,75,87,48,82,68,94,81,29,44,58,33,82,68,38,28,87,43,92,62,85,80,49,84,36,88,31,80,40,31,37,35,41,31,7,38,42,79,60,58,30,51,42,24,32,19,44,19,31,32,24,15,33,86,70,92,48,89,73,90,57,49,62,78,94,55,73,62,36,50,58,54,32,88,36,33,16,45,41,58,54,41,72,67,34,17,36,51,16,39,38,18,78,38,34,26,29,33,30,22,42,22,32,30,38,34,19,36,47,64,34,42,24,38,44,62,1e+20,32,73,78,72,72,63,45,54,68,73,81,76,84,43,52,83,41,58,47,36,62,87,70,28,33,79,42,26,32,38,34,33,31,33,47,36,15,24,31,20,31,7,41,26,30,27,25,26,88,32,34,25,37,39,31,36,17
48,23,52,45,64,50,30,19,38,44,33,60,42,28,35,46,42,57,29,30,74,63,44,58,43,37,35,42,50,23,48,36,47,30,57,47,57,53,59,51,23,58,57,21,29,36,45,37,64,44,47,32,62,37,64,57,51,32,49,25,50,23,52,40,37,35,50,50,46,16,42,38,49,37,64,59,42,45,144,26,57,70,19,69,51,48,44,66,51,29,53,19,57,37,31,49,58,31,34,54,65,54,52,50,49,46,65,29,47,51,56,60,32,63,37,27,48,57,61,67,39,46,32,1e+20,41,29,51,23,51,54,44,34,48,40,25,27,58,52,29,49,48,50,57,52,44,32,63,70,49,55,54,53,63,65,51,65,58,37,38,32,51,61,32,48,23,59,47,45,41,59,43,36,50,53,33,54,49,63,57,35
54,58,69,61,52,64,54,46,56,54,66,73,72,53,42,70,64,47,62,65,51,54,75,58,76,65,62,80,69,59,56,59,43,61,59,45,54,49,52,44,6,44,55,53,62,60,51,60,61,35,46,23,53,33,53,43,31,11,43,60,74,58,66,72,62,74,64,69,60,51,72,73,76,65,52,68,64,61,41,61,51,55,30,57,56,54,63,56,67,63,53,21,53,60,15,51,44,26,63,56,46,44,39,53,48,41,54,17,46,44,62,52,23,47,50,66,48,55,41,52,45,60,73,41,1e+20,52,67,49,72,63,63,74,70,82,50,64,58,65,59,49,54,64,51,73,75,72,54,55,84,62,44,50,60,46,41,37,59,50,44,11,31,49,17,58,6,52,35,51,37,47,36,59,47,53,26,50,51,47,53,31
50,77,46,41,22,43,74,85,84,39,70,45,74,87,31,25,47,21,77,57,27,16,64,31,71,51,81,76,29,89,32,84,25,84,26,25,22,30,23,25,15,26,31,69,45,43,25,44,28,27,28,20,31,31,23,27,21,25,24,78,56,77,28,72,62,72,43,29,52,87,74,40,40,51,22,29,47,41,29,79,31,20,14,36,27,50,47,27,57,69,26,14,26,44,29,31,26,24,69,25,30,20,24,18,18,18,24,30,28,29,24,23,20,33,42,59,26,31,27,25,35,52,78,29,52,1e+20,57,84,33,27,47,59,42,72,88,80,31,28,86,49,50,25,31,34,64,55,16,20,66,26,20,21,20,30,31,22,24,42,25,25,21,16,23,28,15,23,24,25,22,23,19,84,22,29,13,25,31,22,26,18
54,40,77,64,59,77,60,41,63,52,68,89,85,58,34,73,60,47,66,51,66,47,73,51,77,58,77,82,80,64,51,65,48,72,58,48,63,41,67,52,15,54,50,39,51,52,42,49,60,24,45,21,67,20,54,48,37,23,46,58,92,40,80,75,63,66,77,80,51,46,85,46,88,58,59,77,60,64,51,65,56,69,12,64,55,54,53,70,144,58,50,13,53,49,22,45,54,25,58,55,49,53,45,41,51,29,71,27,45,41,73,63,21,52,38,49,45,50,46,71,53,51,72,51,67,57,1e+20,50,83,72,53,64,88,80,51,51,51,78,66,51,54,80,56,85,73,58,47,69,89,56,53,49,55,49,44,46,55,38,55,23,37,62,26,39,15,67,25,42,36,35,46,65,47,47,23,61,45,48,53,22
44,74,43,45,17,39,75,91,78,37,70,44,71,91,27,22,49,16,59,60,22,16,62,22,70,53,74,65,21,96,24,82,22,81,22,19,17,28,26,22,9,24,21,76,51,44,24,49,23,18,19,16,23,16,21,22,16,21,19,78,57,74,21,68,59,73,39,21,57,99,71,41,37,53,17,33,49,45,23,74,20,17,10,31,17,44,50,24,50,68,23,14,28,49,20,24,24,11,67,25,22,24,27,15,14,11,26,28,19,21,19,18,16,27,47,63,27,21,21,20,21,57,72,23,49,84,50,1e+20,34,18,50,53,39,68,101,89,22,24,74,38,44,21,20,32,62,54,16,17,60,21,24,17,21,22,21,17,12,47,26,21,16,16,20,22,9,26,14,24,16,16,14,82,23,21,15,17,24,16,28,14
58,36,74,54,78,96,45,24,42,60,60,106,80,41,27,88,61,62,52,44,68,61,75,51,86,55,63,68,111,48,58,50,39,51,59,49,61,45,59,42,3,50,52,30,41,54,37,36,72,36,42,15,59,14,54,47,31,7,40,37,81,36,117,71,59,67,96,111,56,33,80,44,117,55,78,100,61,54,51,43,65,61,9,62,66,58,51,63,83,42,46,12,48,36,9,45,50,13,50,51,48,44,32,48,44,47,75,12,42,38,80,60,15,43,33,47,38,52,39,68,52,56,63,51,72,33,83,34,1e+20,81,51,60,118,75,34,43,51,91,53,46,58,111,65,114,75,62,61,61,82,63,44,49,57,48,41,47,69,33,42,7,31,73,18,43,3,59,29,37,28,45,35,50,44,42,23,59,45,48,48,24
57,32,72,50,78,80,35,19,34,58,43,77,56,26,40,82,56,63,43,34,64,64,63,57,56,46,40,48,83,36,61,34,48,35,62,56,63,54,65,46,16,48,53,26,36,54,45,38,66,40,47,26,60,30,62,56,38,18,51,31,68,32,93,55,56,49,80,83,49,18,56,49,81,46,78,82,56,50,54,31,68,65,16,63,71,57,48,65,72,36,52,20,58,38,21,50,48,30,43,54,52,49,37,53,52,54,80,20,47,48,85,63,26,48,39,40,49,53,45,66,56,49,45,54,63,27,72,18,81,1e+20,48,47,81,60,25,31,57,86,31,49,57,90,68,79,63,43,64,65,56,65,49,51,57,52,49,55,75,39,48,18,38,72,22,46,16,65,48,45,40,56,46,34,50,52,28,60,50,49,58,36
54,45,55,53,38,54,46,44,48,55,60,59,54,54,44,45,55,47,56,60,54,45,52,54,59,56,47,57,44,45,50,46,45,51,53,41,48,56,46,44,18,49,47,42,57,51,50,55,48,35,43,29,51,30,48,50,34,22,45,48,55,45,45,59,55,57,54,44,48,41,54,48,50,56,38,52,55,53,44,50,52,55,20,50,48,54,144,49,53,56,49,19,58,55,25,51,49,21,54,49,48,43,39,43,40,37,53,26,43,43,48,48,29,47,55,57,49,47,48,52,37,48,54,44,63,47,53,50,51,48,1e+20,51,50,59,47,48,54,48,42,49,54,45,52,52,52,54,45,55,62,52,43,50,47,48,44,46,46,55,44,22,34,41,24,47,18,46,37,50,38,41,38,46,42,47,31,44,51,53,58,29
54,56,60,59,42,57,56,57,62,56,71,62,69,60,34,51,57,36,60,63,42,36,69,45,72,54,69,75,50,65,42,68,42,62,45,35,46,40,54,45,14,38,47,60,60,53,39,54,46,26,41,25,47,22,39,37,34,19,38,62,63,56,54,83,61,73,57,50,56,58,69,56,69,54,42,56,57,59,34,71,45,39,19,44,47,54,51,48,64,61,40,16,42,54,21,48,38,21,63,46,33,41,33,38,41,30,45,27,41,36,46,46,25,34,41,66,48,47,30,38,52,56,68,34,74,59,64,53,60,47,51,1e+20,67,76,54,68,45,50,66,51,54,52,45,65,69,65,36,39,71,46,41,40,42,33,37,31,39,41,40,19,34,41,28,43,14,54,32,39,34,26,38,68,43,43,24,42,48,36,42,26
55,42,74,55,67,92,51,30,49,54,66,108,91,46,28,83,60,46,54,48,63,49,79,50,95,59,74,76,99,59,58,57,41,58,58,45,61,38,60,41,3,48,50,34,44,49,36,37,70,23,43,16,60,15,53,41,30,10,39,49,83,42,107,77,64,75,92,99,53,40,91,44,124,59,67,96,60,55,48,53,60,57,8,60,66,55,50,63,88,46,43,10,45,37,8,42,48,12,54,48,41,41,32,46,38,34,69,11,43,35,77,56,16,43,37,50,38,50,35,63,52,53,73,48,70,42,88,39,118,81,50,67,1e+20,82,39,49,50,83,62,41,55,101,60,114,79,63,49,57,84,59,41,42,54,41,38,36,60,37,41,10,30,61,19,37,3,60,23,36,29,36,35,57,40,41,20,55,42,45,45,19
57,70,66,71,55,68,71,64,77,53,78,79,82,74,35,62,63,46,70,69,57,51,78,48,87,66,82,81,66,77,55,75,41,81,53,41,55,41,57,44,7,44,53,64,62,52,38,55,58,27,44,20,58,22,48,42,30,16,41,71,83,70,68,88,71,85,68,66,63,64,82,58,82,66,55,70,63,71,40,79,56,54,18,55,62,57,59,60,80,63,47,14,46,55,15,46,44,17,72,47,42,44,34,43,42,36,66,19,44,38,60,49,20,41,46,65,45,53,37,54,52,63,81,40,82,72,80,68,75,60,59,76,82,1e+20,63,74,48,61,76,51,57,69,56,75,78,70,51,54,86,53,44,44,48,42,42,35,52,46,44,16,30,49,23,42,7,57,29,38,30,35,36,75,43,47,24,52,46,42,46,22
45,82,45,39,21,41,74,90,82,39,72,38,75,84,28,21,47,18,66,68,22,12,63,24,74,54,80,71,23,96,22,87,21,80,22,20,17,23,17,22,16,20,25,77,56,44,18,47,17,19,24,21,21,22,18,21,24,15,26,81,56,82,22,70,63,78,41,23,53,102,75,43,38,54,21,29,47,39,25,81,24,17,14,25,20,45,47,22,51,68,21,16,22,47,22,27,20,22,74,24,17,19,23,16,14,14,23,27,24,26,25,13,21,24,41,63,25,25,17,17,23,53,76,25,50,88,51,101,34,25,47,54,39,63,1e+20,93,24,25,78,45,45,20,24,30,63,57,12,17,63,21,19,16,20,17,21,20,19,41,25,15,24,13,18,25,16,17,16,18,18,18,16,87,19,24,14,21,27,14,22,11
48,88,45,48,27,42,75,89,74,45,82,49,84,76,32,30,61,25,75,66,28,24,78,25,79,59,80,72,33,93,30,85,22,83,29,23,25,25,32,24,7,26,25,82,58,45,23,49,32,29,25,19,32,24,28,28,22,12,25,78,54,88,30,76,72,81,42,33,62,97,84,56,51,59,27,36,61,48,27,83,29,26,12,36,34,48,48,28,51,72,25,17,28,49,13,34,26,20,77,26,23,23,21,22,25,23,33,29,25,26,28,31,19,26,42,68,29,25,18,25,35,62,84,27,64,80,51,89,43,31,48,68,49,74,93,1e+20,25,31,75,47,48,31,29,44,78,64,24,26,69,34,23,21,26,23,22,25,25,42,27,12,22,24,24,27,7,32,26,23,23,24,21,85,27,25,17,27,34,21,28,17
40,28,57,48,48,55,23,21,34,46,43,54,45,33,45,54,44,59,42,39,64,54,45,144,46,45,32,46,55,26,61,32,52,35,66,52,58,56,62,55,17,62,63,23,42,51,56,46,61,36,49,32,60,34,60,61,49,30,52,29,55,28,54,43,41,42,55,55,40,16,45,42,48,45,48,59,44,48,58,28,63,63,24,61,55,40,54,61,51,39,61,20,64,46,33,58,62,28,36,66,63,62,56,55,54,40,56,29,49,56,61,59,32,64,39,37,57,63,62,66,40,40,43,58,58,31,51,22,51,57,54,45,50,48,24,25,1e+20,63,27,39,40,54,63,51,45,42,54,63,50,57,62,60,66,63,51,45,59,39,52,30,49,51,30,56,17,62,41,56,44,58,48,32,56,64,35,58,58,59,64,35
55,32,78,57,76,82,32,21,35,57,45,81,59,35,36,84,52,63,47,38,72,77,64,63,61,51,43,62,89,33,67,38,49,40,63,58,63,55,71,50,12,58,58,24,40,51,44,43,73,42,47,27,68,22,62,54,36,17,51,34,72,32,93,57,58,54,82,89,47,17,59,49,88,51,76,88,52,57,52,36,71,65,16,71,73,55,48,71,78,40,57,20,54,43,22,53,58,21,45,56,53,49,45,55,50,55,77,25,47,47,87,69,27,52,37,41,42,58,46,72,53,47,52,52,65,28,78,24,91,86,48,50,83,61,25,31,63,1e+20,34,50,55,92,71,87,64,50,77,65,66,63,49,54,72,53,45,57,74,37,49,17,36,81,23,49,12,71,40,44,36,58,44,38,50,49,26,65,53,55,54,31
47,79,57,48,27,48,79,84,96,44,75,60,83,101,24,30,57,18,79,53,32,17,66,27,76,49,99,80,38,104,18,87,23,76,24,19,21,17,27,21,13,28,26,73,45,43,18,45,22,20,19,13,36,17,22,24,17,14,19,80,64,79,36,83,64,79,48,38,57,88,83,44,62,49,27,40,57,48,29,80,22,20,14,30,26,47,42,32,66,63,20,14,27,45,17,23,28,15,71,22,20,22,17,18,15,13,28,26,19,21,29,24,13,25,40,59,26,26,14,27,43,57,83,29,59,86,66,74,53,31,42,66,62,76,78,75,27,34,1e+20,52,47,34,22,52,66,54,17,20,69,18,22,14,19,20,18,20,16,40,27,14,17,21,23,18,13,27,14,18,16,15,15,87,17,22,14,23,23,17,27,13
77,39,48,42,69,61,57,40,52,72,43,45,50,43,38,50,78,54,47,40,50,56,44,39,39,50,49,53,55,57,45,48,36,43,44,41,49,45,39,35,19,38,36,39,45,38,36,46,45,44,39,27,50,39,47,49,35,21,42,39,67,39,52,51,52,48,61,55,46,42,50,47,44,50,69,46,78,42,49,47,48,45,23,46,56,77,49,50,51,39,42,17,41,46,28,45,38,41,48,42,35,40,29,41,41,47,50,26,39,38,58,42,27,34,37,53,34,36,43,43,51,46,41,49,49,49,51,38,46,49,49,51,41,51,45,47,39,50,52,1e+20,77,57,48,50,44,44,56,45,57,50,40,36,44,35,36,63,49,37,46,21,35,57,24,39,19,39,52,36,38,58,40,48,41,38,22,40,45,39,41,35
144,46,52,45,70,67,55,50,54,73,53,55,61,48,42,49,71,57,49,46,51,54,52,40,56,49,46,61,61,45,50,52,33,45,45,41,48,41,51,31,15,40,38,42,44,42,34,43,53,53,42,22,48,37,50,54,32,17,39,43,61,46,61,54,57,61,67,61,50,44,61,46,56,49,70,50,71,45,48,49,53,46,22,54,54,144,54,49,54,45,44,21,40,43,19,42,40,31,52,45,40,36,27,47,39,47,53,26,42,41,55,47,22,32,46,56,34,38,37,53,56,50,58,48,54,50,54,44,58,57,54,54,55,57,45,48,40,55,47,77,1e+20,61,53,56,52,48,54,46,59,55,36,42,47,40,40,58,50,46,40,17,32,55,32,36,15,51,48,34,32,59,37,52,41,41,28,47,42,48,40,29
61,32,76,54,98,98,31,17,32,61,48,96,63,28,31,94,59,66,44,39,71,83,64,54,66,52,45,54,122,35,63,40,42,40,62,50,63,47,62,40,2,50,50,24,38,56,45,34,76,35,42,17,61,18,58,53,31,10,42,30,75,32,131,56,56,53,98,122,52,18,63,54,103,52,98,103,59,54,50,33,68,73,16,69,69,61,45,66,80,36,53,15,53,34,10,48,50,14,43,56,49,47,30,50,44,55,83,11,42,45,88,65,17,44,30,43,38,50,42,68,53,52,47,50,64,25,80,21,111,90,45,52,101,69,20,31,54,92,34,57,61,1e+20,68,110,64,50,83,73,68,68,47,48,67,49,41,54,81,30,42,10,31,81,15,42,2,62,43,45,31,64,37,40,43,44,25,66,48,50,53,27
53,32,61,50,64,64,27,24,33,50,41,58,53,29,40,64,55,65,34,38,86,71,54,63,47,46,26,48,65,24,62,30,50,33,66,49,66,56,62,49,21,62,60,25,43,50,49,39,66,47,54,37,65,40,75,54,50,27,49,24,61,32,70,50,45,45,64,65,44,17,53,47,59,46,64,74,55,50,57,29,144,62,23,73,71,53,52,70,56,37,57,27,53,39,27,53,62,41,40,59,61,51,44,59,50,51,74,27,54,54,72,66,37,49,35,37,44,60,52,65,44,44,36,57,51,31,56,20,65,68,52,45,60,56,24,29,63,71,22,48,53,68,1e+20,67,54,44,71,62,59,64,51,49,67,61,52,54,80,35,45,27,50,67,27,55,21,62,44,49,41,67,45,30,52,61,36,72,53,55,53,32
56,38,77,58,73,92,47,26,42,60,62,105,81,45,33,89,61,57,53,43,71,62,75,51,82,57,64,70,110,49,61,48,48,56,67,49,64,44,64,41,5,51,52,30,44,58,40,40,73,30,43,17,64,16,60,45,31,9,40,39,85,38,109,71,66,63,92,110,52,33,81,50,112,57,73,100,61,58,52,48,67,64,13,62,71,56,52,65,85,45,51,14,52,40,10,44,51,15,51,52,49,44,30,50,46,48,78,16,43,44,81,63,17,44,34,54,42,52,38,67,55,52,62,52,73,34,85,32,114,79,52,65,114,75,30,44,51,87,52,50,56,110,67,1e+20,75,63,62,64,81,62,44,48,63,49,40,47,70,34,42,9,31,72,22,44,5,64,33,40,32,47,38,48,46,43,21,61,44,47,52,23
52,76,68,68,52,58,60,58,63,49,78,72,85,63,33,62,56,43,74,74,52,51,144,45,86,68,70,77,68,71,52,73,42,71,52,42,52,40,55,44,10,44,52,71,65,64,43,61,59,32,39,24,53,24,49,44,30,16,41,70,77,76,68,80,76,87,58,68,69,63,85,67,82,68,52,69,56,68,44,68,54,50,18,53,54,52,52,51,73,69,47,17,41,61,15,47,44,19,74,48,42,42,34,42,47,46,60,19,39,41,55,47,24,39,46,62,40,52,35,52,47,69,87,44,75,64,73,62,75,63,52,69,79,78,63,78,45,64,66,44,52,64,54,75,1e+20,81,51,50,78,52,42,42,51,42,41,40,55,46,40,16,30,56,24,42,10,55,33,43,33,42,41,73,47,41,25,51,47,46,41,32
48,65,58,59,34,49,52,52,55,49,71,60,69,53,40,49,56,38,65,66,45,38,81,42,71,64,58,68,48,58,44,59,34,61,49,34,43,38,44,37,11,39,44,60,62,60,37,60,46,34,32,22,47,27,36,41,28,15,37,53,66,65,48,69,66,74,49,48,61,53,69,67,61,64,34,56,56,59,32,55,44,40,19,51,42,48,54,40,58,68,36,22,41,60,15,47,39,23,60,49,39,33,34,41,38,31,45,20,32,38,41,36,22,34,48,59,41,44,31,43,35,61,70,32,72,55,58,54,62,43,54,65,63,70,57,64,42,50,54,44,48,50,44,63,81,1e+20,38,40,67,46,33,34,40,39,34,36,44,48,37,15,28,36,22,41,11,44,34,37,31,33,28,59,40,41,25,43,47,33,41,29
54,21,61,51,88,67,19,11,25,60,38,54,42,18,37,77,48,77,24,30,82,144,51,54,39,55,22,41,86,15,57,24,39,26,74,51,66,52,65,38,6,51,47,12,23,41,55,27,71,41,44,25,70,26,71,63,41,24,43,19,57,21,80,37,40,33,67,86,43,12,42,55,55,55,88,68,48,51,63,18,71,77,29,73,67,54,45,71,47,26,65,21,61,27,22,48,51,27,30,58,54,43,37,51,49,61,83,20,44,46,81,67,25,52,33,36,39,47,52,70,42,43,28,63,54,16,47,16,61,64,45,36,49,51,12,24,54,77,17,56,54,83,71,62,51,38,1e+20,77,62,71,43,47,74,54,39,69,72,33,35,24,41,85,25,49,6,65,55,55,39,83,39,24,56,48,25,62,48,58,61,32
46,25,61,54,61,66,20,16,29,55,41,64,46,23,36,63,45,67,37,33,76,77,50,63,50,48,29,41,70,25,62,32,52,37,69,58,69,60,72,58,23,65,54,19,35,49,59,41,68,36,53,28,73,28,79,64,46,37,50,26,68,25,70,44,45,39,66,70,43,12,46,47,55,48,61,73,45,54,70,25,62,144,26,78,60,46,55,75,69,34,72,26,66,41,27,57,65,29,37,72,72,56,51,54,50,48,80,27,53,52,77,77,28,64,37,34,53,54,74,91,39,43,33,70,55,20,69,17,61,65,55,39,57,54,17,26,63,65,20,45,46,73,62,64,50,40,77,1e+20,61,61,56,58,68,72,46,63,71,37,46,37,46,73,29,53,23,72,40,59,44,60,48,32,51,52,32,69,57,69,66,34
59,61,86,66,50,72,63,55,69,55,73,88,86,70,41,67,68,50,74,70,66,62,78,50,81,58,75,87,67,70,51,72,38,74,61,43,50,46,61,41,8,51,57,58,56,56,48,55,55,31,47,29,66,24,53,45,35,18,39,68,90,61,70,91,70,79,72,67,59,57,86,58,83,58,50,67,68,66,49,73,59,61,19,67,60,59,62,61,89,68,48,16,58,55,23,50,51,22,71,50,45,41,35,47,45,35,60,19,47,41,64,50,29,44,48,73,41,57,39,64,47,59,79,49,84,66,89,60,82,56,62,71,84,86,63,69,50,66,69,57,59,68,59,81,78,67,62,61,1e+20,56,41,48,57,45,45,45,51,48,39,18,35,51,22,49,8,61,28,48,37,42,35,72,52,50,25,54,50,44,58,24
55,31,60,57,64,67,24,21,28,51,38,58,53,20,43,70,47,64,40,42,64,71,52,57,46,51,31,44,68,26,59,32,44,29,64,52,65,56,68,44,16,53,57,25,40,51,53,39,70,51,47,27,67,39,63,52,40,22,45,26,53,31,68,46,43,50,67,68,49,18,53,53,60,51,64,68,47,57,55,31,64,61,35,64,63,55,52,63,56,37,59,27,57,39,20,56,53,29,44,63,53,45,37,56,52,48,65,23,47,47,68,58,27,45,39,46,43,57,44,64,39,49,42,55,62,26,56,21,63,65,52,46,59,53,21,34,57,63,18,50,55,68,64,62,52,46,71,61,56,1e+20,45,51,61,53,44,58,70,39,44,22,40,65,26,58,16,68,44,53,43,61,45,32,55,54,31,63,56,55,57,34
36,23,42,45,45,50,20,22,25,43,33,48,36,22,41,50,40,51,37,27,50,43,42,62,38,33,29,39,46,27,57,25,53,29,62,53,60,53,53,57,21,60,49,23,36,40,51,50,54,34,46,28,53,21,57,53,49,29,61,26,48,23,45,38,38,36,50,46,36,16,36,40,43,33,45,51,40,45,54,26,51,56,15,49,44,36,43,52,53,30,61,19,54,50,26,50,60,31,33,51,59,144,52,54,59,45,52,27,46,50,54,51,28,52,42,30,55,49,59,57,36,36,26,54,44,20,53,24,44,49,43,41,41,44,19,23,62,49,22,40,36,47,51,44,42,33,43,56,41,45,1e+20,62,58,59,53,47,53,42,59,29,49,53,29,54,21,53,39,51,47,47,51,25,50,52,31,48,50,56,54,38
42,24,46,49,43,53,18,17,26,45,35,50,36,24,35,46,40,50,36,32,52,47,42,60,40,32,25,34,48,20,55,33,55,29,63,51,57,56,57,59,27,57,54,21,32,42,55,41,59,34,54,30,50,29,60,53,45,26,49,28,49,24,49,41,39,40,53,48,37,15,36,35,45,32,43,50,40,49,53,27,49,58,24,56,51,42,50,51,49,32,57,29,58,41,29,48,57,24,38,53,68,62,43,52,56,48,57,25,54,48,55,55,30,55,38,29,47,54,56,61,34,37,32,53,50,21,49,17,49,51,50,40,42,44,16,21,60,54,14,36,42,48,49,48,42,34,47,58,48,51,62,1e+20,56,68,59,42,65,38,56,26,45,53,38,51,27,57,39,55,48,47,54,33,46,55,36,49,48,61,58,34
47,28,57,50,61,62,22,21,29,51,41,59,45,23,39,60,40,69,35,35,77,74,51,66,47,48,28,45,66,23,64,30,56,36,71,57,64,57,70,57,17,66,56,23,41,49,64,44,71,44,49,37,63,30,72,59,51,28,49,26,58,28,63,42,38,40,62,66,42,14,45,52,57,48,61,65,40,50,63,25,67,68,29,72,67,47,47,67,55,38,73,22,65,44,31,55,66,29,35,68,59,58,47,57,51,52,72,26,49,55,69,70,37,62,42,38,53,56,58,70,41,42,38,63,60,20,55,21,57,57,47,42,54,48,20,26,66,72,19,44,47,67,67,63,51,40,74,68,57,61,58,56,1e+20,59,53,59,69,42,49,28,51,75,26,54,17,70,44,64,43,66,50,30,52,51,28,65,55,63,65,33
40,23,48,49,48,50,18,22,29,44,34,55,40,21,34,46,39,51,33,34,67,54,42,63,42,38,25,33,48,20,50,31,56,29,62,53,56,65,59,65,29,65,57,24,33,46,57,40,60,43,56,33,56,34,62,66,44,42,56,30,49,23,49,38,36,43,50,48,36,18,40,37,44,38,48,51,39,49,65,25,61,72,30,64,50,40,48,59,49,37,62,32,72,40,36,54,65,30,41,61,144,59,52,52,50,44,61,34,56,55,52,59,33,66,45,27,56,57,70,73,34,36,34,65,46,30,49,22,48,52,48,33,41,42,17,23,63,53,20,35,40,49,61,49,42,39,54,72,45,53,59,68,59,1e+20,65,56,60,45,53,42,44,55,38,55,29,59,42,57,48,53,54,31,47,56,37,56,54,67,72,35
40,26,45,53,37,47,21,23,30,43,36,39,37,21,42,47,41,47,35,34,55,39,41,51,34,33,25,40,41,20,55,33,56,30,51,62,53,57,53,62,30,61,53,27,37,48,48,42,56,35,52,42,48,27,48,54,48,30,51,28,48,26,42,40,38,35,47,41,39,17,37,38,40,33,37,43,41,53,51,32,52,46,18,48,50,40,44,46,44,33,52,20,54,42,35,46,61,38,39,56,65,53,47,50,53,40,47,19,52,51,49,49,42,56,35,30,51,53,63,51,33,39,33,51,41,31,44,21,41,49,44,37,38,42,21,22,51,45,18,36,40,41,52,40,41,34,39,46,45,44,53,59,53,65,1e+20,41,56,35,52,30,48,52,32,52,30,53,38,48,49,45,50,33,45,63,32,47,46,49,54,29
58,24,47,43,68,51,28,15,26,57,31,44,30,19,40,50,52,69,22,30,64,69,40,45,33,46,24,35,57,24,44,22,40,29,59,45,63,45,50,40,21,53,38,18,29,33,45,30,58,46,40,33,53,40,58,61,49,31,42,20,50,24,54,32,42,28,51,57,38,16,30,45,38,46,68,53,52,43,65,21,54,63,22,59,57,58,46,57,46,22,58,20,51,30,31,45,53,40,29,55,56,47,42,50,48,56,64,27,40,50,65,59,33,45,36,29,41,38,57,65,38,38,31,65,37,22,46,17,47,55,46,31,36,35,20,25,45,57,20,63,58,54,54,47,40,36,69,63,45,58,47,42,59,56,41,1e+20,59,36,38,31,49,71,31,44,21,50,59,45,40,65,46,22,48,43,28,50,45,52,51,36
50,25,59,49,66,69,18,15,27,48,41,58,47,20,33,72,46,69,34,35,79,72,55,59,45,43,23,41,76,20,67,30,48,25,70,62,66,57,64,49,29,57,65,21,38,56,55,42,70,40,62,34,60,31,67,61,48,25,52,19,60,25,81,46,45,42,69,76,43,11,47,54,64,43,66,73,46,49,58,26,80,71,22,71,70,50,46,64,55,32,64,26,56,42,28,53,57,34,34,64,60,53,40,61,54,58,73,22,62,67,71,62,34,50,34,32,43,65,58,73,40,43,33,58,59,24,55,12,69,75,46,39,60,52,19,25,59,74,16,49,50,81,80,70,55,44,72,71,51,70,53,65,69,60,56,59,1e+20,34,50,25,48,73,26,51,29,64,46,55,41,72,49,30,49,69,30,69,53,59,56,33
46,42,42,47,30,38,35,41,46,42,49,41,45,48,42,30,46,36,44,49,38,33,46,39,46,47,42,46,28,38,37,43,37,46,36,34,40,38,44,35,20,44,39,43,45,43,44,51,42,28,37,25,39,33,39,45,31,31,39,47,46,42,31,46,47,52,38,28,44,40,45,40,34,47,30,36,46,47,37,44,35,37,16,43,43,46,55,37,38,49,42,20,49,51,29,42,44,24,46,45,45,42,35,36,34,26,38,27,37,37,35,37,25,37,144,49,46,39,40,43,30,44,47,37,50,42,38,47,33,39,55,41,37,46,41,42,39,37,40,37,46,30,35,34,46,48,33,37,48,39,42,38,42,45,35,36,34,1e+20,37,31,31,40,40,31,20,44,27,44,35,32,33,43,33,36,28,30,42,42,49,24
40,29,43,41,41,45,27,23,32,43,42,43,41,28,35,45,43,47,45,34,40,35,40,52,39,38,36,42,42,35,50,37,52,34,57,56,49,49,54,56,27,58,52,30,41,42,42,45,47,30,52,29,43,22,50,45,44,23,58,35,50,29,41,42,41,39,45,42,41,23,41,36,43,38,41,48,43,41,38,38,45,46,12,46,44,40,44,48,55,34,50,20,53,45,22,47,58,28,42,51,53,59,45,48,57,37,47,26,52,46,47,44,29,46,37,32,48,52,55,44,36,41,36,38,44,25,55,26,42,48,44,40,41,44,25,27,52,49,27,46,40,42,45,42,40,37,35,46,39,44,59,56,49,53,52,38,50,37,1e+20,23,44,51,35,52,27,54,38,42,45,39,56,37,49,50,31,51,47,48,53,30
17,6,18,35,23,16,13,14,20,19,20,15,13,19,25,9,14,29,20,16,29,24,16,30,10,23,15,16,9,15,20,16,28,23,31,26,24,26,34,31,31,38,23,13,22,21,36,24,23,29,21,26,28,28,34,35,35,144,29,20,26,6,10,16,23,13,16,9,18,11,13,12,8,23,23,18,14,35,32,20,27,37,34,36,22,17,22,30,23,22,35,24,40,24,34,24,38,31,17,30,42,29,30,25,20,18,34,32,21,30,26,25,26,35,31,18,32,23,39,30,17,18,15,32,11,25,23,21,7,18,22,19,10,16,15,12,30,17,14,21,17,10,27,9,16,15,24,37,18,22,29,26,28,42,30,31,25,31,23,1e+20,35,27,28,25,31,34,23,36,30,30,24,16,30,26,31,20,24,37,40,25
32,19,37,42,42,33,19,17,30,39,30,34,28,22,34,29,39,47,30,30,52,41,30,49,28,33,27,29,29,23,38,27,43,24,44,43,41,42,55,47,31,57,41,20,31,34,46,32,43,36,45,39,40,28,51,47,144,35,40,24,36,19,30,32,36,27,33,29,32,14,28,33,29,33,42,42,39,42,51,25,50,46,22,47,41,32,34,51,37,29,51,29,46,32,37,45,57,39,32,49,44,49,48,41,41,38,46,27,45,54,44,47,39,43,31,26,43,41,51,46,30,32,24,51,31,21,37,16,31,38,34,34,30,30,24,22,49,36,17,35,32,31,50,31,30,28,41,46,35,40,49,45,51,44,48,49,48,31,44,35,1e+20,45,28,48,31,55,41,46,45,41,46,27,45,47,31,50,45,46,46,37
55,24,61,53,85,70,19,16,26,65,35,73,42,17,38,70,58,78,28,31,79,85,56,51,44,45,25,39,81,19,63,28,53,24,70,55,66,52,72,50,22,52,52,21,31,37,53,35,71,39,51,24,70,27,68,61,45,27,53,22,63,24,79,40,41,39,70,81,43,15,42,47,69,45,85,72,58,53,61,28,67,73,20,64,70,55,41,79,62,28,64,20,53,35,25,50,52,32,35,64,55,53,46,55,53,63,85,27,51,49,86,68,24,48,40,30,48,52,56,70,50,43,31,61,49,16,62,16,73,72,41,41,61,49,13,24,51,81,21,57,55,81,67,72,56,36,85,73,51,65,53,53,75,55,52,71,73,40,51,27,45,1e+20,28,52,22,72,52,53,42,68,52,28,53,44,29,70,50,60,53,37
32,22,26,27,25,23,25,21,23,20,20,26,20,17,33,15,21,28,26,22,29,25,24,30,20,27,28,24,15,21,22,30,31,23,25,27,25,28,31,26,25,30,32,24,24,24,31,27,27,33,34,26,29,33,30,32,28,28,35,25,27,22,21,21,24,28,23,15,28,16,20,18,18,27,25,23,21,27,32,26,27,29,21,30,29,32,24,27,26,24,30,25,26,27,34,31,30,22,26,25,38,29,26,32,26,21,22,43,34,29,25,24,26,27,40,18,26,32,26,27,28,28,20,32,17,23,26,20,18,22,24,28,19,23,18,24,30,23,23,24,32,15,27,22,24,22,25,29,22,26,29,38,26,38,32,31,26,40,35,28,28,28,1e+20,33,25,31,25,31,31,29,27,30,30,30,23,31,31,29,26,24
36,22,41,51,40,49,25,22,29,45,36,44,39,24,44,53,42,54,33,36,47,49,42,56,33,38,28,43,43,22,58,26,56,29,58,54,52,49,54,57,21,54,57,25,40,47,58,42,61,39,48,37,56,37,54,57,48,25,55,25,43,22,42,35,36,38,49,43,41,16,39,49,39,38,40,49,42,51,48,31,55,53,23,50,53,36,47,53,39,32,61,17,52,42,29,58,54,34,35,61,55,54,48,56,52,43,52,28,48,52,51,51,37,50,31,40,53,57,56,51,34,41,31,48,58,28,39,22,43,46,47,43,37,42,25,27,56,49,18,39,36,42,55,44,42,41,49,53,49,58,54,51,54,55,52,44,51,31,52,25,48,52,33,1e+20,21,54,49,58,48,56,43,26,59,57,32,54,58,51,52,41
15,4,11,17,7,8,7,13,13,12,13,10,10,14,17,7,12,18,17,13,18,6,10,17,5,8,14,9,2,12,20,14,20,9,18,24,23,21,22,23,144,24,21,17,21,20,20,21,14,20,29,23,14,30,18,19,31,31,26,14,12,4,2,11,16,9,8,2,17,10,10,12,3,8,7,7,12,17,23,17,21,23,17,15,11,15,18,14,15,15,21,38,18,21,29,19,24,35,14,21,29,21,22,23,24,21,14,22,29,29,14,18,23,20,20,8,19,21,27,21,15,17,7,23,6,15,15,9,3,16,18,14,3,7,16,7,17,12,13,19,15,2,21,5,10,11,6,23,8,16,21,27,17,29,30,21,29,20,27,31,31,22,25,21,1e+20,22,19,20,28,17,34,14,24,32,32,24,19,21,18,27
51,31,58,58,61,63,28,20,34,55,48,62,50,28,36,56,43,68,43,40,72,65,55,62,52,46,36,49,61,32,67,37,53,40,67,56,70,53,144,51,22,60,60,27,39,55,56,42,67,39,51,35,78,27,66,56,55,34,52,29,63,31,61,57,50,47,63,61,48,16,50,52,59,46,61,68,43,58,59,33,62,72,21,72,66,51,46,77,67,41,61,26,59,42,30,59,60,30,42,64,59,53,46,52,56,44,72,35,51,54,66,76,35,52,44,37,51,60,61,72,49,48,41,59,52,23,67,26,59,65,46,54,60,57,17,32,62,71,27,39,51,62,62,64,55,44,65,72,61,68,53,57,70,59,53,50,64,44,54,34,55,72,31,54,22,1e+20,41,56,45,57,45,37,58,51,33,70,59,57,59,32
48,19,34,34,51,44,28,16,24,61,28,29,22,16,44,38,44,55,19,26,37,55,33,41,20,43,16,29,44,14,41,22,38,16,46,42,46,50,41,36,19,38,36,23,32,37,41,28,42,54,42,30,40,47,44,52,41,23,43,22,39,19,42,28,32,26,44,44,33,16,22,50,26,43,51,43,44,34,47,23,44,40,26,39,43,48,37,46,25,23,42,20,39,28,28,45,38,41,33,49,42,39,33,55,44,53,44,26,42,45,48,41,30,40,27,36,39,36,46,43,42,33,26,47,35,24,25,14,29,48,37,32,23,29,16,26,41,40,14,52,48,43,44,33,33,34,55,40,28,44,39,39,44,42,38,59,46,27,38,23,41,52,25,49,19,41,1e+20,41,47,56,44,22,42,44,31,48,45,41,39,42
34,25,48,47,35,43,20,26,27,41,36,43,34,26,40,46,34,55,36,35,54,55,43,56,33,52,25,42,45,22,49,30,50,31,58,51,55,58,56,48,20,60,50,21,40,47,144,48,54,37,45,37,58,47,60,51,46,36,47,29,41,25,40,41,33,33,43,45,38,16,34,55,33,52,35,43,34,47,45,29,49,59,38,60,49,34,50,57,42,37,63,25,57,48,31,58,60,33,36,66,57,51,47,51,50,45,61,28,45,48,50,53,37,50,44,45,53,50,55,50,33,38,30,45,51,25,42,24,37,45,50,39,36,38,18,23,56,44,18,36,34,45,49,40,43,37,55,59,48,53,51,55,64,57,48,45,55,44,42,36,46,53,31,58,20,56,41,1e+20,49,57,46,30,54,58,34,55,58,55,57,40
32,18,35,42,28,37,32,22,25,42,32,33,27,20,45,36,34,40,27,27,36,39,33,44,27,32,20,33,29,16,38,25,47,27,47,42,44,48,45,44,28,42,39,24,36,45,49,34,42,39,37,32,42,42,47,51,45,30,49,25,39,18,31,29,35,28,37,29,33,17,27,40,29,32,28,33,34,42,41,29,41,44,17,42,39,32,38,43,36,26,55,18,43,34,32,42,42,45,30,46,48,47,46,45,47,52,43,24,37,46,42,47,32,39,35,29,46,39,43,40,37,33,27,41,37,22,36,16,28,40,38,34,29,30,18,23,44,36,16,38,32,31,41,32,33,31,39,44,37,43,47,48,43,48,49,40,41,35,45,30,45,42,31,48,28,45,47,49,1e+20,37,49,25,45,47,29,43,42,47,43,32
59,18,45,37,76,55,24,18,25,55,31,37,32,24,42,52,50,73,26,33,65,83,42,58,27,46,19,28,64,15,54,22,40,20,61,46,57,56,57,39,17,47,41,18,29,34,57,32,62,54,43,28,50,39,62,62,41,30,48,19,45,18,62,30,33,31,55,64,42,13,32,49,38,46,76,54,50,37,59,23,67,60,33,65,63,59,41,52,35,21,62,28,44,32,24,45,47,37,32,59,53,47,36,53,42,56,62,23,43,47,67,53,28,42,32,36,42,41,51,56,33,42,25,59,47,23,35,16,45,56,41,26,36,35,18,24,58,58,15,58,59,64,67,47,42,33,83,60,42,61,47,47,66,53,45,65,72,32,39,30,41,68,29,56,17,57,56,57,37,1e+20,39,22,45,44,28,58,45,56,44,39
37,20,40,42,36,43,20,21,26,38,36,37,31,16,32,38,42,49,29,30,45,39,41,48,32,29,24,37,38,21,45,26,54,26,47,51,49,54,45,57,34,55,48,25,34,40,46,42,43,28,56,29,43,32,45,45,46,24,50,26,48,20,38,39,36,35,43,38,30,18,31,35,38,29,36,43,42,42,43,28,45,48,14,39,47,37,38,41,46,31,49,22,52,42,22,48,55,31,39,47,54,51,41,48,52,40,47,26,56,44,46,45,29,45,33,25,48,48,52,48,34,30,26,43,36,19,46,14,35,46,38,38,35,36,16,21,48,44,15,40,37,37,45,38,41,28,39,48,35,45,51,54,50,54,50,46,49,33,56,24,46,52,27,43,34,45,44,46,49,39,1e+20,26,45,45,35,50,48,52,52,31
52,85,52,49,33,49,74,87,93,42,82,54,83,97,28,37,63,26,80,70,36,24,73,32,78,57,87,81,40,91,30,144,31,83,35,26,30,31,37,33,14,37,36,77,57,45,30,48,38,21,28,19,38,23,31,29,27,16,26,85,64,85,42,91,70,85,49,40,65,89,83,49,56,57,33,41,63,49,36,89,30,32,9,37,32,52,46,35,65,72,28,23,35,48,22,36,37,21,77,35,31,25,27,27,29,22,35,25,28,27,37,30,19,31,43,60,34,36,23,38,37,65,88,36,59,84,65,82,50,34,46,68,57,75,87,85,32,38,87,48,52,40,30,48,73,59,24,32,72,32,25,33,30,31,33,22,30,43,37,16,27,28,30,26,14,37,22,30,25,22,26,1e+20,31,29,27,33,36,28,35,15
41,25,46,51,47,51,27,20,29,46,43,43,41,26,42,51,45,52,28,33,46,56,47,56,37,40,31,39,41,23,53,31,50,29,55,44,52,49,58,46,24,51,47,22,41,47,54,38,54,43,48,32,61,29,58,47,45,30,49,24,43,25,42,41,37,38,51,41,44,16,41,44,42,40,47,53,45,51,50,28,52,51,21,50,53,41,42,54,47,32,54,25,49,38,25,45,51,33,36,54,47,50,44,50,48,47,54,27,48,41,53,48,32,41,33,36,46,47,46,48,39,44,32,50,47,22,47,23,44,50,42,43,40,43,19,27,56,50,17,41,41,43,52,46,47,40,56,51,52,55,50,46,52,47,45,48,49,33,49,30,45,53,30,59,24,58,42,54,45,45,45,31,1e+20,48,33,55,45,47,49,40
41,28,45,53,42,50,28,19,23,44,33,50,39,26,41,50,36,53,34,38,57,48,41,64,37,36,26,38,42,24,60,29,49,33,58,63,50,60,51,46,32,53,68,25,43,54,58,40,57,38,53,32,53,35,55,51,47,26,50,27,48,28,45,38,38,42,50,42,41,18,39,41,43,36,42,49,36,53,53,25,61,52,23,51,54,41,47,49,47,38,53,20,60,40,30,51,53,34,33,62,56,52,44,57,52,35,47,22,53,56,51,48,32,54,36,35,54,68,54,56,35,41,34,53,53,29,47,21,42,52,47,43,41,47,24,25,64,49,22,38,41,44,61,43,41,41,48,52,50,54,52,55,51,56,63,43,69,36,50,26,47,44,30,57,32,51,44,58,47,44,45,29,48,1e+20,30,52,51,59,60,35
28,17,23,28,26,26,12,13,21,21,25,24,28,17,22,25,22,30,22,25,31,25,25,35,19,23,13,22,25,15,29,27,35,17,29,32,29,44,33,34,32,31,29,24,23,23,34,24,28,26,33,28,31,22,29,30,31,31,31,21,23,17,22,24,23,20,26,25,22,14,28,26,19,23,26,26,22,28,33,17,36,32,33,29,30,28,31,32,23,23,28,39,29,24,29,31,31,22,24,30,37,31,28,36,30,28,29,23,33,31,26,29,28,31,28,23,39,29,29,32,19,22,25,33,26,13,23,15,23,28,31,24,20,24,14,17,35,26,14,22,28,25,36,21,25,25,25,32,25,31,31,36,28,37,32,28,30,28,31,31,31,29,23,32,32,33,31,34,29,28,35,27,33,30,1e+20,32,31,28,29,33
47,27,63,49,59,61,26,17,28,47,41,60,52,26,32,61,44,66,34,33,74,62,51,58,50,47,33,46,65,25,63,33,49,31,70,50,61,47,70,51,24,56,55,25,39,46,55,38,62,37,52,32,61,29,64,47,50,20,48,27,60,27,67,41,42,44,61,65,42,15,52,48,57,47,59,68,44,49,54,31,72,69,23,66,58,47,44,66,61,34,66,27,54,38,25,53,56,34,35,68,56,48,45,50,50,49,69,29,52,57,70,71,32,49,30,34,51,55,53,69,43,42,37,54,50,25,61,17,59,60,44,42,55,52,21,27,58,65,23,40,47,66,72,61,51,43,62,69,54,63,48,49,65,56,47,50,69,30,51,20,50,70,31,54,24,70,48,55,43,58,50,33,55,52,32,1e+20,53,51,54,30
42,32,47,51,43,52,27,24,33,49,40,48,46,27,48,48,42,55,45,51,55,48,47,58,41,46,32,48,46,28,57,36,49,32,55,50,59,48,59,47,19,51,55,28,45,50,58,48,57,44,50,34,55,44,54,50,45,24,53,33,49,32,46,42,42,44,52,46,48,17,46,51,43,46,43,55,42,51,49,35,53,57,26,55,52,42,51,55,45,40,50,24,48,48,25,144,51,42,41,59,54,50,48,55,48,41,52,31,50,49,47,51,34,47,42,48,55,55,58,55,38,48,39,49,51,31,45,24,45,50,51,48,42,46,27,34,58,53,23,45,42,48,53,44,47,47,48,57,50,56,50,48,55,54,46,45,53,42,47,24,45,50,31,58,19,59,45,58,42,45,48,36,45,51,31,53,1e+20,49,48,35
48,22,44,43,48,52,18,15,27,44,38,54,39,21,31,45,39,59,35,27,61,58,46,59,40,36,24,36,49,20,56,28,52,28,59,54,60,61,57,56,21,58,56,25,35,39,55,39,63,33,49,31,58,29,64,59,46,37,50,24,47,22,49,37,39,37,52,49,40,12,39,41,47,36,48,55,39,43,63,21,55,69,16,63,54,48,53,58,48,34,64,21,65,39,26,49,58,29,32,60,67,56,51,55,48,48,61,26,49,51,59,61,31,62,42,28,50,56,67,67,34,40,31,63,47,22,48,16,48,49,53,36,45,42,14,21,59,55,17,39,48,50,55,47,46,33,58,69,44,55,56,61,63,67,49,52,59,42,48,37,46,60,29,51,21,57,41,55,47,56,52,28,47,59,28,51,49,1e+20,65,31
40,27,48,48,46,54,27,18,30,53,49,54,40,36,42,59,46,58,37,39,63,61,41,64,43,44,31,46,53,28,62,35,54,37,69,54,57,60,59,57,18,58,60,25,43,55,57,43,63,31,49,35,66,27,62,73,46,40,52,32,57,27,51,42,41,38,54,53,37,18,40,40,49,44,46,56,46,48,57,35,53,66,24,67,50,40,58,63,53,44,57,19,144,43,32,48,58,25,39,60,72,54,46,53,49,46,61,25,49,57,58,62,35,64,49,41,54,60,64,69,38,37,36,57,53,26,53,28,48,58,58,42,45,46,22,28,64,54,27,41,40,53,53,52,41,41,61,66,58,57,54,58,65,72,54,51,56,49,53,40,46,53,26,52,18,59,39,57,43,44,52,35,49,60,29,54,48,65,1e+20,35
29,13,24,33,33,32,21,18,21,37,23,20,20,17,34,33,34,38,16,20,29,32,32,35,16,31,14,24,25,12,34,15,35,13,38,36,35,32,32,31,27,28,31,19,27,28,40,27,38,31,32,24,35,34,34,41,37,25,38,16,28,13,25,20,26,19,32,25,31,11,20,34,24,31,33,30,34,33,35,18,32,34,44,31,31,29,29,32,22,17,39,56,35,27,28,35,28,33,25,37,35,38,29,35,36,42,34,23,32,34,33,28,24,31,24,29,30,31,36,36,32,31,17,35,31,18,22,14,24,36,29,26,19,22,11,17,35,31,13,35,29,27,32,23,32,29,32,34,24,34,38,34,33,35,29,36,33,24,30,25,37,37,24,41,27,32,42,40,32,39,31,15,40,35,33,30,35,31,35,1e+20
