date,hour,positive_imb,negative_imb,net_imb
2021-08-01,0,362.36,-3403.94,-3041.58
2021-08-01,1,156.16,-2225,-2068.84
2021-08-01,2,158.48,-1696.05,-1537.57
2021-08-01,3,191.84,-1564.14,-1372.3
2021-08-01,4,621.1,-1015.84,-394.74
2021-08-01,5,361.67,-1998.42,-1636.75
2021-08-01,6,1124.19,-1561.44,-437.25
2021-08-01,7,657.25,-648.67,8.58000000000004
2021-08-01,8,946.92,-889.15,57.77
2021-08-01,9,821.5,-1361.81,-540.31
2021-08-01,10,1331.59,-1239.56,92.03
2021-08-01,11,1232.93,-1282.82,-49.8899999999999
2021-08-01,12,1045.81,-1084.41,-38.6000000000001
2021-08-01,13,915.5,-1135.3,-219.8
2021-08-01,14,898.6,-1617.56,-718.96
2021-08-01,15,1109.4,-1809.03,-699.63
2021-08-01,16,1041.69,-1691.55,-649.86
2021-08-01,17,1107.31,-1651.72,-544.41
2021-08-01,18,710.67,-1675.95,-965.28
2021-08-01,19,455.6,-1433.62,-978.02
2021-08-01,20,280.5,-2487.2,-2206.7
2021-08-01,21,422.88,-2553.3,-2130.42
2021-08-01,22,224.2,-1977.88,-1753.68
2021-08-01,23,269.52,-1428.48,-1158.96
2021-08-02,0,203,-1798.48,-1595.48
2021-08-02,1,426.19,-1465.17,-1038.98
2021-08-02,2,397.4,-1163.15,-765.75
2021-08-02,3,744.55,-872.48,-127.93
2021-08-02,4,479.77,-723.41,-243.64
2021-08-02,5,594.6,-1362.28,-767.68
2021-08-02,6,355.61,-1138.19,-782.58
2021-08-02,7,324.55,-1206.39,-881.84
2021-08-02,8,881.44,-2011.92,-1130.48
2021-08-02,9,2824.93,-3138.04,-313.11
2021-08-02,10,2319.73,-2811.35,-491.62
2021-08-02,11,1497.76,-3175.61,-1677.85
2021-08-02,12,717.52,-4839.6,-4122.08
2021-08-02,13,202.77,-5704.62,-5501.85
2021-08-02,14,59.66,-7362.15,-7302.49
2021-08-02,15,62.91,-7780.52,-7717.61
2021-08-02,16,75.48,-8118.19,-8042.71
2021-08-02,17,82.28,-7758.51,-7676.23
2021-08-02,18,124.22,-7273.36,-7149.14
2021-08-02,19,231.21,-6994.06,-6762.85
2021-08-02,20,163.55,-7354.68,-7191.13
2021-08-02,21,286.07,-6994.34,-6708.27
2021-08-02,22,402.98,-5817.78,-5414.8
2021-08-02,23,446.51,-4866.74,-4420.23
2021-08-03,0,262.03,-3724.16,-3462.13
2021-08-03,1,146.29,-2532.2,-2385.91
2021-08-03,2,158.66,-1341.28,-1182.62
2021-08-03,3,167.57,-1177.77,-1010.2
2021-08-03,4,336.71,-1296.65,-959.94
2021-08-03,5,174.3,-979.09,-804.79
2021-08-03,6,446.54,-978.91,-532.37
2021-08-03,7,322.21,-862.63,-540.42
2021-08-03,8,376.52,-3345.96,-2969.44
2021-08-03,9,310.92,-5919.42,-5608.5
2021-08-03,10,328.05,-6918.08,-6590.03
2021-08-03,11,176.29,-7014.02,-6837.73
2021-08-03,12,236.61,-6241.01,-6004.4
2021-08-03,13,224.92,-7098.61,-6873.69
2021-08-03,14,479.57,-8085.64,-7606.07
2021-08-03,15,263.11,-8001.12,-7738.01
2021-08-03,16,262.5,-7629.57,-7367.07
2021-08-03,17,265.56,-7032.88,-6767.32
2021-08-03,18,412.65,-5615.26,-5202.61
2021-08-03,19,495.83,-4773.79,-4277.96
2021-08-03,20,492.17,-5562.43,-5070.26
2021-08-03,21,610.14,-5204.95,-4594.81
2021-08-03,22,507.65,-4006.09,-3498.44
2021-08-03,23,589.99,-3188.31,-2598.32
2021-08-04,0,231.75,-2607.07,-2375.32
2021-08-04,1,203.31,-1873.42,-1670.11
2021-08-04,2,166.5,-1178.97,-1012.47
2021-08-04,3,211.06,-1031.39,-820.33
2021-08-04,4,449.91,-1281.62,-831.71
2021-08-04,5,332.43,-1290.4,-957.97
2021-08-04,6,356.53,-998.13,-641.6
2021-08-04,7,372.04,-1061.47,-689.43
2021-08-04,8,310.41,-3762.86,-3452.45
2021-08-04,9,228.89,-6405.45,-6176.56
2021-08-04,10,277.67,-7664.51,-7386.84
2021-08-04,11,148.5,-8049.72,-7901.22
2021-08-04,12,190.48,-6424.85,-6234.37
2021-08-04,13,154.49,-7496.66,-7342.17
2021-08-04,14,140.41,-8093.08,-7952.67
2021-08-04,15,129.04,-8527.61,-8398.57
2021-08-04,16,142.84,-8489.44,-8346.6
2021-08-04,17,236.17,-8585.18,-8349.01
2021-08-04,18,187.69,-7114.15,-6926.46
2021-08-04,19,173.75,-6588.97,-6415.22
2021-08-04,20,249.94,-7306.87,-7056.93
2021-08-04,21,276.25,-7147.66,-6871.41
2021-08-04,22,268.11,-6547.12,-6279.01
2021-08-04,23,189.53,-5403.31,-5213.78
2021-08-05,0,207.83,-4836.55,-4628.72
2021-08-05,1,262.68,-3724.16,-3461.48
2021-08-05,2,265.65,-2573.49,-2307.84
2021-08-05,3,333.39,-1636.88,-1303.49
2021-08-05,4,328.89,-1285.68,-956.79
2021-08-05,5,426,-1051.73,-625.73
2021-08-05,6,1408.22,-832.59,575.63
2021-08-05,7,954.54,-1204.63,-250.09
2021-08-05,8,716.41,-4060.42,-3344.01
2021-08-05,9,245.03,-6355.69,-6110.66
2021-08-05,10,200.39,-7630.36,-7429.97
2021-08-05,11,220.28,-8455.34,-8235.06
2021-08-05,12,271.95,-7307.66,-7035.71
2021-08-05,13,229.51,-8259.12,-8029.61
2021-08-05,14,432.65,-9552.91,-9120.26
2021-08-05,15,580.18,-9913.73,-9333.55
2021-08-05,16,597.97,-10039.4,-9441.43
2021-08-05,17,741.04,-9700.14,-8959.1
2021-08-05,18,666.97,-8609.72,-7942.75
2021-08-05,19,613.96,-8142.67,-7528.71
2021-08-05,20,418.73,-9076.96,-8658.23
2021-08-05,21,260.38,-8614.45,-8354.07
2021-08-05,22,299.26,-7517.19,-7217.93
2021-08-05,23,242.91,-6109.06,-5866.15
2021-08-06,0,200.27,-6208.3,-6008.03
2021-08-06,1,154.86,-5101.48,-4946.62
2021-08-06,2,185.22,-4103.72,-3918.5
2021-08-06,3,222.07,-3465.93,-3243.86
2021-08-06,4,359.83,-2955.15,-2595.32
2021-08-06,5,470.11,-1823.84,-1353.73
2021-08-06,6,792.29,-1309.96,-517.67
2021-08-06,7,573.01,-1439.64,-866.63
2021-08-06,8,369.75,-4620.38,-4250.63
2021-08-06,9,355.47,-7524,-7168.53
2021-08-06,10,374.43,-9054.79,-8680.36
2021-08-06,11,450.64,-9089.71,-8639.07
2021-08-06,12,444.78,-8517.17,-8072.39
2021-08-06,13,788.39,-9504.4,-8716.01
2021-08-06,14,1238.1,-11038.99,-9800.89
2021-08-06,15,1550.6,-11175.83,-9625.23
2021-08-06,16,1010.85,-10587.96,-9577.11
2021-08-06,17,735.44,-9812.57,-9077.13
2021-08-06,18,540.31,-8172.9,-7632.59
2021-08-06,19,553.09,-7689.93,-7136.84
2021-08-06,20,668.89,-7919.53,-7250.64
2021-08-06,21,562.34,-7511.6,-6949.26
2021-08-06,22,364.43,-5924.89,-5560.46
2021-08-06,23,379.18,-3892.34,-3513.16
2021-08-07,0,345.15,-3048.31,-2703.16
2021-08-07,1,452,-2678.8,-2226.8
2021-08-07,2,489.57,-2029.85,-1540.28
2021-08-07,3,566.79,-1133.07,-566.28
2021-08-07,4,1004.56,-532.52,472.04
2021-08-07,5,1457.18,-411.97,1045.21
2021-08-07,6,1859.2,-315.37,1543.83
2021-08-07,7,1392.96,-247.02,1145.94
2021-08-07,8,1613.79,-1191.9,421.89
2021-08-07,9,759.13,-1617.72,-858.59
2021-08-07,10,759.53,-2215.27,-1455.74
2021-08-07,11,1030.52,-2540.49,-1509.97
2021-08-07,12,1568.13,-2261.18,-693.05
2021-08-07,13,1252.72,-1615.02,-362.3
2021-08-07,14,1932.37,-2318.85,-386.48
2021-08-07,15,2343.51,-2132.24,211.27
2021-08-07,16,2302.74,-1019.62,1283.12
2021-08-07,17,2464.11,-1299.82,1164.29
2021-08-07,18,2420.57,-827.85,1592.72
2021-08-07,19,2425.74,-1006.58,1419.16
2021-08-07,20,1506.11,-1549.54,-43.4300000000001
2021-08-07,21,1763.72,-2242.98,-479.26
2021-08-07,22,1887.79,-2167.11,-279.32
2021-08-07,23,2415.74,-1141.96,1273.78
2021-08-08,0,2728.9,-486.74,2242.16
2021-08-08,1,2861.61,-522.46,2339.15
2021-08-08,2,2827.95,-597.63,2230.32
2021-08-08,3,3078.33,-490.52,2587.81
2021-08-08,4,3013.91,-470.48,2543.43
2021-08-08,5,2938.58,-561.51,2377.07
2021-08-08,6,3170.77,-872.3,2298.47
2021-08-08,7,3052.19,-985.59,2066.6
2021-08-08,8,3339.11,-997.71,2341.4
2021-08-08,9,3576.36,-725.33,2851.03
2021-08-08,10,3392.07,-691.19,2700.88
2021-08-08,11,3706.32,-703.15,3003.17
2021-08-08,12,3552.9,-1017.44,2535.46
2021-08-08,13,3320.16,-692.11,2628.05
2021-08-08,14,3083.03,-743.94,2339.09
2021-08-08,15,2786.28,-363.51,2422.77
2021-08-08,16,2717.57,-515.6,2201.97
2021-08-08,17,2822.05,-453.19,2368.86
2021-08-08,18,2508.93,-595.13,1913.8
2021-08-08,19,1874.38,-877.06,997.32
2021-08-08,20,1073.45,-905.91,167.54
2021-08-08,21,1349.41,-618.73,730.68
2021-08-08,22,1422.81,-199.5,1223.31
2021-08-08,23,1703.07,-239.78,1463.29
2021-08-09,0,1944.27,-137.49,1806.78
2021-08-09,1,1646.9,-390.62,1256.28
2021-08-09,2,1523.68,-440.55,1083.13
2021-08-09,3,1297.42,-656.47,640.95
2021-08-09,4,1026.07,-1575.66,-549.59
2021-08-09,5,1151.62,-1233.92,-82.3000000000002
2021-08-09,6,1527.52,-545.38,982.14
2021-08-09,7,1398.36,-736.69,661.67
2021-08-09,8,1239.35,-856.86,382.49
2021-08-09,9,907.85,-920.06,-12.2099999999999
2021-08-09,10,786.54,-1715.28,-928.74
2021-08-09,11,778.94,-2951.96,-2173.02
2021-08-09,12,932.57,-1778.71,-846.14
2021-08-09,13,787.97,-2252.06,-1464.09
2021-08-09,14,632.04,-3070.08,-2438.04
2021-08-09,15,642.72,-3069.5,-2426.78
2021-08-09,16,558.67,-3109.07,-2550.4
2021-08-09,17,496.22,-3084.18,-2587.96
2021-08-09,18,631.11,-2037.4,-1406.29
2021-08-09,19,531.85,-1667.09,-1135.24
2021-08-09,20,582.74,-2440.94,-1858.2
2021-08-09,21,866.9,-1633.56,-766.66
2021-08-09,22,727.46,-912.35,-184.89
2021-08-09,23,1495.46,-656.67,838.79
2021-08-10,0,951.73,-416.28,535.45
2021-08-10,1,1247.57,-696.85,550.72
2021-08-10,2,1102.43,-805.41,297.02
2021-08-10,3,1015.31,-963.89,51.42
2021-08-10,4,976.61,-929.72,46.89
2021-08-10,5,982.38,-910.76,71.62
2021-08-10,6,1097.81,-800.03,297.78
2021-08-10,7,967.52,-687.35,280.17
2021-08-10,8,868.69,-532.57,336.12
2021-08-10,9,484.21,-1611.31,-1127.1
2021-08-10,10,699.88,-2546.77,-1846.89
2021-08-10,11,840.41,-3195.25,-2354.84
2021-08-10,12,801.97,-2380.53,-1578.56
2021-08-10,13,805.35,-2433.96,-1628.61
2021-08-10,14,847.59,-3028.75,-2181.16
2021-08-10,15,800.49,-3067.21,-2266.72
2021-08-10,16,777.27,-3045.26,-2267.99
2021-08-10,17,571.17,-2993.82,-2422.65
2021-08-10,18,720.43,-2479.2,-1758.77
2021-08-10,19,565.73,-2163.66,-1597.93
2021-08-10,20,463.33,-3154.81,-2691.48
2021-08-10,21,433.13,-2451.39,-2018.26
2021-08-10,22,492.2,-1718.58,-1226.38
2021-08-10,23,609.47,-1145.89,-536.42
2021-08-11,0,431.39,-544.1,-112.71
2021-08-11,1,450.58,-560.03,-109.45
2021-08-11,2,508.98,-511.26,-2.27999999999997
2021-08-11,3,412.94,-727.03,-314.09
2021-08-11,4,396.96,-966.69,-569.73
2021-08-11,5,755.88,-583.06,172.82
2021-08-11,6,1248.37,-683.39,564.98
2021-08-11,7,916.96,-807.52,109.44
2021-08-11,8,423.51,-946.54,-523.03
2021-08-11,9,289.1,-3130.37,-2841.27
2021-08-11,10,307.47,-3876.7,-3569.23
2021-08-11,11,289.22,-4089.02,-3799.8
2021-08-11,12,368.02,-3207.7,-2839.68
2021-08-11,13,420.79,-3313.82,-2893.03
2021-08-11,14,283.03,-3623.76,-3340.73
2021-08-11,15,238.03,-3675.99,-3437.96
2021-08-11,16,220.12,-3914.75,-3694.63
2021-08-11,17,241.64,-3924.41,-3682.77
2021-08-11,18,359.44,-2959.64,-2600.2
2021-08-11,19,251.22,-2628.44,-2377.22
2021-08-11,20,222.73,-3099.45,-2876.72
2021-08-11,21,302.67,-2713.44,-2410.77
2021-08-11,22,378.41,-1993.6,-1615.19
2021-08-11,23,842.59,-1615.04,-772.45
2021-08-12,0,356.96,-1425.19,-1068.23
2021-08-12,1,650.68,-1305.54,-654.86
2021-08-12,2,629.77,-850.52,-220.75
2021-08-12,3,563.21,-1366.96,-803.75
2021-08-12,4,412.73,-1704.91,-1292.18
2021-08-12,5,651.24,-1609.26,-958.02
2021-08-12,6,833.7,-1277.06,-443.36
2021-08-12,7,958.53,-755.93,202.6
2021-08-12,8,637.82,-1051.34,-413.52
2021-08-12,9,593.66,-815.72,-222.06
2021-08-12,10,537.61,-1047.63,-510.02
2021-08-12,11,477.39,-1137.43,-660.04
2021-08-12,12,1178.62,-880.96,297.66
2021-08-12,13,1111.3,-776.84,334.46
2021-08-12,14,956.22,-1202.03,-245.81
2021-08-12,15,723.35,-987.71,-264.36
2021-08-12,16,704.25,-1171.88,-467.63
2021-08-12,17,743.79,-1023.23,-279.44
2021-08-12,18,1055.72,-745.02,310.7
2021-08-12,19,1428.15,-582.38,845.77
2021-08-12,20,1076.28,-963.23,113.05
2021-08-12,21,1264.73,-952.05,312.68
2021-08-12,22,1304.2,-971.84,332.36
2021-08-12,23,1688.59,-958.6,729.99
2021-08-13,0,1200.75,-1108.58,92.1700000000001
2021-08-13,1,1079.06,-1532.91,-453.85
2021-08-13,2,1276.96,-1183.62,93.3400000000002
2021-08-13,3,1145.7,-1133.22,12.48
2021-08-13,4,1000.6,-1136.73,-136.13
2021-08-13,5,922.62,-1238.63,-316.01
2021-08-13,6,1176.75,-1107.98,68.77
2021-08-13,7,698.45,-1157.67,-459.22
2021-08-13,8,569.26,-1852.9,-1283.64
2021-08-13,9,966.5,-2285.45,-1318.95
2021-08-13,10,1147.85,-1101.63,46.2199999999998
2021-08-13,11,825.3,-788.37,36.93
2021-08-13,12,1117.83,-602.53,515.3
2021-08-13,13,1197.91,-437.15,760.76
2021-08-13,14,1051.4,-969.63,81.7700000000001
2021-08-13,15,933.56,-854.05,79.51
2021-08-13,16,677.95,-655.24,22.71
2021-08-13,17,1089.73,-786.65,303.08
2021-08-13,18,1662.89,-820.48,842.41
2021-08-13,19,1843.48,-675.42,1168.06
2021-08-13,20,1151.86,-1003.9,147.96
2021-08-13,21,1475,-1382.12,92.8800000000001
2021-08-13,22,2225.75,-897.47,1328.28
2021-08-13,23,1733.52,-979.18,754.34
2021-08-14,0,900.22,-795.03,105.19
2021-08-14,1,1141.18,-1136.52,4.66000000000008
2021-08-14,2,974.72,-910.69,64.03
2021-08-14,3,1263.65,-1130.27,133.38
2021-08-14,4,1668.32,-714.68,953.64
2021-08-14,5,916.3,-700.75,215.55
2021-08-14,6,468.04,-708.33,-240.29
2021-08-14,7,551.2,-594.84,-43.64
2021-08-14,8,531.44,-1084.31,-552.87
2021-08-14,9,526.77,-1473.59,-946.82
2021-08-14,10,412.56,-1179.74,-767.18
2021-08-14,11,751.33,-1266.26,-514.93
2021-08-14,12,1163.06,-1013.86,149.2
2021-08-14,13,1005.04,-897.66,107.38
2021-08-14,14,731.86,-1303.25,-571.39
2021-08-14,15,959.03,-1066.92,-107.89
2021-08-14,16,680.28,-1052.01,-371.73
2021-08-14,17,601.64,-1095.3,-493.66
2021-08-14,18,589.01,-1313.44,-724.43
2021-08-14,19,465.71,-1450.79,-985.08
2021-08-14,20,517.03,-1857.19,-1340.16
2021-08-14,21,469.08,-2081.09,-1612.01
2021-08-14,22,487.88,-2253.69,-1765.81
2021-08-14,23,631.42,-1573.5,-942.08
2021-08-15,0,676.44,-1393.9,-717.46
2021-08-15,1,467.26,-1522.16,-1054.9
2021-08-15,2,551.58,-1297.76,-746.18
2021-08-15,3,501.14,-1212.99,-711.85
2021-08-15,4,431.51,-1032.69,-601.18
2021-08-15,5,677.12,-1149.92,-472.8
2021-08-15,6,767.89,-1617.31,-849.42
2021-08-15,7,826.54,-992.89,-166.35
2021-08-15,8,1403.28,-1144.55,258.73
2021-08-15,9,1367.38,-1248.72,118.66
2021-08-15,10,1439.44,-1312.39,127.05
2021-08-15,11,986.31,-958.09,28.2199999999999
2021-08-15,12,1234.46,-1072.85,161.61
2021-08-15,13,870.55,-1011.04,-140.49
2021-08-15,14,880.31,-1178.89,-298.58
2021-08-15,15,947.73,-1097.93,-150.2
2021-08-15,16,1382.27,-671.69,710.58
2021-08-15,17,1216.55,-628.71,587.84
2021-08-15,18,793.1,-768.45,24.65
2021-08-15,19,721.02,-1198.01,-476.99
2021-08-15,20,722.54,-1302.66,-580.12
2021-08-15,21,843.93,-1390.63,-546.7
2021-08-15,22,906.21,-788.39,117.82
2021-08-15,23,653.46,-477.38,176.08
2021-08-16,0,1038.42,-291.38,747.04
2021-08-16,1,1342.98,-573.86,769.12
2021-08-16,2,1470.8,-544.64,926.16
2021-08-16,3,1577.41,-547.02,1030.39
2021-08-16,4,1836.03,-864.75,971.28
2021-08-16,5,1980.78,-371.3,1609.48
2021-08-16,6,2225.81,-592.88,1632.93
2021-08-16,7,2212.48,-402.56,1809.92
2021-08-16,8,821.22,-1499.46,-678.24
2021-08-16,9,1089.44,-1771.74,-682.3
2021-08-16,10,1572.91,-1954.75,-381.84
2021-08-16,11,1258.54,-1603.48,-344.94
2021-08-16,12,1827.85,-1087.61,740.24
2021-08-16,13,1270.1,-1259.29,10.8099999999999
2021-08-16,14,929.01,-2667.94,-1738.93
2021-08-16,15,841.96,-2417.96,-1576
2021-08-16,16,960.85,-2696.2,-1735.35
2021-08-16,17,835.1,-3434.53,-2599.43
2021-08-16,18,962.16,-2770.59,-1808.43
2021-08-16,19,844.69,-2370.86,-1526.17
2021-08-16,20,752.3,-2311.81,-1559.51
2021-08-16,21,821.73,-2483.15,-1661.42
2021-08-16,22,752.56,-1670.59,-918.03
2021-08-16,23,1005.09,-1201.67,-196.58
2021-08-17,0,491.71,-615.82,-124.11
2021-08-17,1,841.84,-1313.88,-472.04
2021-08-17,2,376.99,-1714.51,-1337.52
2021-08-17,3,338.1,-1314.37,-976.27
2021-08-17,4,297.22,-1822.83,-1525.61
2021-08-17,5,409.57,-1883.07,-1473.5
2021-08-17,6,535.9,-1546.23,-1010.33
2021-08-17,7,736.71,-1682.33,-945.62
2021-08-17,8,579.36,-1542.54,-963.18
2021-08-17,9,556.85,-1503.5,-946.65
2021-08-17,10,413.59,-1945.63,-1532.04
2021-08-17,11,246.52,-2433.92,-2187.4
2021-08-17,12,257.66,-1034.93,-777.27
2021-08-17,13,237.79,-2401.93,-2164.14
2021-08-17,14,153.85,-3626.17,-3472.32
2021-08-17,15,281,-3865.57,-3584.57
2021-08-17,16,447.41,-4141.18,-3693.77
2021-08-17,17,320.4,-3936.45,-3616.05
2021-08-17,18,414.95,-3391.9,-2976.95
2021-08-17,19,356.86,-3282.52,-2925.66
2021-08-17,20,327.46,-4101.85,-3774.39
2021-08-17,21,407.39,-4138.95,-3731.56
2021-08-17,22,414.94,-3325.92,-2910.98
2021-08-17,23,315.05,-2403.31,-2088.26
2021-08-18,0,203.5,-1470.41,-1266.91
2021-08-18,1,225.93,-1578.19,-1352.26
2021-08-18,2,292.54,-1270.62,-978.08
2021-08-18,3,293.81,-1231.6,-937.79
2021-08-18,4,604.47,-1058.62,-454.15
2021-08-18,5,782.18,-1659.27,-877.09
2021-08-18,6,646.68,-1559.01,-912.33
2021-08-18,7,589.01,-1403.97,-814.96
2021-08-18,8,377.71,-1643.55,-1265.84
2021-08-18,9,300.97,-2581.58,-2280.61
2021-08-18,10,247.67,-2600.94,-2353.27
2021-08-18,11,235.36,-3168.41,-2933.05
2021-08-18,12,341.73,-1333.57,-991.84
2021-08-18,13,332.87,-1441.02,-1108.15
2021-08-18,14,284.28,-3474.33,-3190.05
2021-08-18,15,325.05,-3791.95,-3466.9
2021-08-18,16,260.76,-4003.59,-3742.83
2021-08-18,17,238.51,-3954.29,-3715.78
2021-08-18,18,256.33,-3803.9,-3547.57
2021-08-18,19,235.18,-3868.32,-3633.14
2021-08-18,20,262.87,-4710.01,-4447.14
2021-08-18,21,241.96,-2974.44,-2732.48
2021-08-18,22,359.68,-1821.13,-1461.45
2021-08-18,23,331.38,-1168.57,-837.19
2021-08-19,0,326.57,-925.27,-598.7
2021-08-19,1,769.26,-831.53,-62.27
2021-08-19,2,989.39,-841.69,147.7
2021-08-19,3,897.5,-813.97,83.53
2021-08-19,4,1444.78,-756.51,688.27
2021-08-19,5,2008.95,-755.79,1253.16
2021-08-19,6,2238.15,-461.56,1776.59
2021-08-19,7,2824.3,-522.48,2301.82
2021-08-19,8,2396.24,-678.15,1718.09
2021-08-19,9,1555.97,-713.84,842.13
2021-08-19,10,1574.97,-728.85,846.12
2021-08-19,11,1330.1,-802.66,527.44
2021-08-19,12,1852.78,-460.16,1392.62
2021-08-19,13,1689.31,-585.91,1103.4
2021-08-19,14,1195.99,-1413.02,-217.03
2021-08-19,15,1007.65,-2020.4,-1012.75
2021-08-19,16,1112.42,-1646.22,-533.8
2021-08-19,17,1132.56,-1647.68,-515.12
2021-08-19,18,1031.81,-821.21,210.6
2021-08-19,19,965.33,-717.18,248.15
2021-08-19,20,766.78,-1394.92,-628.14
2021-08-19,21,1048.73,-1216.06,-167.33
2021-08-19,22,1566.64,-957.34,609.3
2021-08-19,23,1601,-789.47,811.53
2021-08-20,0,868.45,-592.95,275.5
2021-08-20,1,646.16,-417.01,229.15
2021-08-20,2,448.46,-454.09,-5.63
2021-08-20,3,459.24,-412.77,46.47
2021-08-20,4,642.58,-246.67,395.91
2021-08-20,5,554.06,-312.56,241.5
2021-08-20,6,719.13,-640.51,78.62
2021-08-20,7,260.09,-733.95,-473.86
2021-08-20,8,326.77,-779.97,-453.2
2021-08-20,9,363.01,-1099.03,-736.02
2021-08-20,10,447.43,-950.05,-502.62
2021-08-20,11,676.87,-953.11,-276.24
2021-08-20,12,668.01,-769.75,-101.74
2021-08-20,13,760.85,-458.94,301.91
2021-08-20,14,489.48,-751.53,-262.05
2021-08-20,15,517.95,-816.33,-298.38
2021-08-20,16,697.48,-864.99,-167.51
2021-08-20,17,787.01,-564.43,222.58
2021-08-20,18,820.51,-471.2,349.31
2021-08-20,19,728.73,-405.93,322.8
2021-08-20,20,546.16,-708.13,-161.97
2021-08-20,21,566.06,-669.6,-103.54
2021-08-20,22,837.88,-483.64,354.24
2021-08-20,23,922.81,-736.55,186.26
2021-08-21,0,1522.6,-489.35,1033.25
2021-08-21,1,672.33,-881.67,-209.34
2021-08-21,2,1239.34,-580.15,659.19
2021-08-21,3,825.04,-738.59,86.4499999999999
2021-08-21,4,916.77,-858.67,58.1
2021-08-21,5,715.02,-919.3,-204.28
2021-08-21,6,1232.69,-687.16,545.53
2021-08-21,7,983.03,-899.65,83.38
2021-08-21,8,929.46,-1034.88,-105.42
2021-08-21,9,622.51,-1165.79,-543.28
2021-08-21,10,817.66,-1090.55,-272.89
2021-08-21,11,636.29,-917.12,-280.83
2021-08-21,12,751.92,-755.15,-3.23000000000002
2021-08-21,13,590.19,-838.46,-248.27
2021-08-21,14,451.78,-980.35,-528.57
2021-08-21,15,332.45,-898.29,-565.84
2021-08-21,16,351.25,-998.83,-647.58
2021-08-21,17,760.87,-816.22,-55.35
2021-08-21,18,546.15,-993.84,-447.69
2021-08-21,19,339.6,-1163.06,-823.46
2021-08-21,20,303.7,-1247.94,-944.24
2021-08-21,21,528.26,-920.4,-392.14
2021-08-21,22,1168.05,-499.07,668.98
2021-08-21,23,1332.71,-461.74,870.97
2021-08-22,0,1062.98,-349.24,713.74
2021-08-22,1,1022.39,-324.9,697.49
2021-08-22,2,917.17,-325.3,591.87
2021-08-22,3,648.73,-382.07,266.66
2021-08-22,4,634.6,-579.25,55.35
2021-08-22,5,1074.47,-330.6,743.87
2021-08-22,6,1614.79,-689.17,925.62
2021-08-22,7,1443.37,-357.86,1085.51
2021-08-22,8,1195.21,-453.63,741.58
2021-08-22,9,1140.11,-597.85,542.26
2021-08-22,10,1188.78,-472.47,716.31
2021-08-22,11,1145.52,-524.41,621.11
2021-08-22,12,936.92,-780.35,156.57
2021-08-22,13,910.1,-610,300.1
2021-08-22,14,904.44,-1146.61,-242.17
2021-08-22,15,987.18,-937.52,49.66
2021-08-22,16,1111.02,-873.64,237.38
2021-08-22,17,1290.14,-1276.25,13.8900000000001
2021-08-22,18,1354.23,-1107.29,246.94
2021-08-22,19,1132.22,-737.66,394.56
2021-08-22,20,584.45,-1227.44,-642.99
2021-08-22,21,1122.71,-767.53,355.18
2021-08-22,22,1274.79,-752,522.79
2021-08-22,23,1331.86,-698.7,633.16
2021-08-23,0,817.51,-914.54,-97.03
2021-08-23,1,772.53,-1046.28,-273.75
2021-08-23,2,1166.52,-1235.42,-68.9000000000001
2021-08-23,3,883.9,-1549.41,-665.51
2021-08-23,4,738.43,-1528.76,-790.33
2021-08-23,5,910.45,-1347.14,-436.69
2021-08-23,6,791.56,-1165.68,-374.12
2021-08-23,7,548.96,-1238.82,-689.86
2021-08-23,8,654.06,-1144.43,-490.37
2021-08-23,9,817.62,-1503.88,-686.26
2021-08-23,10,1179.84,-963.41,216.43
2021-08-23,11,622.69,-907.17,-284.48
2021-08-23,12,1437.02,-651.7,785.32
2021-08-23,13,730.64,-823.74,-93.1
2021-08-23,14,426.25,-974.27,-548.02
2021-08-23,15,700.9,-1119.62,-418.72
2021-08-23,16,539.77,-1428.78,-889.01
2021-08-23,17,493.42,-1295.98,-802.56
2021-08-23,18,957.29,-570.17,387.12
2021-08-23,19,1286.1,-652.6,633.5
2021-08-23,20,998.51,-1142.57,-144.06
2021-08-23,21,699.6,-1073.87,-374.27
2021-08-23,22,1219.26,-777.43,441.83
2021-08-23,23,1480.25,-658.09,822.16
2021-08-24,0,869.39,-799.19,70.1999999999999
2021-08-24,1,491.5,-698.83,-207.33
2021-08-24,2,1201.29,-825.6,375.69
2021-08-24,3,526.38,-768.14,-241.76
2021-08-24,4,320.08,-819.95,-499.87
2021-08-24,5,283.75,-1131.97,-848.22
2021-08-24,6,585.57,-1161.13,-575.56
2021-08-24,7,379.72,-1454.99,-1075.27
2021-08-24,8,514.02,-1318.18,-804.16
2021-08-24,9,284.09,-1432.72,-1148.63
2021-08-24,10,386.34,-1205.12,-818.78
2021-08-24,11,343.53,-1735.49,-1391.96
2021-08-24,12,318.08,-1203.84,-885.76
2021-08-24,13,292.33,-1306.97,-1014.64
2021-08-24,14,252.09,-2558.6,-2306.51
2021-08-24,15,291.16,-2773.64,-2482.48
2021-08-24,16,199.93,-2760.58,-2560.65
2021-08-24,17,186.15,-2633.54,-2447.39
2021-08-24,18,182.81,-2007.99,-1825.18
2021-08-24,19,190.83,-2062.43,-1871.6
2021-08-24,20,173.53,-2798.77,-2625.24
2021-08-24,21,214.38,-2379.42,-2165.04
2021-08-24,22,205.41,-2051.26,-1845.85
2021-08-24,23,310.12,-1516.49,-1206.37
2021-08-25,0,498.71,-690.02,-191.31
2021-08-25,1,578.93,-397.63,181.3
2021-08-25,2,820.65,-260.75,559.9
2021-08-25,3,487.18,-188.69,298.49
2021-08-25,4,400.05,-183.94,216.11
2021-08-25,5,509.17,-329.25,179.92
2021-08-25,6,726.25,-567.89,158.36
2021-08-25,7,961.83,-788.85,172.98
2021-08-25,8,571.39,-1088.65,-517.26
2021-08-25,9,276.88,-2475,-2198.12
2021-08-25,10,295,-2667.07,-2372.07
2021-08-25,11,272.78,-2987.09,-2714.31
2021-08-25,12,332.08,-1962.58,-1630.5
2021-08-25,13,386.32,-2684.77,-2298.45
2021-08-25,14,219.22,-4080.9,-3861.68
2021-08-25,15,282.81,-4292.57,-4009.76
2021-08-25,16,237.16,-4616.72,-4379.56
2021-08-25,17,254.89,-4348.91,-4094.02
2021-08-25,18,293.8,-3389.51,-3095.71
2021-08-25,19,180.2,-3604.15,-3423.95
2021-08-25,20,196.97,-4356.41,-4159.44
2021-08-25,21,127.42,-4004.18,-3876.76
2021-08-25,22,106.84,-3469.23,-3362.39
2021-08-25,23,127.42,-2765.87,-2638.45
2021-08-26,0,197.33,-1654.88,-1457.55
2021-08-26,1,160.51,-1605.18,-1444.67
2021-08-26,2,470.46,-913.08,-442.62
2021-08-26,3,868.05,-966.52,-98.47
2021-08-26,4,751.49,-1016.95,-265.46
2021-08-26,5,1520.91,-987.13,533.78
2021-08-26,6,1257.87,-872.9,384.97
2021-08-26,7,746.16,-783.51,-37.35
2021-08-26,8,238.15,-1576.79,-1338.64
2021-08-26,9,320.63,-3724.36,-3403.73
2021-08-26,10,399.89,-4031.25,-3631.36
2021-08-26,11,377.55,-4342.84,-3965.29
2021-08-26,12,465.97,-3384.86,-2918.89
2021-08-26,13,378.99,-4056.74,-3677.75
2021-08-26,14,313.16,-5426.61,-5113.45
2021-08-26,15,321.88,-5578.89,-5257.01
2021-08-26,16,250.25,-4952.81,-4702.56
2021-08-26,17,183.34,-4912.22,-4728.88
2021-08-26,18,199.71,-5043.95,-4844.24
2021-08-26,19,158.31,-5040.37,-4882.06
2021-08-26,20,264.07,-5274.95,-5010.88
2021-08-26,21,232.17,-5008.83,-4776.66
2021-08-26,22,231.84,-3801.72,-3569.88
2021-08-26,23,282.18,-2998.24,-2716.06
2021-08-27,0,135.01,-2012.68,-1877.67
2021-08-27,1,223.13,-1454.13,-1231
2021-08-27,2,242.26,-1231.14,-988.88
2021-08-27,3,481.08,-1055.66,-574.58
2021-08-27,4,1110.62,-737.89,372.73
2021-08-27,5,1090.85,-752.7,338.15
2021-08-27,6,1265.15,-1098.53,166.62
2021-08-27,7,1108.87,-917.84,191.03
2021-08-27,8,264.26,-1456.01,-1191.75
2021-08-27,9,256.69,-3242.15,-2985.46
2021-08-27,10,258.32,-4009.31,-3750.99
2021-08-27,11,168.48,-4246.06,-4077.58
2021-08-27,12,345.25,-3399.75,-3054.5
2021-08-27,13,190.23,-2751.47,-2561.24
2021-08-27,14,197.4,-5060.15,-4862.75
2021-08-27,15,185.68,-5585.51,-5399.83
2021-08-27,16,191.24,-5282.32,-5091.08
2021-08-27,17,188.91,-5325.71,-5136.8
2021-08-27,18,242.56,-4620.48,-4377.92
2021-08-27,19,223.79,-4464.29,-4240.5
2021-08-27,20,233.7,-4712.72,-4479.02
2021-08-27,21,253.73,-4326.59,-4072.86
2021-08-27,22,252.25,-3272.34,-3020.09
2021-08-27,23,241.5,-2575.12,-2333.62
2021-08-28,0,141.28,-1513.63,-1372.35
2021-08-28,1,132.1,-1535.64,-1403.54
2021-08-28,2,144.3,-968.92,-824.62
2021-08-28,3,476.59,-896.75,-420.16
2021-08-28,4,502.42,-328.73,173.69
2021-08-28,5,315.98,-599.41,-283.43
2021-08-28,6,1189.47,-844.13,345.34
2021-08-28,7,973.04,-803.43,169.61
2021-08-28,8,872.88,-660.35,212.53
2021-08-28,9,359.86,-839.87,-480.01
2021-08-28,10,320.29,-1599.75,-1279.46
2021-08-28,11,352.14,-2281.04,-1928.9
2021-08-28,12,248.63,-1684.01,-1435.38
2021-08-28,13,389.04,-1693.04,-1304
2021-08-28,14,549.99,-2114.18,-1564.19
2021-08-28,15,467.99,-1580.31,-1112.32
2021-08-28,16,513.23,-1479.63,-966.4
2021-08-28,17,542.11,-1474.58,-932.47
2021-08-28,18,577.77,-1515.03,-937.26
2021-08-28,19,443.36,-1904.53,-1461.17
2021-08-28,20,371.78,-2534.35,-2162.57
2021-08-28,21,350.69,-2014.74,-1664.05
2021-08-28,22,355.41,-1238.64,-883.23
2021-08-28,23,578.97,-828.52,-249.55
2021-08-29,0,682.97,-576.68,106.29
2021-08-29,1,420.73,-753.25,-332.52
2021-08-29,2,315.5,-591.63,-276.13
2021-08-29,3,349.22,-1111.9,-762.68
2021-08-29,4,585.93,-1176.75,-590.82
2021-08-29,5,321.4,-734.1,-412.7
2021-08-29,6,382.6,-512.34,-129.74
2021-08-29,7,572.95,-627.64,-54.6899999999999
2021-08-29,8,1295.02,-487.02,808
2021-08-29,9,959.24,-756.18,203.06
2021-08-29,10,1016.31,-984.32,31.9899999999999
2021-08-29,11,1014,-988.41,25.59
2021-08-29,12,1098.78,-1078.38,20.3999999999999
2021-08-29,13,1137.96,-963.21,174.75
2021-08-29,14,1199.46,-442.65,756.81
2021-08-29,15,1080.88,-333.41,747.47
2021-08-29,16,1268.56,-527.59,740.97
2021-08-29,17,529.98,-842.31,-312.33
2021-08-29,18,395.22,-1217.28,-822.06
2021-08-29,19,357.92,-1451.09,-1093.17
2021-08-29,20,594.84,-2208.76,-1613.92
2021-08-29,21,600.93,-1896.84,-1295.91
2021-08-29,22,702.45,-1417.41,-714.96
2021-08-29,23,762.77,-1227.43,-464.66
2021-08-30,0,1153.9,-1052.61,101.29
2021-08-30,1,1038.03,-1207.64,-169.61
2021-08-30,2,996.78,-969.8,26.98
2021-08-30,3,896.47,-1036.05,-139.58
2021-08-30,4,825.49,-1300.56,-475.07
2021-08-30,5,489.89,-1674.26,-1184.37
2021-08-30,6,540.95,-1045.32,-504.37
2021-08-30,7,658.94,-1365.96,-707.02
2021-08-30,8,1322.86,-1366.35,-43.49
2021-08-30,9,513.35,-1752.62,-1239.27
2021-08-30,10,346.83,-2180.15,-1833.32
2021-08-30,11,279.12,-1982.82,-1703.7
2021-08-30,12,681.14,-1718.9,-1037.76
2021-08-30,13,442.9,-1895.56,-1452.66
2021-08-30,14,561.44,-1787.61,-1226.17
2021-08-30,15,467,-1836.46,-1369.46
2021-08-30,16,411.37,-1797.76,-1386.39
2021-08-30,17,463.8,-2238.14,-1774.34
2021-08-30,18,166.11,-2258.16,-2092.05
2021-08-30,19,274.92,-2732.94,-2458.02
2021-08-30,20,262.07,-3596.68,-3334.61
2021-08-30,21,271.28,-2564.59,-2293.31
2021-08-30,22,308.54,-1355.21,-1046.67
2021-08-30,23,745.79,-1384.66,-638.87
2021-08-31,0,917.49,-987.1,-69.61
2021-08-31,1,1201.36,-1181.37,19.99
2021-08-31,2,1111.52,-1104.97,6.54999999999996
2021-08-31,3,1064.28,-1051.02,13.26
2021-08-31,4,1069.39,-841.1,228.29
2021-08-31,5,1349.75,-865.19,484.56
2021-08-31,6,1570.81,-981.48,589.33
2021-08-31,7,1609.11,-1035.11,574
2021-08-31,8,1534.12,-1035.43,498.69
2021-08-31,9,573.61,-1570.27,-996.66
2021-08-31,10,331.8,-2191.1,-1859.3
2021-08-31,11,397.66,-2050.33,-1652.67
2021-08-31,12,528.17,-1488.38,-960.21
2021-08-31,13,489.36,-2048.22,-1558.86
2021-08-31,14,446.02,-3043.92,-2597.9
2021-08-31,15,298.15,-3381.74,-3083.59
2021-08-31,16,374.72,-3528.09,-3153.37
2021-08-31,17,556.6,-3248.11,-2691.51
2021-08-31,18,568.62,-2739.16,-2170.54
2021-08-31,19,352.97,-2778.19,-2425.22
2021-08-31,20,624.31,-2844.98,-2220.67
2021-08-31,21,758.7,-1665.27,-906.57
2021-08-31,22,516.43,-845.03,-328.6
2021-08-31,23,794.42,-706.19,88.2299999999999
2021-09-01,0,587.33,-817.01,-229.68
2021-09-01,1,558.65,-477.52,81.13
2021-09-01,2,633.91,-293.9,340.01
2021-09-01,3,691.31,-300.04,391.27
2021-09-01,4,714.18,-286.67,427.51
2021-09-01,5,413.67,-450.4,-36.73
2021-09-01,6,643.14,-628.85,14.29
2021-09-01,7,733.68,-591.67,142.01
2021-09-01,8,668.42,-910.12,-241.7
2021-09-01,9,920.88,-1632.11,-711.23
2021-09-01,10,669.54,-1737.87,-1068.33
2021-09-01,11,673.9,-1450.03,-776.13
2021-09-01,12,993.92,-520.25,473.67
2021-09-01,13,901.15,-398.71,502.44
2021-09-01,14,681.3,-1072.46,-391.16
2021-09-01,15,522.48,-1264.47,-741.99
2021-09-01,16,655.06,-1423.22,-768.16
2021-09-01,17,785.66,-1814.86,-1029.2
2021-09-01,18,921.08,-1575.01,-653.93
2021-09-01,19,917.62,-1117.71,-200.09
2021-09-01,20,1011.96,-1082.7,-70.74
2021-09-01,21,1522.59,-538.33,984.26
2021-09-01,22,2579.79,-423.12,2156.67
2021-09-01,23,2616.52,-214.82,2401.7
2021-09-02,0,2153.44,-263.47,1889.97
2021-09-02,1,1611.1,-311.06,1300.04
2021-09-02,2,1180.58,-432.8,747.78
2021-09-02,3,1479.7,-471.77,1007.93
2021-09-02,4,2042.34,-470.05,1572.29
2021-09-02,5,1919.99,-499.82,1420.17
2021-09-02,6,1569.21,-426.91,1142.3
2021-09-02,7,1693.75,-483.13,1210.62
2021-09-02,8,1542.28,-912.13,630.15
2021-09-02,9,1259.3,-725.07,534.23
2021-09-02,10,1118.8,-305.05,813.75
2021-09-02,11,1188.4,-516.02,672.38
2021-09-02,12,2185.1,-308.61,1876.49
2021-09-02,13,2367.92,-146,2221.92
2021-09-02,14,2503.41,-126.65,2376.76
2021-09-02,15,1972.36,-154.65,1817.71
2021-09-02,16,1832.2,-293.93,1538.27
2021-09-02,17,2010.25,-304.92,1705.33
2021-09-02,18,1762.28,-249.67,1512.61
2021-09-02,19,2180.46,-279.33,1901.13
2021-09-02,20,1799.11,-268.77,1530.34
2021-09-02,21,2053.39,-227.67,1825.72
2021-09-02,22,2736.53,-276.13,2460.4
2021-09-02,23,2137.56,-262.62,1874.94
2021-09-03,0,2020.64,-430.42,1590.22
2021-09-03,1,1347.78,-496.57,851.21
2021-09-03,2,1741.19,-209.34,1531.85
2021-09-03,3,1448.33,-444.61,1003.72
2021-09-03,4,1388.88,-236.64,1152.24
2021-09-03,5,1595.49,-258.19,1337.3
2021-09-03,6,1945.51,-253.22,1692.29
2021-09-03,7,1544.62,-236.41,1308.21
2021-09-03,8,1338.66,-434.64,904.02
2021-09-03,9,1718.25,-373.45,1344.8
2021-09-03,10,2245,-125.08,2119.92
2021-09-03,11,2044.39,-252.28,1792.11
2021-09-03,12,2323.8,-111.82,2211.98
2021-09-03,13,2783.21,-85.29,2697.92
2021-09-03,14,2212.56,-125.58,2086.98
2021-09-03,15,2317.16,-110.06,2207.1
2021-09-03,16,2024.55,-117.56,1906.99
2021-09-03,17,2034.52,-282.06,1752.46
2021-09-03,18,1607.33,-332.22,1275.11
2021-09-03,19,1238.51,-610.38,628.13
2021-09-03,20,650.07,-1392.96,-742.89
2021-09-03,21,957.71,-507.45,450.26
2021-09-03,22,1182.95,-317.43,865.52
2021-09-03,23,1760.69,-179.71,1580.98
2021-09-04,0,1695.69,-161.13,1534.56
2021-09-04,1,1209.71,-243.65,966.06
2021-09-04,2,1011.99,-459.67,552.32
2021-09-04,3,479.31,-865.17,-385.86
2021-09-04,4,777.14,-1067.85,-290.71
2021-09-04,5,857.06,-941.04,-83.98
2021-09-04,6,832.37,-1022.83,-190.46
2021-09-04,7,1114.89,-1475.26,-360.37
2021-09-04,8,1075.13,-1329.21,-254.08
2021-09-04,9,886.69,-1832.41,-945.72
2021-09-04,10,1054.54,-1454.68,-400.14
2021-09-04,11,941.36,-1593.17,-651.81
2021-09-04,12,1214.42,-1263,-48.5799999999999
2021-09-04,13,1024.89,-1002.91,21.9800000000001
2021-09-04,14,875.16,-892.15,-16.99
2021-09-04,15,696.72,-700.09,-3.37
2021-09-04,16,683.51,-701.31,-17.8
2021-09-04,17,782.84,-803.63,-20.79
2021-09-04,18,477.07,-1039.02,-561.95
2021-09-04,19,258.24,-1645.87,-1387.63
2021-09-04,20,136.23,-2019.64,-1883.41
2021-09-04,21,242.77,-1304.71,-1061.94
2021-09-04,22,278.55,-920.62,-642.07
2021-09-04,23,408.56,-824.97,-416.41
2021-09-05,0,755.42,-375.8,379.62
2021-09-05,1,1279.36,-603.08,676.28
2021-09-05,2,1028.97,-373.87,655.1
2021-09-05,3,791.88,-511.46,280.42
2021-09-05,4,623.64,-493.46,130.18
2021-09-05,5,718.02,-547.37,170.65
2021-09-05,6,645.03,-512.18,132.85
2021-09-05,7,689.56,-298.65,390.91
2021-09-05,8,793.64,-423.41,370.23
2021-09-05,9,806.15,-479.1,327.05
2021-09-05,10,955.74,-713.68,242.06
2021-09-05,11,898,-651.03,246.97
2021-09-05,12,1304.63,-419.18,885.45
2021-09-05,13,1692.94,-374.08,1318.86
2021-09-05,14,1924.91,-325.21,1599.7
2021-09-05,15,2070.38,-314.49,1755.89
2021-09-05,16,2144.12,-279.89,1864.23
2021-09-05,17,1085.17,-422.84,662.33
2021-09-05,18,871.53,-577.77,293.76
2021-09-05,19,1342.63,-1176.26,166.37
2021-09-05,20,1025.23,-1055.75,-30.52
2021-09-05,21,979.45,-918.75,60.7000000000001
2021-09-05,22,502.13,-1087.9,-585.77
2021-09-05,23,806.86,-794.44,12.42
2021-09-06,0,1031.93,-137.66,894.27
2021-09-06,1,646.02,-259.81,386.21
2021-09-06,2,459.1,-471.36,-12.26
2021-09-06,3,769.34,-414.05,355.29
2021-09-06,4,599.53,-500.64,98.89
2021-09-06,5,534.27,-604.69,-70.4200000000001
2021-09-06,6,317.24,-829.5,-512.26
2021-09-06,7,587.85,-915.88,-328.03
2021-09-06,8,400.75,-1538.01,-1137.26
2021-09-06,9,670.48,-1438.14,-767.66
2021-09-06,10,398.86,-1313.71,-914.85
2021-09-06,11,297.17,-1197.87,-900.7
2021-09-06,12,1012.73,-604.06,408.67
2021-09-06,13,997.91,-1286.36,-288.45
2021-09-06,14,574.67,-1097.21,-522.54
2021-09-06,15,516.65,-1300.01,-783.36
2021-09-06,16,744.42,-1422.69,-678.27
2021-09-06,17,718.26,-1282.66,-564.4
2021-09-06,18,605.44,-1274.17,-668.73
2021-09-06,19,486.44,-1675.52,-1189.08
2021-09-06,20,352.29,-1908.52,-1556.23
2021-09-06,21,407.51,-1589.7,-1182.19
2021-09-06,22,798.2,-1601.24,-803.04
2021-09-06,23,855.18,-391.63,463.55
2021-09-07,0,634.95,-347.4,287.55
2021-09-07,1,689.51,-184.28,505.23
2021-09-07,2,969.33,-180.73,788.6
2021-09-07,3,327.75,-566.19,-238.44
2021-09-07,4,915.39,-223,692.39
2021-09-07,5,578.47,-233.28,345.19
2021-09-07,6,623.98,-344.83,279.15
2021-09-07,7,594.97,-805.5,-210.53
2021-09-07,8,521.44,-495.18,26.2600000000001
2021-09-07,9,482.17,-1350.78,-868.61
2021-09-07,10,817.96,-311.06,506.9
2021-09-07,11,600.96,-575.64,25.3200000000001
2021-09-07,12,1379.08,-321.76,1057.32
2021-09-07,13,1645.6,-206.03,1439.57
2021-09-07,14,818.79,-205.69,613.1
2021-09-07,15,828.12,-180.2,647.92
2021-09-07,16,526.78,-283.84,242.94
2021-09-07,17,562.35,-498.8,63.55
2021-09-07,18,535.98,-513.92,22.0600000000001
2021-09-07,19,491.04,-658.54,-167.5
2021-09-07,20,485.65,-985.31,-499.66
2021-09-07,21,471.38,-816.02,-344.64
2021-09-07,22,529.73,-772.26,-242.53
2021-09-07,23,854.16,-485.59,368.57
2021-09-08,0,695.99,-446.99,249
2021-09-08,1,740.39,-779.24,-38.85
2021-09-08,2,896.5,-517.73,378.77
2021-09-08,3,657.35,-998.45,-341.1
2021-09-08,4,906.87,-862.6,44.27
2021-09-08,5,637.53,-742.23,-104.7
2021-09-08,6,642.24,-688.44,-46.2000000000001
2021-09-08,7,538.86,-744.66,-205.8
2021-09-08,8,511.87,-320.09,191.78
2021-09-08,9,770.67,-1027.99,-257.32
2021-09-08,10,994.85,-286.49,708.36
2021-09-08,11,587.2,-374.81,212.39
2021-09-08,12,1547.45,-281.3,1266.15
2021-09-08,13,1409.7,-307,1102.7
2021-09-08,14,574.79,-323.04,251.75
2021-09-08,15,795.13,-316.06,479.07
2021-09-08,16,844.03,-327.19,516.84
2021-09-08,17,1180.58,-390.9,789.68
2021-09-08,18,555.35,-423.08,132.27
2021-09-08,19,477.77,-746.23,-268.46
2021-09-08,20,269.92,-535.26,-265.34
2021-09-08,21,468.79,-543.17,-74.3799999999999
2021-09-08,22,679.97,-291.02,388.95
2021-09-08,23,566.7,-315.86,250.84
2021-09-09,0,577.08,-251,326.08
2021-09-09,1,690.47,-290.04,400.43
2021-09-09,2,540.98,-553.11,-12.13
2021-09-09,3,358.1,-883.55,-525.45
2021-09-09,4,547.89,-600.75,-52.86
2021-09-09,5,619.6,-606.41,13.1900000000001
2021-09-09,6,860.89,-470.63,390.26
2021-09-09,7,604.44,-354.86,249.58
2021-09-09,8,479.62,-765.1,-285.48
2021-09-09,9,886.1,-992.34,-106.24
2021-09-09,10,921.82,-625.65,296.17
2021-09-09,11,502.6,-821.42,-318.82
2021-09-09,12,1010.7,-452.35,558.35
2021-09-09,13,1076.55,-375.72,700.83
2021-09-09,14,754.98,-712.26,42.72
2021-09-09,15,934.28,-882.14,52.14
2021-09-09,16,1126.66,-291.13,835.53
2021-09-09,17,1177.65,-327.94,849.71
2021-09-09,18,948.41,-309.71,638.7
2021-09-09,19,835.57,-419.34,416.23
2021-09-09,20,544.48,-651.68,-107.2
2021-09-09,21,614.26,-358.38,255.88
2021-09-09,22,694.48,-502.82,191.66
2021-09-09,23,678.59,-432.76,245.83
2021-09-10,0,907.76,-503.02,404.74
2021-09-10,1,695.72,-664.9,30.8200000000001
2021-09-10,2,853.33,-528.29,325.04
2021-09-10,3,384.21,-398.29,-14.08
2021-09-10,4,262.64,-672.38,-409.74
2021-09-10,5,421.52,-819.9,-398.38
2021-09-10,6,495,-1258.88,-763.88
2021-09-10,7,598.12,-1023.13,-425.01
2021-09-10,8,542.08,-1211.19,-669.11
2021-09-10,9,684.6,-1219.4,-534.8
2021-09-10,10,1139.1,-896.31,242.79
2021-09-10,11,1147.77,-717.94,429.83
2021-09-10,12,1587.52,-732.22,855.3
2021-09-10,13,1589.63,-633.44,956.19
2021-09-10,14,1090.33,-597.36,492.97
2021-09-10,15,1439.59,-315.36,1124.23
2021-09-10,16,1387.01,-331.39,1055.62
2021-09-10,17,882.67,-342.09,540.58
2021-09-10,18,879.9,-315.69,564.21
2021-09-10,19,821.38,-326.58,494.8
2021-09-10,20,545.65,-375.63,170.02
2021-09-10,21,1102,-364.71,737.29
2021-09-10,22,1211.48,-533.92,677.56
2021-09-10,23,1128.91,-290.96,837.95
2021-09-11,0,1209.68,-218.03,991.65
2021-09-11,1,971.38,-232.58,738.8
2021-09-11,2,1159.9,-183.23,976.67
2021-09-11,3,1026.55,-152.58,873.97
2021-09-11,4,1150.53,-301.04,849.49
2021-09-11,5,1300.45,-396.3,904.15
2021-09-11,6,1232.94,-464.66,768.28
2021-09-11,7,1725.51,-419.75,1305.76
2021-09-11,8,1329.66,-386.56,943.1
2021-09-11,9,1128.29,-388.05,740.24
2021-09-11,10,1162.31,-444.85,717.46
2021-09-11,11,1070.2,-699.5,370.7
2021-09-11,12,1407.21,-446.67,960.54
2021-09-11,13,991.07,-370.75,620.32
2021-09-11,14,1218.64,-346.33,872.31
2021-09-11,15,1432.4,-334.62,1097.78
2021-09-11,16,1245.03,-297.99,947.04
2021-09-11,17,804.31,-564.28,240.03
2021-09-11,18,596.93,-857,-260.07
2021-09-11,19,281.05,-1775.87,-1494.82
2021-09-11,20,302.68,-1022.58,-719.9
2021-09-11,21,546.88,-372.27,174.61
2021-09-11,22,793.26,-277.66,515.6
2021-09-11,23,1058.23,-168.25,889.98
2021-09-12,0,752.24,-516.36,235.88
2021-09-12,1,627.57,-608.5,19.0700000000001
2021-09-12,2,914.34,-829.62,84.72
2021-09-12,3,669.37,-640.76,28.61
2021-09-12,4,757.4,-547.39,210.01
2021-09-12,5,798.42,-569.89,228.53
2021-09-12,6,778.9,-490.35,288.55
2021-09-12,7,1217.52,-517.33,700.19
2021-09-12,8,1100.58,-727.16,373.42
2021-09-12,9,1096.7,-673.5,423.2
2021-09-12,10,888.45,-878.72,9.73000000000002
2021-09-12,11,938.23,-951.34,-13.11
2021-09-12,12,1076.29,-1056.14,20.1499999999999
2021-09-12,13,1112.62,-1086.37,26.25
2021-09-12,14,868.26,-808.32,59.9399999999999
2021-09-12,15,1036.51,-855.36,181.15
2021-09-12,16,960.41,-736.04,224.37
2021-09-12,17,1270.45,-1285.84,-15.3899999999999
2021-09-12,18,536.5,-644.29,-107.79
2021-09-12,19,386.28,-1111.99,-725.71
2021-09-12,20,280.81,-1380.15,-1099.34
2021-09-12,21,453.32,-619.07,-165.75
2021-09-12,22,786.76,-769.77,16.99
2021-09-12,23,1099.24,-574.83,524.41
2021-09-13,0,905.49,-372.77,532.72
2021-09-13,1,783.94,-515.54,268.4
2021-09-13,2,866.18,-534.4,331.78
2021-09-13,3,1214.85,-554.09,660.76
2021-09-13,4,1296.11,-182.38,1113.73
2021-09-13,5,1221.96,-175.52,1046.44
2021-09-13,6,1400.69,-156.24,1244.45
2021-09-13,7,1463.16,-188.55,1274.61
2021-09-13,8,1100.25,-279.48,820.77
2021-09-13,9,736.37,-373.32,363.05
2021-09-13,10,1180.33,-226.67,953.66
2021-09-13,11,892.16,-250.54,641.62
2021-09-13,12,1141.65,-354.66,786.99
2021-09-13,13,762.09,-500.79,261.3
2021-09-13,14,533.19,-485.01,48.1800000000001
2021-09-13,15,673.96,-645.18,28.7800000000001
2021-09-13,16,746.32,-781.84,-35.52
2021-09-13,17,698.82,-627.07,71.75
2021-09-13,18,706.98,-536.12,170.86
2021-09-13,19,539.94,-662.66,-122.72
2021-09-13,20,450.74,-367.97,82.77
2021-09-13,21,744.95,-355.18,389.77
2021-09-13,22,1224.84,-166.4,1058.44
2021-09-13,23,677.64,-255.62,422.02
2021-09-14,0,689.96,-826.58,-136.62
2021-09-14,1,751.32,-867.91,-116.59
2021-09-14,2,607.77,-1026.46,-418.69
2021-09-14,3,743.89,-1091.68,-347.79
2021-09-14,4,694.42,-1249.28,-554.86
2021-09-14,5,903.57,-817.41,86.1600000000001
2021-09-14,6,503.51,-304.24,199.27
2021-09-14,7,623.81,-406.78,217.03
2021-09-14,8,1209.73,-1114.22,95.51
2021-09-14,9,504.13,-588.03,-83.9
2021-09-14,10,335.97,-398.39,-62.42
2021-09-14,11,498.7,-655.87,-157.17
2021-09-14,12,659.33,-391.15,268.18
2021-09-14,13,937.46,-963.54,-26.0799999999999
2021-09-14,14,534.44,-599.91,-65.4699999999999
2021-09-14,15,677.71,-826.91,-149.2
2021-09-14,16,642.33,-817.1,-174.77
2021-09-14,17,678.05,-880.93,-202.88
2021-09-14,18,1168.9,-682.57,486.33
2021-09-14,19,707.8,-727.23,-19.4300000000001
2021-09-14,20,752.75,-703.64,49.11
2021-09-14,21,906.41,-197.78,708.63
2021-09-14,22,1369.53,-170.68,1198.85
2021-09-14,23,1393.1,-372.55,1020.55
2021-09-15,0,979.34,-677.28,302.06
2021-09-15,1,664.45,-732.4,-67.9499999999999
2021-09-15,2,646.66,-1084.47,-437.81
2021-09-15,3,821.02,-683.41,137.61
2021-09-15,4,640.98,-390.19,250.79
2021-09-15,5,641.41,-555.71,85.6999999999999
2021-09-15,6,806.98,-554.06,252.92
2021-09-15,7,657.8,-583.31,74.49
2021-09-15,8,866.26,-880.87,-14.61
2021-09-15,9,847.47,-1301.42,-453.95
2021-09-15,10,797.62,-1282.21,-484.59
2021-09-15,11,435.32,-1077.96,-642.64
2021-09-15,12,562.83,-876.18,-313.35
2021-09-15,13,738.64,-925.55,-186.91
2021-09-15,14,380.41,-795.18,-414.77
2021-09-15,15,685.17,-985.29,-300.12
2021-09-15,16,629.68,-1007.85,-378.17
2021-09-15,17,398.95,-1270.58,-871.63
2021-09-15,18,754.74,-286.05,468.69
2021-09-15,19,450.94,-849.87,-398.93
2021-09-15,20,951.02,-437.23,513.79
2021-09-15,21,823.86,-652.41,171.45
2021-09-15,22,1353.73,-700.18,653.55
2021-09-15,23,1519.97,-203.47,1316.5
2021-09-16,0,1282.97,-227.38,1055.59
2021-09-16,1,1382.47,-264.01,1118.46
2021-09-16,2,995.71,-543.89,451.82
2021-09-16,3,810.05,-635.84,174.21
2021-09-16,4,1017.38,-689.73,327.65
2021-09-16,5,1296.92,-872.27,424.65
2021-09-16,6,998.56,-589.64,408.92
2021-09-16,7,815.24,-536.45,278.79
2021-09-16,8,603.21,-504.43,98.78
2021-09-16,9,426.87,-625.7,-198.83
2021-09-16,10,421.04,-710.61,-289.57
2021-09-16,11,427.62,-1264.65,-837.03
2021-09-16,12,889.36,-1005.32,-115.96
2021-09-16,13,822.83,-1042.67,-219.84
2021-09-16,14,409.85,-525.61,-115.76
2021-09-16,15,505.94,-560.48,-54.54
2021-09-16,16,659.17,-391.86,267.31
2021-09-16,17,633.78,-386.63,247.15
2021-09-16,18,1047.1,-322.26,724.84
2021-09-16,19,759.75,-839.41,-79.66
2021-09-16,20,1065.59,-296.72,768.87
2021-09-16,21,988.71,-446.78,541.93
2021-09-16,22,1339.7,-193.86,1145.84
2021-09-16,23,1460.68,-201.5,1259.18
2021-09-17,0,1811.71,-209.65,1602.06
2021-09-17,1,1393.89,-263.11,1130.78
2021-09-17,2,1343.22,-476.76,866.46
2021-09-17,3,1283.12,-507.68,775.44
2021-09-17,4,1346.71,-182.57,1164.14
2021-09-17,5,1499.31,-212.17,1287.14
2021-09-17,6,1211.4,-210.65,1000.75
2021-09-17,7,1580.84,-276.5,1304.34
2021-09-17,8,1655.07,-242.57,1412.5
2021-09-17,9,1232.97,-263.74,969.23
2021-09-17,10,1145.55,-339.23,806.32
2021-09-17,11,797.08,-339.05,458.03
2021-09-17,12,695.92,-280.85,415.07
2021-09-17,13,1113.12,-180.28,932.84
2021-09-17,14,979.29,-954.94,24.3499999999999
2021-09-17,15,763.78,-712.46,51.3199999999999
2021-09-17,16,713.47,-371.37,342.1
2021-09-17,17,667.66,-481.32,186.34
2021-09-17,18,792.63,-402.39,390.24
2021-09-17,19,434.97,-643.7,-208.73
2021-09-17,20,584.2,-506.7,77.5000000000001
2021-09-17,21,747.95,-288.24,459.71
2021-09-17,22,868.14,-257.2,610.94
2021-09-17,23,1042.52,-228.66,813.86
2021-09-18,0,666.17,-603.19,62.9799999999999
2021-09-18,1,978.08,-1310,-331.92
2021-09-18,2,1079.04,-1269.69,-190.65
2021-09-18,3,939.84,-931.84,8
2021-09-18,4,783.44,-1038.21,-254.77
2021-09-18,5,740.69,-1001.98,-261.29
2021-09-18,6,356.22,-626.39,-270.17
2021-09-18,7,583.6,-658.99,-75.39
2021-09-18,8,1135.88,-1183.31,-47.4299999999998
2021-09-18,9,908.2,-921.99,-13.79
2021-09-18,10,621.43,-910.29,-288.86
2021-09-18,11,484.29,-1230.81,-746.52
2021-09-18,12,1125.27,-1119.31,5.96000000000004
2021-09-18,13,609.98,-946.2,-336.22
2021-09-18,14,701.45,-1256.2,-554.75
2021-09-18,15,761.62,-1383.43,-621.81
2021-09-18,16,424.93,-1116.91,-691.98
2021-09-18,17,521.76,-931.74,-409.98
2021-09-18,18,524.52,-1148.21,-623.69
2021-09-18,19,118.85,-2350.96,-2232.11
2021-09-18,20,227.31,-1783.07,-1555.76
2021-09-18,21,282.55,-784.15,-501.6
2021-09-18,22,551.04,-923.54,-372.5
2021-09-18,23,1031.23,-810.97,220.26
2021-09-19,0,480.08,-352.5,127.58
2021-09-19,1,385.95,-575.8,-189.85
2021-09-19,2,900.6,-887.13,13.47
2021-09-19,3,970.31,-960.77,9.53999999999996
2021-09-19,4,887.38,-864.34,23.04
2021-09-19,5,924.58,-913.84,10.74
2021-09-19,6,849.57,-823.32,26.25
2021-09-19,7,753.48,-713.85,39.63
2021-09-19,8,717.23,-597.45,119.78
2021-09-19,9,712.62,-450.26,262.36
2021-09-19,10,786.46,-712.9,73.5600000000001
2021-09-19,11,1654.61,-1600.05,54.56
2021-09-19,12,742.19,-441.64,300.55
2021-09-19,13,834.89,-380.27,454.62
2021-09-19,14,907.34,-846.13,61.21
2021-09-19,15,927.05,-1009.87,-82.8200000000001
2021-09-19,16,823.18,-646.55,176.63
2021-09-19,17,741.02,-502.25,238.77
2021-09-19,18,751.1,-798.58,-47.48
2021-09-19,19,251.86,-1744.56,-1492.7
2021-09-19,20,491.36,-1421.77,-930.41
2021-09-19,21,666.62,-858.14,-191.52
2021-09-19,22,825.49,-492.1,333.39
2021-09-19,23,889.61,-461.44,428.17
2021-09-20,0,1620.31,-282.15,1338.16
2021-09-20,1,1032.23,-267.22,765.01
2021-09-20,2,1350.15,-286.84,1063.31
2021-09-20,3,1207.04,-209.25,997.79
2021-09-20,4,1166.21,-232.9,933.31
2021-09-20,5,791.39,-255.53,535.86
2021-09-20,6,590.98,-331.99,258.99
2021-09-20,7,864.69,-550.87,313.82
2021-09-20,8,1007.26,-556.1,451.16
2021-09-20,9,986.45,-1644.25,-657.8
2021-09-20,10,1347.98,-797,550.98
2021-09-20,11,1063.14,-952.46,110.68
2021-09-20,12,1030.23,-688.77,341.46
2021-09-20,13,1332.67,-1323.56,9.11000000000013
2021-09-20,14,1226.86,-1362.36,-135.5
2021-09-20,15,852.55,-877.68,-25.13
2021-09-20,16,808.93,-790.96,17.9699999999999
2021-09-20,17,509.29,-1048.15,-538.86
2021-09-20,18,514.67,-1139.86,-625.19
2021-09-20,19,664.36,-1584.1,-919.74
2021-09-20,20,661.53,-981.11,-319.58
2021-09-20,21,727.12,-748.49,-21.37
2021-09-20,22,800.97,-671.63,129.34
2021-09-20,23,688.72,-521.47,167.25
2021-09-21,0,461.01,-641.89,-180.88
2021-09-21,1,328.6,-279.79,48.81
2021-09-21,2,672.25,-857.01,-184.76
2021-09-21,3,515.97,-1035.62,-519.65
2021-09-21,4,795.06,-756.11,38.9499999999999
2021-09-21,5,842.37,-808.59,33.78
2021-09-21,6,799.15,-848.83,-49.6800000000001
2021-09-21,7,604.98,-479.19,125.79
2021-09-21,8,429.73,-851.82,-422.09
2021-09-21,9,448.58,-761.74,-313.16
2021-09-21,10,701.09,-550.06,151.03
2021-09-21,11,271.61,-596.68,-325.07
2021-09-21,12,520.3,-426.52,93.78
2021-09-21,13,886,-879.35,6.64999999999998
2021-09-21,14,642.37,-371.69,270.68
2021-09-21,15,1139.51,-422.65,716.86
2021-09-21,16,1231.04,-468.29,762.75
2021-09-21,17,952.91,-350.12,602.79
2021-09-21,18,1143.64,-730.2,413.44
2021-09-21,19,826.68,-517.56,309.12
2021-09-21,20,509.58,-253.49,256.09
2021-09-21,21,525.76,-272.25,253.51
2021-09-21,22,471.49,-422.09,49.4
2021-09-21,23,666.78,-650.67,16.11
2021-09-22,0,750.04,-749.65,0.389999999999986
2021-09-22,1,773.93,-638.82,135.11
2021-09-22,2,875.34,-362.9,512.44
2021-09-22,3,1367.87,-381.05,986.82
2021-09-22,4,1492.72,-516.85,975.87
2021-09-22,5,1393.58,-465.97,927.61
2021-09-22,6,1051.57,-412.3,639.27
2021-09-22,7,834.29,-528.8,305.49
2021-09-22,8,409.63,-1269.7,-860.07
2021-09-22,9,396.14,-1663.48,-1267.34
2021-09-22,10,533.32,-1339.27,-805.95
2021-09-22,11,369.53,-1341.56,-972.03
2021-09-22,12,572.04,-650.47,-78.4300000000001
2021-09-22,13,702.57,-841.27,-138.7
2021-09-22,14,315.34,-990.34,-675
2021-09-22,15,457.32,-952.19,-494.87
2021-09-22,16,629.6,-869.93,-240.33
2021-09-22,17,826.97,-769.78,57.1900000000001
2021-09-22,18,670.52,-827.77,-157.25
2021-09-22,19,427.74,-1026.98,-599.24
2021-09-22,20,613.01,-1336.67,-723.66
2021-09-22,21,737,-626.27,110.73
2021-09-22,22,562.73,-551.85,10.88
2021-09-22,23,404.67,-456.07,-51.4
2021-09-23,0,826.84,-642.86,183.98
2021-09-23,1,645.65,-351.88,293.77
2021-09-23,2,1677.74,-113.95,1563.79
2021-09-23,3,2083.6,-124.67,1958.93
2021-09-23,4,2117.64,-128.8,1988.84
2021-09-23,5,1948.34,-174.44,1773.9
2021-09-23,6,1774.86,-223.74,1551.12
2021-09-23,7,1170.69,-219.69,951
2021-09-23,8,675.02,-798.62,-123.6
2021-09-23,9,554.61,-682.1,-127.49
2021-09-23,10,806.41,-462.59,343.82
2021-09-23,11,930.72,-584.44,346.28
2021-09-23,12,1297.48,-318.37,979.11
2021-09-23,13,1180.32,-431.98,748.34
2021-09-23,14,821.51,-498.37,323.14
2021-09-23,15,995.42,-286.6,708.82
2021-09-23,16,1355.01,-375.47,979.54
2021-09-23,17,1668.91,-321.48,1347.43
2021-09-23,18,1808.96,-388.51,1420.45
2021-09-23,19,1120.37,-352.26,768.11
2021-09-23,20,1454.43,-374.72,1079.71
2021-09-23,21,1599.95,-271.86,1328.09
2021-09-23,22,1504.68,-231.44,1273.24
2021-09-23,23,1789.24,-247.18,1542.06
2021-09-24,0,1538.32,-231.66,1306.66
2021-09-24,1,1194.2,-226.51,967.69
2021-09-24,2,1479.17,-253.02,1226.15
2021-09-24,3,1579.34,-310.82,1268.52
2021-09-24,4,1974,-226.32,1747.68
2021-09-24,5,2105.49,-199.28,1906.21
2021-09-24,6,2107.43,-272.55,1834.88
2021-09-24,7,2204.98,-300.58,1904.4
2021-09-24,8,1292.96,-547.33,745.63
2021-09-24,9,801.04,-514.16,286.88
2021-09-24,10,1073.55,-448.35,625.2
2021-09-24,11,1171.82,-368.26,803.56
2021-09-24,12,1758.72,-260.8,1497.92
2021-09-24,13,2067.97,-141.04,1926.93
2021-09-24,14,1572.85,-180.6,1392.25
2021-09-24,15,2210.04,-171.31,2038.73
2021-09-24,16,1944.85,-164.9,1779.95
2021-09-24,17,1508.57,-262.06,1246.51
2021-09-24,18,958.84,-504.31,454.53
2021-09-24,19,508.78,-1183.16,-674.38
2021-09-24,20,630.14,-755.14,-125
2021-09-24,21,659.37,-660.32,-0.950000000000045
2021-09-24,22,699.96,-594.08,105.88
2021-09-24,23,413.66,-509.95,-96.29
2021-09-25,0,749.25,-703.96,45.29
2021-09-25,1,704.58,-565.4,139.18
2021-09-25,2,588.04,-552.03,36.01
2021-09-25,3,518.26,-474.21,44.05
2021-09-25,4,628.35,-617.38,10.97
2021-09-25,5,503.46,-551.31,-47.85
2021-09-25,6,435.32,-637.82,-202.5
2021-09-25,7,722.68,-848.82,-126.14
2021-09-25,8,1263.18,-729.89,533.29
2021-09-25,9,614.76,-778.32,-163.56
2021-09-25,10,1041.05,-690.6,350.45
2021-09-25,11,840.22,-735.47,104.75
2021-09-25,12,1078.8,-447.89,630.91
2021-09-25,13,806.9,-454.11,352.79
2021-09-25,14,900.57,-834.17,66.4000000000001
2021-09-25,15,536.77,-429.76,107.01
2021-09-25,16,483.95,-361.59,122.36
2021-09-25,17,739.99,-635.12,104.87
2021-09-25,18,536.75,-732.93,-196.18
2021-09-25,19,294.87,-947.07,-652.2
2021-09-25,20,422.14,-993.79,-571.65
2021-09-25,21,695.38,-716.72,-21.34
2021-09-25,22,613.3,-540.39,72.91
2021-09-25,23,572.09,-618.04,-45.9499999999999
2021-09-26,0,736.13,-468.48,267.65
2021-09-26,1,886.99,-579.67,307.32
2021-09-26,2,849.4,-452.07,397.33
2021-09-26,3,760.42,-370.2,390.22
2021-09-26,4,535.41,-463.49,71.92
2021-09-26,5,489.84,-659.71,-169.87
2021-09-26,6,380.15,-744.26,-364.11
2021-09-26,7,750.68,-666.61,84.07
2021-09-26,8,1008.97,-532.79,476.18
2021-09-26,9,970.14,-499.71,470.43
2021-09-26,10,892.33,-606.58,285.75
2021-09-26,11,795.81,-397.33,398.48
2021-09-26,12,810.27,-432.16,378.11
2021-09-26,13,786.75,-353.54,433.21
2021-09-26,14,939.28,-505.56,433.72
2021-09-26,15,978.87,-460.38,518.49
2021-09-26,16,778.37,-419.6,358.77
2021-09-26,17,743.29,-490.4,252.89
2021-09-26,18,487.39,-1404.23,-916.84
2021-09-26,19,483.87,-1050.22,-566.35
2021-09-26,20,452.07,-1393.86,-941.79
2021-09-26,21,517.75,-585.41,-67.66
2021-09-26,22,459.12,-1287.98,-828.86
2021-09-26,23,416.52,-967.34,-550.82
2021-09-27,0,722.49,-700.62,21.87
2021-09-27,1,693.8,-668.35,25.4499999999999
2021-09-27,2,896.35,-807.81,88.5400000000001
2021-09-27,3,756.31,-593.21,163.1
2021-09-27,4,851.54,-685.23,166.31
2021-09-27,5,750.86,-563.2,187.66
2021-09-27,6,908.56,-765.27,143.29
2021-09-27,7,435.33,-520.34,-85.0100000000001
2021-09-27,8,669.11,-301.83,367.28
2021-09-27,9,450.63,-777.12,-326.49
2021-09-27,10,936.67,-353.79,582.88
2021-09-27,11,654.47,-645.43,9.04000000000008
2021-09-27,12,923.01,-912.94,10.0699999999999
2021-09-27,13,622.15,-630.61,-8.46000000000004
2021-09-27,14,703.44,-671.95,31.49
2021-09-27,15,700.08,-639.43,60.6500000000001
2021-09-27,16,608.68,-590.54,18.14
2021-09-27,17,467.42,-460.02,7.40000000000003
2021-09-27,18,604.51,-608.96,-4.45000000000005
2021-09-27,19,546.56,-651.69,-105.13
2021-09-27,20,535.35,-396.54,138.81
2021-09-27,21,562.86,-311.17,251.69
2021-09-27,22,776.76,-390.77,385.99
2021-09-27,23,605.77,-441.34,164.43
2021-09-28,0,711.9,-542.82,169.08
2021-09-28,1,426.28,-455.82,-29.54
2021-09-28,2,352.98,-378.75,-25.77
2021-09-28,3,490.52,-490.09,0.430000000000007
2021-09-28,4,342.48,-336.47,6.00999999999999
2021-09-28,5,347.3,-331.13,16.17
2021-09-28,6,171.29,-683.24,-511.95
2021-09-28,7,151.17,-1098.25,-947.08
2021-09-28,8,468.38,-902.83,-434.45
2021-09-28,9,221.48,-1704.15,-1482.67
2021-09-28,10,662.83,-937.67,-274.84
2021-09-28,11,445.56,-1353.28,-907.72
2021-09-28,12,774.57,-906.07,-131.5
2021-09-28,13,544.76,-1003.99,-459.23
2021-09-28,14,540.22,-1751.67,-1211.45
2021-09-28,15,693.34,-994.96,-301.62
2021-09-28,16,687,-1144.56,-457.56
2021-09-28,17,653.27,-964.1,-310.83
2021-09-28,18,527.95,-1176.14,-648.19
2021-09-28,19,367.35,-1496.91,-1129.56
2021-09-28,20,450.55,-754.36,-303.81
2021-09-28,21,554.48,-583.13,-28.65
2021-09-28,22,601.74,-507.73,94.01
2021-09-28,23,403.8,-543.13,-139.33
2021-09-29,0,547.89,-525.77,22.12
2021-09-29,1,367.65,-432.46,-64.81
2021-09-29,2,395.03,-496.59,-101.56
2021-09-29,3,543.22,-690.81,-147.59
2021-09-29,4,472.76,-695.45,-222.69
2021-09-29,5,353.01,-715.35,-362.34
2021-09-29,6,318.12,-710.11,-391.99
2021-09-29,7,271.68,-883.88,-612.2
2021-09-29,8,303.54,-1117.2,-813.66
2021-09-29,9,371.26,-1270.89,-899.63
2021-09-29,10,466.36,-516.95,-50.59
2021-09-29,11,546.72,-533.77,12.95
2021-09-29,12,760.03,-540.27,219.76
2021-09-29,13,805.13,-313.91,491.22
2021-09-29,14,534.14,-636.02,-101.88
2021-09-29,15,751.1,-360.96,390.14
2021-09-29,16,639.29,-461.82,177.47
2021-09-29,17,488.32,-471.17,17.15
2021-09-29,18,471.84,-482.91,-11.0700000000001
2021-09-29,19,189.86,-820.41,-630.55
2021-09-29,20,171.68,-789.04,-617.36
2021-09-29,21,216.75,-543.11,-326.36
2021-09-29,22,287.93,-414.28,-126.35
2021-09-29,23,207.54,-626.52,-418.98
2021-09-30,0,188.51,-352.79,-164.28
2021-09-30,1,565.37,-332.01,233.36
2021-09-30,2,732.78,-262.33,470.45
2021-09-30,3,769.78,-198.48,571.3
2021-09-30,4,633.67,-1156.58,-522.91
2021-09-30,5,620.56,-465.64,154.92
2021-09-30,6,428.89,-384.96,43.93
2021-09-30,7,411.08,-481.77,-70.69
2021-09-30,8,509.14,-899.27,-390.13
2021-09-30,9,438.98,-994.24,-555.26
2021-09-30,10,651.59,-250.45,401.14
2021-09-30,11,766.26,-299.94,466.32
2021-09-30,12,1018.64,-257,761.64
2021-09-30,13,1034.61,-487.96,546.65
2021-09-30,14,832.36,-1210.69,-378.33
2021-09-30,15,633.14,-366.47,266.67
2021-09-30,16,795.07,-750.53,44.5400000000001
2021-09-30,17,583.95,-519.35,64.6
2021-09-30,18,683.02,-616.32,66.6999999999999
2021-09-30,19,515.49,-394.47,121.02
2021-09-30,20,715.13,-721.18,-6.04999999999996
2021-09-30,21,682.55,-729.86,-47.3100000000001
2021-09-30,22,390.77,-797.92,-407.15
2021-09-30,23,256.08,-1034.66,-778.58
2021-10-01,0,310.78,-918.06,-607.28
2021-10-01,1,195.19,-698.85,-503.66
2021-10-01,2,129.07,-614.45,-485.38
2021-10-01,3,380.61,-426.55,-45.94
2021-10-01,4,550.63,-230.69,319.94
2021-10-01,5,604.28,-366.81,237.47
2021-10-01,6,255.74,-506.92,-251.18
2021-10-01,7,180.48,-546.2,-365.72
2021-10-01,8,613.6,-921.82,-308.22
2021-10-01,9,152.17,-1229.38,-1077.21
2021-10-01,10,551.41,-975.72,-424.31
2021-10-01,11,245.28,-918.7,-673.42
2021-10-01,12,1543.87,-739.35,804.52
2021-10-01,13,1112.98,-785.83,327.15
2021-10-01,14,402.64,-927.5,-524.86
2021-10-01,15,251.19,-857.13,-605.94
2021-10-01,16,666.21,-836.28,-170.07
2021-10-01,17,599.53,-814.09,-214.56
2021-10-01,18,337.49,-911.02,-573.53
2021-10-01,19,242.25,-730.76,-488.51
2021-10-01,20,548.79,-705.19,-156.4
2021-10-01,21,615.92,-601.9,14.02
2021-10-01,22,882.07,-844.02,38.0500000000001
2021-10-01,23,779.2,-718.38,60.8200000000001
