1e+20,57,77,57,66,83,82,88,72,74,64,67,81,69,58,79,92,57,55,66,73,66,63,67,50,60,102,80,57,67,65,69,93,78,83,71,77,93,90,58,68,88,60,59,64,55,58,70,68,61,72,62,66,67,80,100,70,54,61,56,73,75,49,60,81,62,62,56,63,67,78,80,68,63,69,68,54,76,71,59,79,66,84,98,65,53,74,61,78,56,51,70,49,81,89,76,66,68,66,65,100,70,55,72,66
57,1e+20,62,43,62,59,52,58,55,52,59,59,58,58,70,57,60,67,79,59,53,56,64,54,45,61,54,64,53,61,67,59,56,68,57,59,58,54,57,60,53,55,51,74,51,45,115,56,61,52,53,65,65,48,61,59,50,52,65,72,60,63,44,60,54,56,46,70,59,63,54,57,54,57,57,62,47,54,57,67,62,59,58,58,45,45,52,63,57,77,50,49,44,63,62,63,56,59,60,56,58,62,70,68,76
77,62,1e+20,59,65,88,99,66,64,70,96,62,117,72,54,82,66,52,59,60,95,94,71,63,51,52,70,66,62,71,76,55,63,64,110,73,65,70,65,52,63,65,55,55,54,67,60,69,84,72,72,68,65,47,85,70,67,59,58,55,67,73,56,60,81,70,68,54,65,61,74,64,94,62,92,63,56,58,68,55,118,76,67,66,59,59,64,55,67,50,57,80,61,98,68,72,72,76,91,80,67,78,55,70,56
57,43,59,1e+20,51,52,67,59,65,65,63,53,60,62,45,58,57,44,43,54,57,57,49,47,73,44,70,60,54,54,53,51,54,57,65,54,60,67,65,44,61,56,78,47,82,88,44,66,57,50,47,49,46,80,55,53,48,48,45,43,55,62,91,46,60,47,72,47,40,46,52,57,57,49,62,47,75,61,62,43,66,47,55,60,78,85,53,43,54,44,87,48,67,59,61,53,60,54,55,59,61,54,44,58,49
66,62,65,51,1e+20,68,73,61,79,61,64,59,68,55,61,65,65,52,53,60,65,66,58,59,60,52,61,77,71,58,67,57,65,74,64,58,73,69,62,54,73,68,65,55,51,58,58,56,58,63,61,67,56,57,64,69,54,49,61,46,71,71,55,67,63,59,57,58,59,63,64,66,65,55,61,65,52,76,74,54,63,59,64,62,58,49,70,51,69,52,58,58,57,65,62,63,76,55,67,57,66,62,50,75,54
83,59,88,52,68,1e+20,107,77,60,80,94,74,83,75,57,92,73,59,48,65,87,88,57,69,63,54,77,65,80,72,78,70,69,58,102,72,75,70,69,57,67,68,64,50,53,59,55,66,73,82,65,62,60,57,89,63,68,53,63,52,64,74,57,66,86,61,49,53,70,59,76,70,81,64,91,60,64,67,68,57,94,72,64,71,57,56,66,51,71,54,53,76,63,92,60,75,61,65,94,79,67,63,60,65,48
82,52,99,67,73,107,1e+20,74,68,75,100,70,122,71,53,100,70,56,57,72,84,86,62,60,51,62,67,68,77,67,79,70,67,64,116,69,61,77,75,55,56,66,64,56,59,53,57,72,65,69,65,74,64,68,88,80,72,54,57,48,66,69,53,59,85,67,62,55,67,67,75,64,91,73,113,62,58,67,63,58,98,66,67,67,61,62,66,58,66,56,61,69,52,116,58,81,71,70,91,81,64,72,54,62,57
88,58,66,59,61,77,74,1e+20,66,71,75,77,74,59,56,70,75,57,56,63,73,68,74,62,61,55,109,68,70,72,84,77,93,71,75,61,79,81,128,56,76,79,66,56,65,57,58,85,76,65,65,72,59,55,85,67,64,58,70,60,76,77,54,70,71,70,48,52,61,69,75,89,73,59,69,67,59,71,72,59,71,64,83,105,57,62,86,56,76,57,63,65,61,72,93,77,71,66,72,71,86,56,54,71,57
72,55,64,65,79,60,68,66,1e+20,70,69,59,63,60,51,69,68,59,54,61,66,69,58,60,62,57,73,85,63,51,71,60,70,97,61,62,89,72,74,55,83,75,60,60,60,66,55,76,64,61,62,68,62,61,74,75,51,53,65,59,68,85,67,67,63,61,53,54,60,66,71,71,67,59,68,68,65,87,91,51,65,62,76,74,64,60,77,50,83,57,61,56,60,68,68,65,87,58,63,65,69,61,53,84,63
74,52,70,65,61,80,75,71,70,1e+20,79,59,74,72,48,91,82,53,48,77,73,82,78,60,60,48,72,71,92,72,76,63,62,72,76,71,67,73,70,52,64,74,52,51,62,58,55,67,66,63,76,75,72,57,74,79,71,51,70,48,65,68,53,73,126,64,58,48,61,72,74,68,88,70,74,78,55,69,61,55,88,67,70,65,52,54,69,59,63,54,51,64,63,77,65,73,67,72,89,73,69,78,53,69,53
64,59,96,63,64,94,100,75,69,79,1e+20,74,100,81,56,111,56,59,51,67,82,126,63,64,58,50,69,65,102,69,79,71,69,70,109,73,69,68,74,49,65,54,58,58,60,62,48,71,81,72,57,82,67,57,88,70,64,51,73,55,69,72,61,82,89,60,49,56,60,73,72,71,108,58,122,74,51,71,66,51,96,69,65,73,57,51,70,58,63,46,58,69,65,130,67,85,62,73,118,80,65,66,54,68,50
67,59,62,53,59,74,70,77,59,59,74,1e+20,69,76,56,69,61,53,55,76,88,69,87,95,58,62,70,58,60,89,64,94,72,57,72,88,57,60,71,50,69,73,58,55,61,55,54,62,86,86,72,66,62,60,66,62,85,57,65,61,70,68,52,60,64,80,49,67,104,63,61,61,72,77,73,57,58,58,65,60,73,73,60,69,58,52,70,51,59,55,54,99,47,70,70,65,69,83,76,67,62,71,47,60,65
81,58,117,60,68,83,122,74,63,74,100,69,1e+20,64,52,105,67,51,57,64,89,99,74,58,53,57,62,69,81,68,82,59,60,66,128,66,65,67,73,52,56,56,56,52,63,55,54,67,77,62,59,79,65,59,86,69,66,57,67,53,68,67,55,70,83,64,65,55,68,69,71,59,103,63,108,62,51,66,69,55,113,74,67,75,61,51,65,53,68,50,57,72,56,101,68,82,71,64,101,76,69,62,53,65,57
69,58,72,62,55,75,71,59,60,72,81,76,64,1e+20,52,65,72,61,54,76,70,67,59,97,44,55,69,56,64,101,57,100,65,65,74,116,57,69,69,52,59,68,50,57,54,52,56,66,83,104,92,60,91,56,69,73,93,59,62,54,64,66,48,69,74,72,45,59,79,60,69,63,56,84,78,68,47,62,64,54,70,61,67,64,52,43,67,64,65,53,51,85,56,72,71,60,58,115,68,67,66,93,59,61,65
58,70,54,45,61,57,53,56,51,48,56,56,52,52,1e+20,53,59,51,83,52,59,58,56,56,46,82,56,58,63,52,63,58,56,55,47,58,47,59,54,72,49,53,45,60,45,46,75,58,61,56,52,68,58,48,62,53,62,56,64,56,64,53,51,61,53,60,45,86,61,59,57,63,52,59,50,57,50,61,53,91,52,56,62,64,46,47,58,64,60,85,48,56,45,51,56,62,58,53,58,60,60,58,84,53,93
79,57,82,58,65,92,100,70,69,91,111,69,105,65,53,1e+20,64,55,52,76,89,104,68,58,56,50,64,74,85,69,74,65,64,74,108,65,70,69,71,55,61,58,52,53,65,58,57,70,80,59,73,81,75,54,84,68,76,56,59,55,67,63,57,66,87,50,58,52,75,64,68,71,81,66,115,64,45,64,66,54,113,62,66,70,58,59,71,55,70,48,61,71,63,117,66,86,72,71,108,79,67,76,57,64,57
92,60,66,57,65,73,70,75,68,82,56,61,67,72,59,64,1e+20,55,49,69,70,71,66,60,62,60,85,74,68,68,78,64,101,74,61,65,77,106,74,57,80,79,56,57,62,60,57,81,66,67,72,70,73,64,82,106,68,59,72,55,70,74,59,60,77,66,57,54,67,71,77,83,64,69,59,69,66,81,66,54,62,56,104,95,62,59,75,55,75,60,62,67,58,64,85,82,76,67,64,60,112,69,59,72,59
57,67,52,44,52,59,56,57,59,53,59,53,51,61,51,55,55,1e+20,55,63,55,54,59,59,48,61,55,57,54,53,65,61,57,57,56,59,59,60,55,61,52,58,50,92,47,46,61,56,62,59,57,59,59,46,64,57,53,64,59,67,50,52,45,58,51,53,45,61,61,57,59,55,53,57,60,57,45,57,58,73,54,52,59,64,48,42,52,69,59,61,46,54,49,52,57,62,62,57,50,64,59,63,62,56,65
55,79,59,43,53,48,57,56,54,48,51,55,57,54,83,52,49,55,1e+20,45,56,58,66,54,47,78,51,55,56,56,58,62,59,60,56,54,52,56,57,79,50,56,46,69,50,45,81,54,58,48,53,63,53,50,62,57,52,68,62,69,57,57,49,56,50,56,46,63,63,58,61,57,60,49,56,59,46,55,59,66,49,60,57,59,46,50,50,73,61,80,48,49,40,59,60,61,49,49,53,61,56,57,62,57,67
66,59,60,54,60,65,72,63,61,77,67,76,64,76,52,76,69,63,45,1e+20,66,62,79,84,46,54,62,59,67,70,69,77,67,58,69,90,65,66,67,57,60,65,53,63,53,52,56,69,77,81,77,66,96,57,69,66,81,59,67,63,62,61,48,58,67,67,51,55,70,59,56,67,66,78,69,59,55,60,61,59,73,73,69,62,54,49,59,60,62,50,47,80,52,68,67,66,65,75,67,58,67,81,54,64,53
73,53,95,57,65,87,84,73,66,73,82,88,89,70,59,89,70,55,56,66,1e+20,89,70,74,67,52,71,65,71,69,74,71,70,60,83,81,61,60,73,52,58,66,61,51,65,60,53,67,82,80,83,61,59,64,81,62,72,51,53,56,63,68,65,60,76,69,57,58,89,60,69,59,85,54,78,55,66,64,64,58,92,61,67,64,61,60,71,56,76,48,41,80,50,87,69,71,62,67,77,81,61,73,49,61,54
66,56,94,57,66,88,86,68,69,82,126,69,99,67,58,104,71,54,58,62,89,1e+20,73,62,70,57,66,67,107,56,83,66,71,69,92,61,70,65,66,54,62,68,57,52,59,59,51,72,80,61,61,81,58,66,83,68,64,51,70,56,65,58,71,85,99,61,52,54,78,82,69,69,116,66,108,75,67,69,65,54,106,62,59,67,56,60,73,56,59,54,56,61,57,119,62,87,63,61,121,80,64,58,56,66,56
63,64,71,49,58,57,62,74,58,78,63,87,74,59,56,68,66,59,66,79,70,73,1e+20,77,51,63,58,59,68,69,74,73,77,58,63,72,57,62,74,58,61,76,48,56,53,48,54,67,86,70,89,69,71,42,60,68,79,59,58,55,63,62,49,67,74,82,59,58,98,62,65,70,72,84,68,64,50,55,55,55,73,80,63,63,49,57,73,58,61,60,52,67,46,64,71,69,61,68,73,61,65,79,57,68,64
67,54,63,47,59,69,60,62,60,60,64,95,58,97,56,58,60,59,54,84,74,62,77,1e+20,56,57,68,59,62,68,64,98,65,61,61,111,58,69,72,59,64,66,54,52,54,47,53,65,78,94,93,65,86,55,61,71,70,51,62,53,64,60,58,62,65,89,45,54,90,63,57,67,74,89,68,62,49,63,67,65,50,66,65,74,52,55,63,52,69,67,53,82,53,62,67,56,60,76,67,67,64,69,56,58,63
50,45,51,73,60,63,51,61,62,60,58,58,53,44,46,56,62,48,47,46,67,70,51,56,1e+20,49,65,57,70,44,53,59,58,60,53,46,63,60,64,52,55,53,90,42,106,91,43,68,59,53,50,54,45,101,53,53,47,44,49,48,63,57,89,55,62,56,78,46,58,55,60,63,63,48,51,54,116,62,65,47,53,52,56,69,83,93,64,54,63,48,72,52,86,49,62,52,60,40,59,61,55,48,46,57,44
60,61,52,44,52,54,62,55,57,48,50,62,57,55,82,50,60,61,78,54,52,57,63,57,49,1e+20,59,59,50,63,62,57,58,57,58,50,48,54,59,52,53,61,51,61,51,52,63,58,61,61,51,60,58,48,58,58,57,73,63,64,51,53,47,69,52,60,47,84,66,67,59,64,59,61,54,64,51,59,61,66,56,55,58,56,49,50,55,60,60,60,51,50,46,52,61,60,55,53,55,57,61,53,60,58,87
102,54,70,70,61,77,67,109,73,72,69,70,62,69,56,64,85,55,51,62,71,66,58,68,65,59,1e+20,73,72,71,70,71,81,71,69,69,73,79,108,56,77,88,66,57,63,57,51,82,73,78,71,73,65,65,75,90,72,49,67,58,75,84,57,74,73,63,57,57,64,71,67,86,64,70,70,68,54,74,74,61,65,62,94,94,61,61,83,58,77,57,58,73,63,75,98,75,76,72,60,83,96,69,59,71,59
80,64,66,60,77,65,68,68,85,71,65,58,69,56,58,74,74,57,55,59,65,67,59,59,57,59,73,1e+20,73,55,70,58,74,96,74,56,80,74,74,48,85,74,56,53,67,56,67,66,57,58,65,71,69,54,70,72,55,56,64,54,67,68,67,70,67,61,54,61,61,75,70,72,66,64,68,64,54,97,69,63,66,64,75,74,58,67,69,45,74,54,56,55,56,71,74,68,78,58,73,61,72,61,52,86,62
57,53,62,54,71,80,77,70,63,92,102,60,81,64,63,85,68,54,56,67,71,107,68,62,70,50,72,73,1e+20,71,65,77,69,64,78,60,69,60,67,61,79,65,58,52,61,60,51,64,53,61,66,77,70,52,62,69,64,52,81,56,63,61,67,81,92,59,64,51,65,86,68,65,101,59,72,79,65,72,54,57,71,70,72,74,53,60,62,56,66,53,62,65,67,86,71,68,72,57,106,91,72,64,56,68,57
67,61,71,54,58,72,67,72,51,72,69,89,68,101,52,69,68,53,56,70,69,56,69,68,44,63,71,55,71,1e+20,56,94,67,50,74,91,59,68,61,57,61,70,60,54,46,46,60,66,76,92,74,57,84,55,70,64,103,59,65,56,61,62,39,72,67,90,50,56,78,64,67,62,59,82,72,63,51,57,60,50,70,75,68,60,49,47,62,59,55,50,56,109,51,68,71,64,56,101,63,64,67,89,64,62,55
65,67,76,53,67,78,79,84,71,76,79,64,82,57,63,74,78,65,58,69,74,83,74,64,53,62,70,70,65,56,1e+20,65,72,70,79,60,75,81,84,60,65,71,47,66,60,48,59,85,75,66,64,94,63,51,109,70,60,62,85,61,73,72,59,89,77,67,54,57,66,81,84,76,86,64,82,74,60,69,73,60,78,65,79,87,54,60,69,57,71,62,54,60,52,80,73,116,71,61,76,75,77,64,56,71,58
69,59,55,51,57,70,70,77,60,63,71,94,59,100,58,65,64,61,62,77,71,66,73,98,59,57,71,58,77,94,65,1e+20,73,56,64,79,56,73,76,64,63,69,53,59,58,42,63,61,64,82,81,63,83,61,64,70,92,55,68,61,57,65,55,66,68,71,49,57,79,68,58,67,65,83,69,66,56,59,65,59,53,62,66,68,50,54,65,59,66,56,52,93,46,57,63,65,59,92,66,67,69,82,57,60,56
93,56,63,54,65,69,67,93,70,62,69,72,60,65,56,64,101,57,59,67,70,71,77,65,58,58,81,74,69,67,72,73,1e+20,75,60,65,73,88,98,61,73,96,63,62,59,66,58,95,74,66,69,82,70,74,66,107,73,57,72,57,85,72,61,68,63,69,52,61,77,72,72,99,70,65,64,73,66,75,69,59,60,65,80,86,62,53,93,62,73,59,61,67,55,71,92,71,72,68,72,69,91,65,55,79,58
78,68,64,57,74,58,64,71,97,72,70,57,66,65,55,74,74,57,60,58,60,69,58,61,60,57,71,96,64,50,70,56,75,1e+20,74,58,80,78,73,53,77,66,56,59,60,64,65,72,62,62,55,61,63,62,72,74,54,55,64,50,78,85,56,68,66,64,61,56,62,73,65,66,71,56,74,72,53,89,91,59,65,63,77,73,66,64,78,50,95,52,61,58,67,69,72,66,81,58,68,63,72,67,59,84,58
83,57,110,65,64,102,116,75,61,76,109,72,128,74,47,108,61,56,56,69,83,92,63,61,53,58,69,74,78,74,79,64,60,74,1e+20,72,60,71,74,52,58,65,58,57,56,62,57,70,85,73,61,74,67,60,88,71,65,57,59,58,68,74,58,67,87,64,63,55,55,59,72,62,91,63,123,61,48,66,73,55,108,71,69,66,66,50,67,55,62,52,65,74,59,128,67,83,67,71,102,87,68,73,56,71,56
71,59,73,54,58,72,69,61,62,71,73,88,66,116,58,65,65,59,54,90,81,61,72,111,46,50,69,56,60,91,60,79,65,58,72,1e+20,57,70,71,53,57,69,51,55,54,56,55,67,91,114,98,62,90,57,63,71,90,56,68,56,68,68,51,67,69,86,41,56,73,61,62,60,65,76,70,64,49,66,59,61,72,60,66,66,52,44,65,59,59,54,49,102,56,74,68,60,55,115,74,59,69,85,56,56,63
77,58,65,60,73,75,61,79,89,67,69,57,65,57,47,70,77,59,52,65,61,70,57,58,63,48,73,80,69,59,75,56,73,80,60,57,1e+20,76,75,56,82,75,58,65,45,59,53,64,61,53,49,71,53,62,73,75,60,54,73,54,64,89,63,73,66,56,57,43,55,67,75,71,68,66,69,74,66,66,81,50,65,63,69,74,49,57,81,60,69,51,57,53,57,67,75,80,74,56,66,64,72,58,51,79,49
93,54,70,67,69,70,77,81,72,73,68,60,67,69,59,69,106,60,56,66,60,65,62,69,60,54,79,74,60,68,81,73,88,78,71,70,76,1e+20,86,61,71,88,55,58,59,63,59,85,68,71,73,75,65,60,78,118,68,57,63,53,74,74,56,74,71,69,61,53,66,65,69,99,68,70,76,76,58,81,76,57,68,60,97,116,49,69,74,59,71,58,52,65,64,64,72,77,85,72,71,56,109,69,61,76,56
90,57,65,65,62,69,75,128,74,70,74,71,73,69,54,71,74,55,57,67,73,66,74,72,64,59,108,74,67,61,84,76,98,73,74,71,75,86,1e+20,56,67,88,62,60,62,63,61,100,69,65,64,76,69,64,81,92,67,56,71,62,85,78,54,71,68,75,51,55,64,72,67,88,72,63,76,70,60,78,84,59,61,62,78,107,65,70,87,58,80,60,60,66,64,74,96,78,65,69,70,83,80,71,56,71,57
58,60,52,44,54,57,55,56,55,52,49,50,52,52,72,55,57,61,79,57,52,54,58,59,52,52,56,48,61,57,60,64,61,53,52,53,56,61,56,1e+20,54,62,43,72,49,47,59,63,55,56,65,70,56,48,59,60,55,80,61,74,62,53,49,59,49,53,50,67,59,61,59,59,53,52,55,60,49,59,55,58,53,58,63,63,45,48,57,87,53,71,47,57,45,52,65,58,59,52,51,56,57,51,66,49,65
68,53,63,61,73,67,56,76,83,64,65,69,56,59,49,61,80,52,50,60,58,62,61,64,55,53,77,85,79,61,65,63,73,77,58,57,82,71,67,54,1e+20,77,56,51,62,59,48,69,61,58,59,68,60,58,59,73,52,56,72,55,66,89,62,61,63,63,56,49,64,70,72,71,65,63,58,69,59,86,69,46,58,58,76,68,61,60,66,50,82,55,61,66,53,65,66,60,76,56,63,67,74,58,51,83,50
88,55,65,56,68,68,66,79,75,74,54,73,56,68,53,58,79,58,56,65,66,68,76,66,53,61,88,74,65,70,71,69,96,66,65,69,75,88,88,62,77,1e+20,58,55,49,49,58,93,67,66,70,71,68,55,77,95,63,55,69,55,70,76,62,80,71,67,47,52,73,68,80,87,69,70,65,79,63,76,72,57,62,68,70,77,56,60,75,63,79,58,53,65,62,58,101,69,72,70,55,73,81,67,55,81,65
60,51,55,78,65,64,64,66,60,52,58,58,56,50,45,52,56,50,46,53,61,57,48,54,90,51,66,56,58,60,47,53,63,56,58,51,58,55,62,43,56,58,1e+20,46,90,100,42,60,57,55,42,56,49,96,51,61,52,49,51,50,63,64,78,51,52,52,85,47,49,56,50,52,65,49,60,53,87,62,67,47,60,54,54,48,102,87,69,49,56,45,95,49,93,58,56,54,57,54,50,62,63,52,42,66,44
59,74,55,47,55,50,56,56,60,51,58,55,52,57,60,53,57,92,69,63,51,52,56,52,42,61,57,53,52,54,66,59,62,59,57,55,65,58,60,72,51,55,46,1e+20,47,43,71,53,64,53,53,64,59,44,60,60,54,61,62,75,50,54,48,61,48,57,48,65,52,54,61,55,53,62,58,59,46,61,57,54,56,51,59,61,45,44,51,70,51,84,48,48,48,54,62,67,57,56,50,56,61,64,66,59,79
64,51,54,82,51,53,59,65,60,62,60,61,63,54,45,65,62,47,50,53,65,59,53,54,106,51,63,67,61,46,60,58,59,60,56,54,45,59,62,49,62,49,90,47,1e+20,94,47,62,54,52,59,47,51,114,58,56,52,48,55,47,61,64,84,52,59,46,101,49,58,54,58,48,51,46,63,55,100,57,65,48,67,53,59,57,108,85,64,45,61,49,87,57,77,56,61,52,65,53,66,56,60,49,42,63,47
55,45,67,88,58,59,53,57,66,58,62,55,55,52,46,58,60,46,45,52,60,59,48,47,91,52,57,56,60,46,48,42,66,64,62,56,59,63,63,47,59,49,100,43,94,1e+20,45,62,63,56,45,44,47,99,49,66,46,44,51,51,54,62,94,50,57,51,107,44,50,51,51,58,67,44,58,55,98,67,57,48,64,54,63,62,103,81,58,46,55,45,86,56,79,63,59,49,67,52,65,58,65,56,46,66,47
58,115,60,44,58,55,57,58,55,55,48,54,54,56,75,57,57,61,81,56,53,51,54,53,43,63,51,67,51,60,59,63,58,65,57,55,53,59,61,59,48,58,42,71,47,45,1e+20,54,58,47,59,62,67,49,68,60,47,70,60,67,49,55,48,62,53,57,44,76,56,60,56,56,56,60,59,61,45,56,57,78,57,61,56,57,44,49,54,59,58,77,47,53,47,52,62,64,58,56,53,54,58,54,93,63,80
70,56,69,66,56,66,72,85,76,67,71,62,67,66,58,70,81,56,54,69,67,72,67,65,68,58,82,66,64,66,85,61,95,72,70,67,64,85,100,63,69,93,60,53,62,62,54,1e+20,70,70,67,78,65,66,72,86,66,64,78,57,78,76,67,74,65,66,59,58,65,74,72,107,71,59,69,72,68,69,80,55,70,59,89,100,63,62,78,63,73,57,66,69,66,73,81,74,70,63,74,76,77,69,54,68,61
68,61,84,57,58,73,65,76,64,66,81,86,77,83,61,80,66,62,58,77,82,80,86,78,59,61,73,57,53,76,75,64,74,62,85,91,61,68,69,55,61,67,57,64,54,63,58,70,1e+20,86,78,65,62,51,80,65,75,61,57,67,63,74,55,56,67,80,49,54,84,51,72,66,70,75,82,50,48,61,62,50,91,75,71,70,55,49,64,60,68,56,48,79,61,89,73,71,57,82,74,65,68,88,53,68,55
61,52,72,50,63,82,69,65,61,63,72,86,62,104,56,59,67,59,48,81,80,61,70,94,53,61,78,58,61,92,66,82,66,62,73,114,53,71,65,56,58,66,55,53,52,56,47,70,86,1e+20,79,59,75,57,67,64,86,54,63,60,68,67,54,67,67,85,52,52,82,60,62,68,62,72,62,69,51,64,68,62,65,61,70,70,56,41,66,56,64,58,50,103,61,72,71,59,59,103,71,71,67,80,61,60,58
72,53,72,47,61,65,65,65,62,76,57,72,59,92,52,73,72,57,53,77,83,61,89,93,50,51,71,65,66,74,64,81,69,55,61,98,49,73,64,65,59,70,42,53,59,45,59,67,78,79,1e+20,66,89,57,65,67,98,63,62,55,71,64,50,61,67,85,51,52,93,59,61,68,56,74,68,55,47,62,65,60,73,68,68,67,49,53,60,60,68,64,49,92,50,55,62,59,59,87,65,62,70,84,58,52,60
62,65,68,49,67,62,74,72,68,75,82,66,79,60,68,81,70,59,63,66,61,81,69,65,54,60,73,71,77,57,94,63,82,61,74,62,71,75,76,70,68,71,56,64,47,44,62,78,65,59,66,1e+20,72,52,88,79,62,64,97,62,71,67,53,91,80,61,52,63,58,96,83,85,81,66,82,92,55,66,64,63,68,58,76,78,54,50,77,65,65,66,56,58,55,82,71,109,62,61,82,78,72,57,61,67,63
66,65,65,46,56,60,64,59,62,72,67,62,65,91,58,75,73,59,53,96,59,58,71,86,45,58,65,69,70,84,63,83,70,63,67,90,53,65,69,56,60,68,49,59,51,47,67,65,62,75,89,72,1e+20,51,65,73,77,56,71,63,69,58,47,62,65,77,50,58,75,65,64,64,64,76,68,64,53,68,64,60,64,67,62,62,52,57,60,51,62,63,57,76,49,64,65,69,61,86,66,64,62,80,62,68,62
67,48,47,80,57,57,68,55,61,57,57,60,59,56,48,54,64,46,50,57,64,66,42,55,101,48,65,54,52,55,51,61,74,62,60,57,62,60,64,48,58,55,96,44,114,99,49,66,51,57,57,52,51,1e+20,51,67,55,48,58,48,60,64,86,55,61,52,84,47,54,62,56,60,62,43,59,58,125,60,61,48,56,45,47,59,106,72,66,46,62,48,88,51,81,57,53,54,62,52,56,58,60,49,42,58,48
80,61,85,55,64,89,88,85,74,74,88,66,86,69,62,84,82,64,62,69,81,83,60,61,53,58,75,70,62,70,109,64,66,72,88,63,73,78,81,59,59,77,51,60,58,49,68,72,80,67,65,88,65,51,1e+20,73,65,58,77,59,69,77,50,85,69,62,50,65,65,73,80,71,77,63,91,73,50,69,77,61,87,69,81,74,51,53,78,59,71,59,51,63,56,87,75,117,67,64,78,82,69,67,67,70,63
100,59,70,53,69,63,80,67,75,79,70,62,69,73,53,68,106,57,57,66,62,68,68,71,53,58,90,72,69,64,70,70,107,74,71,71,75,118,92,60,73,95,61,60,56,66,60,86,65,64,67,79,73,67,73,1e+20,69,53,67,58,83,79,66,69,76,67,71,57,63,68,75,96,74,69,77,79,59,83,75,54,58,62,106,87,69,52,77,60,81,57,56,67,61,72,85,79,75,74,72,60,117,70,60,76,58
70,50,67,48,54,68,72,64,51,71,64,85,66,93,62,76,68,53,52,81,72,64,79,70,47,57,72,55,64,103,60,92,73,54,65,90,60,68,67,55,52,63,52,54,52,46,47,66,75,86,98,62,77,55,65,69,1e+20,52,63,56,66,57,44,67,68,70,52,60,89,60,64,62,55,65,65,58,50,62,59,53,76,70,69,65,47,45,65,54,59,60,45,104,52,71,68,63,62,125,66,56,65,83,59,56,61
54,52,59,48,49,53,54,58,53,51,51,57,57,59,56,56,59,64,68,59,51,51,59,51,44,73,49,56,52,59,62,55,57,55,57,56,54,57,56,80,56,55,49,61,48,44,70,64,61,54,63,64,56,48,58,53,52,1e+20,63,62,56,61,44,65,52,58,46,48,56,65,60,59,51,56,58,63,49,60,62,56,61,56,60,58,51,46,49,54,60,66,50,57,46,52,62,62,48,51,56,58,60,50,68,54,64
61,65,58,45,61,63,57,70,65,70,73,65,67,62,64,59,72,59,62,67,53,70,58,62,49,63,67,64,81,65,85,68,72,64,59,68,73,63,71,61,72,69,51,62,55,51,60,78,57,63,62,97,71,58,77,67,63,63,1e+20,58,67,69,52,122,78,63,50,56,63,125,86,70,74,57,71,116,58,67,65,54,58,62,77,77,57,54,64,63,63,60,63,65,53,64,72,90,67,65,70,76,68,60,61,72,62
56,72,55,43,46,52,48,60,59,48,55,61,53,54,56,55,55,67,69,63,56,56,55,53,48,64,58,54,56,56,61,61,57,50,58,56,54,53,62,74,55,55,50,75,47,51,67,57,67,60,55,62,63,48,59,58,56,62,58,1e+20,56,52,47,55,54,58,44,65,49,59,57,64,55,54,55,60,52,48,63,61,60,50,63,64,45,44,61,73,49,64,42,54,48,57,64,63,59,58,55,54,61,57,68,58,59
73,60,67,55,71,64,66,76,68,65,69,70,68,64,64,67,70,50,57,62,63,65,63,64,63,51,75,67,63,61,73,57,85,78,68,68,64,74,85,62,66,70,63,50,61,54,49,78,63,68,71,71,69,60,69,83,66,56,67,56,1e+20,81,55,71,62,69,66,62,63,70,63,71,68,59,70,62,57,85,85,62,67,66,81,81,56,52,94,60,77,63,61,66,57,75,77,70,78,65,69,55,71,62,61,76,60
75,63,73,62,71,74,69,77,85,68,72,68,67,66,53,63,74,52,57,61,68,58,62,60,57,53,84,68,61,62,72,65,72,85,74,68,89,74,78,53,89,76,64,54,64,62,55,76,74,67,64,67,58,64,77,79,57,61,69,52,81,1e+20,55,72,76,66,65,51,57,65,69,66,68,64,71,70,57,73,80,49,74,59,78,75,67,57,89,49,90,53,63,61,60,67,77,69,69,62,68,64,77,69,61,93,56
49,44,56,91,55,57,53,54,67,53,61,52,55,48,51,57,59,45,49,48,65,71,49,58,89,47,57,67,67,39,59,55,61,56,58,51,63,56,54,49,62,62,78,48,84,94,48,67,55,54,50,53,47,86,50,66,44,44,52,47,55,55,1e+20,52,55,53,90,47,57,48,56,63,60,55,57,50,91,63,62,46,61,45,62,66,87,85,65,46,61,46,73,42,87,59,61,52,67,39,62,55,62,45,43,58,44
60,60,60,46,67,66,59,70,67,73,82,60,70,69,61,66,60,58,56,58,60,85,67,62,55,69,74,70,81,72,89,66,68,68,67,67,73,74,71,59,61,80,51,61,52,50,62,74,56,67,61,91,62,55,85,69,67,65,122,55,71,72,52,1e+20,69,64,48,59,61,111,91,72,76,62,75,113,58,67,64,59,61,60,74,78,51,54,68,58,69,58,55,65,55,63,76,89,69,69,79,81,67,60,60,73,62
81,54,81,60,63,86,85,71,63,126,89,64,83,74,53,87,77,51,50,67,76,99,74,65,62,52,73,67,92,67,77,68,63,66,87,69,66,71,68,49,63,71,52,48,59,57,53,65,67,67,67,80,65,61,69,76,68,52,78,54,62,76,55,69,1e+20,61,59,50,66,77,75,70,88,70,87,83,55,71,67,58,90,65,70,68,54,50,74,59,63,56,53,65,60,83,71,77,67,71,90,71,70,81,60,69,58
62,56,70,47,59,61,67,70,61,64,60,80,64,72,60,50,66,53,56,67,69,61,82,89,56,60,63,61,59,90,67,71,69,64,64,86,56,69,75,53,63,67,52,57,46,51,57,66,80,85,85,61,77,52,62,67,70,58,63,58,69,66,53,64,61,1e+20,45,60,86,64,63,65,75,84,62,64,54,56,63,68,59,73,66,64,54,57,57,56,63,54,48,72,50,68,70,62,62,73,65,62,65,77,54,63,57
62,46,68,72,57,49,62,48,53,58,49,49,65,45,45,58,57,45,46,51,57,52,59,45,78,47,57,54,64,50,54,49,52,61,63,41,57,61,51,50,56,47,85,48,101,107,44,59,49,52,51,52,50,84,50,71,52,46,50,44,66,65,90,48,59,45,1e+20,42,50,50,54,55,58,48,55,52,90,60,62,43,68,63,69,59,99,93,57,50,56,47,85,50,85,60,65,52,64,54,58,49,72,55,47,60,47
56,70,54,47,58,53,55,52,54,48,56,67,55,59,86,52,54,61,63,55,58,54,58,54,46,84,57,61,51,56,57,57,61,56,55,56,43,53,55,67,49,52,47,65,49,44,76,58,54,52,52,63,58,47,65,57,60,48,56,65,62,51,47,59,50,60,42,1e+20,56,55,53,58,56,56,57,55,49,56,59,72,55,56,54,56,48,50,52,68,59,80,48,51,45,56,59,56,55,60,55,55,58,56,67,53,93
63,59,65,40,59,70,67,61,60,61,60,104,68,79,61,75,67,61,63,70,89,78,98,90,58,66,64,61,65,78,66,79,77,62,55,73,55,66,64,59,64,73,49,52,58,50,56,65,84,82,93,58,75,54,65,63,89,56,63,49,63,57,57,61,66,86,50,56,1e+20,71,61,70,77,78,62,64,51,60,63,62,72,76,63,68,52,53,61,54,68,57,50,105,49,63,66,60,70,88,75,61,62,91,61,56,61
67,63,61,46,63,59,67,69,66,72,73,63,69,60,59,64,71,57,58,59,60,82,62,63,55,67,71,75,86,64,81,68,72,73,59,61,67,65,72,61,70,68,56,54,54,51,60,74,51,60,59,96,65,62,73,68,60,65,125,59,70,65,48,111,77,64,50,55,71,1e+20,90,69,77,56,70,128,58,68,63,59,63,64,74,77,57,54,67,61,67,62,57,64,49,71,72,91,65,64,75,79,73,63,59,63,67
78,54,74,52,64,76,75,75,71,74,72,61,71,69,57,68,77,59,61,56,69,69,65,57,60,59,67,70,68,67,84,58,72,65,72,62,75,69,67,59,72,80,50,61,58,51,56,72,72,62,61,83,64,56,80,75,64,60,86,57,63,69,56,91,75,63,54,53,61,90,1e+20,65,64,58,73,91,62,67,63,58,73,62,77,78,58,51,74,64,69,55,51,63,57,71,75,84,64,65,62,69,74,68,57,65,59
80,57,64,57,66,70,64,89,71,68,71,61,59,63,63,71,83,55,57,67,59,69,70,67,63,64,86,72,65,62,76,67,99,66,62,60,71,99,88,59,71,87,52,55,48,58,56,107,66,68,68,85,64,60,71,96,62,59,70,64,71,66,63,72,70,65,55,58,70,69,65,1e+20,70,63,64,73,65,75,82,55,63,61,99,105,52,63,71,60,71,61,61,68,65,66,94,79,72,62,75,66,98,65,57,74,62
68,54,94,57,65,81,91,73,67,88,108,72,103,56,52,81,64,53,60,66,85,116,72,74,63,59,64,66,101,59,86,65,70,71,91,65,68,68,72,53,65,69,65,53,51,67,56,71,70,62,56,81,64,62,77,74,55,51,74,55,68,68,60,76,88,75,58,56,77,77,64,70,1e+20,64,109,72,63,66,66,60,96,70,59,70,57,63,73,60,63,53,60,61,50,102,70,84,68,55,114,80,66,60,51,66,58
63,57,62,49,55,64,73,59,59,70,58,77,63,84,59,66,69,57,49,78,54,66,84,89,48,61,70,64,59,82,64,83,65,56,63,76,66,70,63,52,63,70,49,62,46,44,60,59,75,72,74,66,76,43,63,69,65,56,57,54,59,64,55,62,70,84,48,56,78,56,58,63,64,1e+20,66,58,48,61,55,62,64,70,63,66,47,50,56,59,61,53,49,80,56,66,63,71,57,83,63,61,71,79,57,67,55
69,57,92,62,61,91,113,69,68,74,122,73,108,78,50,115,59,60,56,69,78,108,68,68,51,54,70,68,72,72,82,69,64,74,123,70,69,76,76,55,58,65,60,58,63,58,59,69,82,62,68,82,68,59,91,77,65,58,71,55,70,71,57,75,87,62,55,57,62,70,73,64,109,66,1e+20,68,45,61,69,53,108,65,67,66,62,56,70,57,72,49,55,61,66,109,65,85,56,71,111,92,67,77,58,71,54
68,62,63,47,65,60,62,67,68,78,74,57,62,68,57,64,69,57,59,59,55,75,64,62,54,64,68,64,79,63,74,66,73,72,61,64,74,76,70,60,69,79,53,59,55,55,61,72,50,69,55,92,64,58,73,79,58,63,116,60,62,70,50,113,83,64,52,55,64,128,91,73,72,58,68,1e+20,59,67,65,55,62,64,71,77,57,54,65,64,64,63,56,61,55,64,74,89,72,65,73,75,72,61,58,62,61
54,47,56,75,52,64,58,59,65,55,51,58,51,47,50,45,66,45,46,55,66,67,50,49,116,51,54,54,65,51,60,56,66,53,48,49,66,58,60,49,59,63,87,46,100,98,45,68,48,51,47,55,53,125,50,59,50,49,58,52,57,57,91,58,55,54,90,49,51,58,62,65,63,48,45,59,1e+20,64,57,52,54,51,49,62,109,92,64,46,66,45,81,53,94,49,51,59,60,49,55,54,60,43,44,62,47
76,54,58,61,76,67,67,71,87,69,71,58,66,62,61,64,81,57,55,60,64,69,55,63,62,59,74,97,72,57,69,59,75,89,66,66,66,81,78,59,86,76,62,61,57,67,56,69,61,64,62,66,68,60,69,83,62,60,67,48,85,73,63,67,71,56,60,56,60,68,67,75,66,61,61,67,64,1e+20,82,59,64,63,77,74,53,57,82,56,86,57,60,65,64,70,73,68,77,65,70,62,77,63,55,81,64
71,57,68,62,74,68,63,72,91,61,66,65,69,64,53,66,66,58,59,61,64,65,55,67,65,61,74,69,54,60,73,65,69,91,73,59,81,76,84,55,69,72,67,57,65,57,57,80,62,68,65,64,64,61,77,75,59,62,65,63,85,80,62,64,67,63,62,59,63,63,63,82,66,55,69,65,57,82,1e+20,50,67,53,74,79,65,61,98,57,74,58,59,67,64,67,78,68,73,66,61,62,74,60,60,86,61
59,67,55,43,54,57,58,59,51,55,51,60,55,54,91,54,54,73,66,59,58,54,55,65,47,66,61,63,57,50,60,59,59,59,55,61,50,57,59,58,46,57,47,54,48,48,78,55,50,62,60,63,60,48,61,54,53,56,54,61,62,49,46,59,58,68,43,72,62,59,58,55,60,62,53,55,52,59,50,1e+20,49,62,48,55,47,49,50,66,56,71,44,56,47,52,54,60,55,54,62,58,46,55,64,57,65
79,62,118,66,63,94,98,71,65,88,96,73,113,70,52,113,62,54,49,73,92,106,73,50,53,56,65,66,71,70,78,53,60,65,108,72,65,68,61,53,58,62,60,56,67,64,57,70,91,65,73,68,64,56,87,58,76,61,58,60,67,74,61,61,90,59,68,55,72,63,73,63,96,64,108,62,54,64,67,49,1e+20,68,71,67,60,52,71,56,66,45,60,73,52,117,68,81,68,72,108,77,69,71,53,65,59
66,59,76,47,59,72,66,64,62,67,69,73,74,61,56,62,56,52,60,73,61,62,80,66,52,55,62,64,70,75,65,62,65,63,71,60,63,60,62,58,58,68,54,51,53,54,61,59,75,61,68,58,67,45,69,62,70,56,62,50,66,59,45,60,65,73,63,56,76,64,62,61,70,70,65,64,51,63,53,62,68,1e+20,65,67,47,55,57,60,61,56,53,79,50,70,69,62,66,58,73,69,65,75,49,62,58
84,58,67,55,64,64,67,83,76,70,65,60,67,67,62,66,104,59,57,69,67,59,63,65,56,58,94,75,72,68,79,66,80,77,69,66,69,97,78,63,76,70,54,59,59,63,56,89,71,70,68,76,62,47,81,106,69,60,77,63,81,78,62,74,70,66,69,54,63,74,77,99,59,63,67,71,49,77,74,48,71,65,1e+20,114,64,57,75,52,74,56,60,71,59,71,105,85,77,67,67,66,128,72,59,80,55
98,58,66,60,62,71,67,105,74,65,73,69,75,64,64,70,95,64,59,62,64,67,63,74,69,56,94,74,74,60,87,68,86,73,66,66,74,116,107,63,68,77,48,61,57,62,57,100,70,70,67,78,62,59,74,87,65,58,77,64,81,75,66,78,68,64,59,56,68,77,78,105,70,66,66,77,62,74,79,55,67,67,114,1e+20,62,57,77,63,77,62,59,69,69,71,103,78,76,63,73,68,108,63,54,77,56
65,45,59,78,58,57,61,57,64,52,57,58,61,52,46,58,62,48,46,54,61,56,49,52,83,49,61,58,53,49,54,50,62,66,66,52,49,49,65,45,61,56,102,45,108,103,44,63,55,56,49,54,52,106,51,69,47,51,57,45,56,67,87,51,54,54,99,48,52,57,58,52,57,47,62,57,109,53,65,47,60,47,64,62,1e+20,74,63,42,60,47,90,49,101,58,69,55,61,49,53,59,71,55,43,62,46
53,45,59,85,49,56,62,62,60,54,51,52,51,43,47,59,59,42,50,49,60,60,57,55,93,50,61,67,60,47,60,54,53,64,50,44,57,69,70,48,60,60,87,44,85,81,49,62,49,41,53,50,57,72,53,52,45,46,54,44,52,57,85,54,50,57,93,50,53,54,51,63,63,50,56,54,92,57,61,49,52,55,57,57,74,1e+20,52,46,58,49,85,41,73,51,55,53,55,46,59,61,49,46,43,58,50
74,52,64,53,70,66,66,86,77,69,70,70,65,67,58,71,75,52,50,59,71,73,73,63,64,55,83,69,62,62,69,65,93,78,67,65,81,74,87,57,66,75,69,51,64,58,54,78,64,66,60,77,60,66,78,77,65,49,64,61,94,89,65,68,74,57,57,52,61,67,74,71,73,56,70,65,64,82,98,50,71,57,75,77,63,52,1e+20,57,72,54,54,63,62,74,78,78,76,65,65,66,71,59,51,85,53
61,63,55,43,51,51,58,56,50,59,58,51,53,64,64,55,55,69,73,60,56,56,58,52,54,60,58,45,56,59,57,59,62,50,55,59,60,59,58,87,50,63,49,70,45,46,59,63,60,56,60,65,51,46,59,60,54,54,63,73,60,49,46,58,59,56,50,68,54,61,64,60,60,59,57,64,46,56,57,66,56,60,52,63,42,46,57,1e+20,50,52,46,55,47,54,67,57,54,56,54,56,61,63,70,48,82
78,57,67,54,69,71,66,76,83,63,63,59,68,65,60,70,75,59,61,62,76,59,61,69,63,60,77,74,66,55,71,66,73,95,62,59,69,71,80,53,82,79,56,51,61,55,58,73,68,64,68,65,62,62,71,81,59,60,63,49,77,90,61,69,63,63,56,59,68,67,69,71,63,61,72,64,66,86,74,56,66,61,74,77,60,58,72,50,1e+20,53,58,62,62,64,83,66,77,56,71,70,74,70,56,71,56
56,77,50,44,52,54,56,57,57,54,46,55,50,53,85,48,60,61,80,50,48,54,60,67,48,60,57,54,53,50,62,56,59,52,52,54,51,58,60,71,55,58,45,84,49,45,77,57,56,58,64,66,63,48,59,57,60,66,60,64,63,53,46,58,56,54,47,80,57,62,55,61,53,53,49,63,45,57,58,71,45,56,56,62,47,49,54,52,53,1e+20,45,53,49,50,54,58,57,56,50,57,61,50,82,58,90
51,50,57,87,58,53,61,63,61,51,58,54,57,51,48,61,62,46,48,47,41,56,52,53,72,51,58,56,62,56,54,52,61,61,65,49,57,52,60,47,61,53,95,48,87,86,47,66,48,50,49,56,57,88,51,56,45,50,63,42,61,63,73,55,53,48,85,48,50,57,51,61,60,49,55,56,81,60,59,44,60,53,60,59,90,85,54,46,58,45,1e+20,51,80,54,58,61,61,53,57,57,71,49,43,60,52
70,49,80,48,58,76,69,65,56,64,69,99,72,85,56,71,67,54,49,80,80,61,67,82,52,50,73,55,65,109,60,93,67,58,74,102,53,65,66,57,66,65,49,48,57,56,53,69,79,103,92,58,76,51,63,67,104,57,65,54,66,61,42,65,65,72,50,51,105,64,63,68,61,80,61,61,53,65,67,56,73,79,71,69,49,41,63,55,62,53,51,1e+20,57,66,62,63,66,111,67,58,68,87,58,55,61
49,44,61,67,57,63,52,61,60,63,65,47,56,56,45,63,58,49,40,52,50,57,46,53,86,46,63,56,67,51,52,46,55,67,59,56,57,64,64,45,53,62,93,48,77,79,47,66,61,61,50,55,49,81,56,61,52,46,53,48,57,60,87,55,60,50,85,45,49,49,57,65,50,56,66,55,94,64,64,47,52,50,59,69,101,73,62,47,62,49,80,57,1e+20,62,57,53,57,55,60,61,56,61,49,66,43
81,63,98,59,65,92,116,72,68,77,130,70,101,72,51,117,64,52,59,68,87,119,64,62,49,52,75,71,86,68,80,57,71,69,128,74,67,64,74,52,65,58,58,54,56,63,52,73,89,72,55,82,64,57,87,72,71,52,64,57,75,67,59,63,83,68,60,56,63,71,71,66,102,66,109,64,49,70,67,52,117,70,71,71,58,51,74,54,64,50,54,66,62,1e+20,69,84,60,78,121,84,72,67,51,70,58
89,62,68,61,62,60,58,93,68,65,67,70,68,71,56,66,85,57,60,67,69,62,71,67,62,61,98,74,71,71,73,63,92,72,67,68,75,72,96,65,66,101,56,62,61,59,62,81,73,71,62,71,65,53,75,85,68,62,72,64,77,77,61,76,71,70,65,59,66,72,75,94,70,63,65,74,51,73,78,54,68,69,105,103,69,55,78,67,83,54,58,62,57,69,1e+20,74,74,61,65,79,107,67,60,75,56
76,63,72,53,63,75,81,77,65,73,85,65,82,60,62,86,82,62,61,66,71,87,69,56,52,60,75,68,68,64,116,65,71,66,83,60,80,77,78,58,60,69,54,67,52,49,64,74,71,59,59,109,69,54,117,79,63,62,90,63,70,69,52,89,77,62,52,56,60,91,84,79,84,71,85,89,59,68,68,60,81,62,85,78,55,53,78,57,66,58,61,63,53,84,74,1e+20,62,63,82,80,80,60,59,66,63
66,56,72,60,76,61,71,71,87,67,62,69,71,58,58,72,76,62,49,65,62,63,61,60,60,55,76,78,72,56,71,59,72,81,67,55,74,85,65,59,76,72,57,57,65,67,58,70,57,59,59,62,61,62,67,75,62,48,67,59,78,69,67,69,67,62,64,55,70,65,64,72,68,57,56,72,60,77,73,55,68,66,77,76,61,55,76,54,77,57,61,66,57,60,74,62,1e+20,57,67,54,75,60,45,67,56
68,59,76,54,55,65,70,66,58,72,73,83,64,115,53,71,67,57,49,75,67,61,68,76,40,53,72,58,57,101,61,92,68,58,71,115,56,72,69,52,56,70,54,56,53,52,56,63,82,103,87,61,86,52,64,74,125,51,65,58,65,62,39,69,71,73,54,60,88,64,65,62,55,83,71,65,49,65,66,54,72,58,67,63,49,46,65,56,56,56,53,111,55,78,61,63,57,1e+20,67,62,69,87,55,58,57
66,60,91,55,67,94,91,72,63,89,118,76,101,68,58,108,64,50,53,67,77,121,73,67,59,55,60,73,106,63,76,66,72,68,102,74,66,71,70,51,63,55,50,50,66,65,53,74,74,71,65,82,66,56,78,72,66,56,70,55,69,68,62,79,90,65,58,55,75,75,62,75,114,63,111,73,55,70,61,62,108,73,67,73,53,59,65,54,71,50,57,67,60,121,65,82,67,67,1e+20,71,65,65,53,68,54
65,56,80,59,57,79,81,71,65,73,80,67,76,67,60,79,60,64,61,58,81,80,61,67,61,57,83,61,91,64,75,67,69,63,87,59,64,56,83,56,67,73,62,56,56,58,54,76,65,71,62,78,64,58,82,60,56,58,76,54,55,64,55,81,71,62,49,55,61,79,69,66,80,61,92,75,54,62,62,58,77,69,66,68,59,61,66,56,70,57,57,58,61,84,79,80,54,62,71,1e+20,55,64,59,62,57
100,58,67,61,66,67,64,86,69,69,65,62,69,66,60,67,112,59,56,67,61,64,65,64,55,61,96,72,72,67,77,69,91,72,68,69,72,109,80,57,74,81,63,61,60,65,58,77,68,67,70,72,62,60,69,117,65,60,68,61,71,77,62,67,70,65,72,58,62,73,74,98,66,71,67,72,60,77,74,46,69,65,128,108,71,49,71,61,74,61,71,68,56,72,107,80,75,69,65,55,1e+20,66,63,77,59
70,62,78,54,62,63,72,56,61,78,66,71,62,93,58,76,69,63,57,81,73,58,79,69,48,53,69,61,64,89,64,82,65,67,73,85,58,69,71,51,58,67,52,64,49,56,54,69,88,80,84,57,80,49,67,70,83,50,60,57,62,69,45,60,81,77,55,56,91,63,68,65,60,79,77,61,43,63,60,55,71,75,72,63,55,46,59,63,70,50,49,87,61,67,67,60,60,87,65,64,66,1e+20,56,65,54
55,70,55,44,50,60,54,54,53,53,54,47,53,59,84,57,59,62,62,54,49,56,57,56,46,60,59,52,56,64,56,57,55,59,56,56,51,61,56,66,51,55,42,66,42,46,93,54,53,61,58,61,62,42,67,60,59,68,61,68,61,61,43,60,60,54,47,67,61,59,57,57,51,57,58,58,44,55,60,64,53,49,59,54,43,43,51,70,56,82,43,58,49,51,60,59,45,55,53,59,63,56,1e+20,53,95
72,68,70,58,75,65,62,71,84,69,68,60,65,61,53,64,72,56,57,64,61,66,68,58,57,58,71,86,68,62,71,60,79,84,71,56,79,76,71,49,83,81,66,59,63,66,63,68,68,60,52,67,68,58,70,76,56,54,72,58,76,93,58,73,69,63,60,53,56,63,65,74,66,67,71,62,62,81,86,57,65,62,80,77,62,58,85,48,71,58,60,55,66,70,75,66,67,58,68,62,77,65,53,1e+20,53
66,76,56,49,54,48,57,57,63,53,50,65,57,65,93,57,59,65,67,53,54,56,64,63,44,87,59,62,57,55,58,56,58,58,56,63,49,56,57,65,50,65,44,79,47,47,80,61,55,58,60,63,62,48,63,58,61,64,62,59,60,56,44,62,58,57,47,93,61,67,59,62,58,55,54,61,47,64,61,65,59,58,55,56,46,50,53,82,56,90,52,61,43,58,56,63,56,57,54,57,59,54,95,53,1e+20
